編號,土地位置
NUMBER,BUILDINGLANDS
QPRNMLMJPHGGFDA87DG,玉泉段一小段875地號
QPRNMLMJPHGGFDA87DG,玉泉段一小段885地號
QPRNMLMJPHGGFDA87DG,玉泉段一小段886地號
QPRNMLMJPHGGFDA87DG,玉泉段一小段887地號
QPRNMLMJPHGGFDA87DG,玉泉段一小段888地號
QPRNMLMJPHGGFDA87DG,玉泉段一小段889地號
QPRNMLMJPHGGFDA87DG,玉泉段一小段890地號
QPRNMLMJPHGGFDA87DG,玉泉段一小段891地號
QPRNMLMJPHGGFDA87DG,玉泉段一小段892地號
QPRNMLMJPHGGFDA87DG,玉泉段一小段908-3地號
QPRNMLMJPHGGFDA87DG,玉泉段一小段908-7地號
QPRNMLMJPHGGFDA87DG,玉泉段一小段877地號
QPRNMLMJPHGGFDA87DG,玉泉段一小段908-8地號
QPRNMLMJPHGGFDA87DG,玉泉段一小段908-9地號
QPRNMLMJPHGGFDA87DG,玉泉段一小段908-10地號
QPRNMLMJPHGGFDA87DG,玉泉段一小段909-1地號
QPRNMLMJPHGGFDA87DG,玉泉段一小段910-4地號
QPRNMLMJPHGGFDA87DG,玉泉段一小段910-5地號
QPRNMLMJPHGGFDA87DG,玉泉段一小段910-6地號
QPRNMLMJPHGGFDA87DG,玉泉段一小段910-7地號
QPRNMLMJPHGGFDA87DG,玉泉段一小段878地號
QPRNMLMJPHGGFDA87DG,玉泉段一小段879地號
QPRNMLMJPHGGFDA87DG,玉泉段一小段880地號
QPRNMLMJPHGGFDA87DG,玉泉段一小段881地號
QPRNMLMJPHGGFDA87DG,玉泉段一小段882地號
QPRNMLMJPHGGFDA87DG,玉泉段一小段883地號
QPRNMLMJPHGGFDA87DG,玉泉段一小段884地號
SPRNMLPJPHGGFDA38DG,敦化段二小段4-1地號
SPRNMLPJPHGGFDA38DG,敦化段二小段16地號
SPRNMLPJPHGGFDA38DG,敦化段二小段32地號
SPRNMLPJPHGGFDA38DG,敦化段二小段33地號
SPRNMLPJPHGGFDA38DG,敦化段二小段34地號
SPRNMLPJPHGGFDA38DG,敦化段二小段36地號
SPRNMLPJPHGGFDA38DG,敦化段二小段36-3地號
SPRNMLPJPHGGFDA38DG,敦化段二小段37地號
TPPNMLPJPHGGFDA18CG,芝蘭段一小段321地號
TPPNMLPJPHGGFDA18CG,芝蘭段一小段325地號
TPPNMLPJPHGGFDA18CG,芝蘭段一小段326地號
TPPNMLPJPHGGFDA18CG,芝蘭段一小段329地號
TPPNMLPJPHGGFDA18CG,芝蘭段一小段330地號
TPPNMLPJPHGGFDA18CG,芝蘭段一小段331地號
TPPNMLPJPHGGFDA18CG,芝蘭段一小段332地號
TPPNMLPJPHGGFDA18CG,芝蘭段一小段333地號
SPQNMLPJPHGGFDA18CG,仁愛段六小段263-4地號
SPQNMLPJPHGGFDA18CG,仁愛段六小段516地號
SPQNMLPJPHGGFDA18CG,仁愛段六小段519地號
SPQNMLPJPHGGFDA18CG,仁愛段六小段520-1地號
SPQNMLPJPHGGFDA18CG,仁愛段六小段244-1地號
SPQNMLPJPHGGFDA18CG,仁愛段六小段263-5地號
SPQNMLPJPHGGFDA18CG,仁愛段六小段516-1地號
SPQNMLPJPHGGFDA18CG,仁愛段六小段520地號
SPQNMLPJPHGGFDA18CG,仁愛段六小段521地號
QPPNMLSJPHGGFDA28DG,美仁段二小段833地號
QPPNMLSJPHGGFDA28DG,美仁段二小段834-7地號
QPPNMLSJPHGGFDA28DG,美仁段二小段835地號
QPPNMLSJPHGGFDA28DG,美仁段二小段837地號
QPPNMLSJPHGGFDA28DG,美仁段二小段837-1地號
QPPNMLSJPHGGFDA28DG,美仁段二小段833-1地號
QPPNMLSJPHGGFDA28DG,美仁段二小段834地號
QPPNMLSJPHGGFDA28DG,美仁段二小段834-1地號
QPPNMLSJPHGGFDA28DG,美仁段二小段834-2地號
QPPNMLSJPHGGFDA28DG,美仁段二小段834-3地號
QPPNMLSJPHGGFDA28DG,美仁段二小段834-4地號
QPPNMLSJPHGGFDA28DG,美仁段二小段834-5地號
QPPNMLSJPHGGFDA28DG,美仁段二小段834-6地號
QPQNMLSJPHGGFDA28CG,振興段四小段168-3地號
QPQNMLSJPHGGFDA28CG,振興段四小段226地號
QPQNMLSJPHGGFDA28CG,振興段四小段227地號
QPQNMLSJPHGGFDA28CG,振興段四小段228地號
QPQNMLSJPHGGFDA28CG,振興段四小段229地號
QPQNMLSJPHGGFDA28CG,振興段四小段230地號
QPQNMLSJPHGGFDA28CG,振興段四小段231地號
QPQNMLSJPHGGFDA28CG,振興段四小段232地號
QPQNMLSJPHGGFDA28CG,振興段四小段233地號
QPQNMLSJPHGGFDA28CG,振興段四小段234地號
QPQNMLSJPHGGFDA28CG,振興段四小段235地號
QPQNMLSJPHGGFDA28CG,振興段四小段168-4地號
QPQNMLSJPHGGFDA28CG,振興段四小段236地號
QPQNMLSJPHGGFDA28CG,振興段四小段247地號
QPQNMLSJPHGGFDA28CG,振興段四小段251地號
QPQNMLSJPHGGFDA28CG,振興段四小段254地號
QPQNMLSJPHGGFDA28CG,振興段四小段255地號
QPQNMLSJPHGGFDA28CG,振興段四小段256地號
QPQNMLSJPHGGFDA28CG,振興段四小段257地號
QPQNMLSJPHGGFDA28CG,振興段四小段258地號
QPQNMLSJPHGGFDA28CG,振興段四小段259地號
QPQNMLSJPHGGFDA28CG,振興段四小段260地號
QPQNMLSJPHGGFDA28CG,振興段四小段168-5地號
QPQNMLSJPHGGFDA28CG,振興段四小段261地號
QPQNMLSJPHGGFDA28CG,振興段四小段262地號
QPQNMLSJPHGGFDA28CG,振興段四小段264-1地號
QPQNMLSJPHGGFDA28CG,振興段四小段266-1地號
QPQNMLSJPHGGFDA28CG,振興段四小段183地號
QPQNMLSJPHGGFDA28CG,振興段四小段215地號
QPQNMLSJPHGGFDA28CG,振興段四小段222地號
QPQNMLSJPHGGFDA28CG,振興段四小段223地號
QPQNMLSJPHGGFDA28CG,振興段四小段224地號
QPQNMLSJPHGGFDA28CG,振興段四小段225地號
QPRNMLSJPHGGFDA48DG,復興段三小段771地號
QPQNMLSJPHGGFDA38DG,光華段一小段194地號
QPQNMLSJPHGGFDA38DG,光華段一小段195地號
QPPNMLSJPHGGFDA18CG,關渡段二小段304地號
QPPNMLSJPHGGFDA18CG,關渡段二小段305地號
QPPNMLSJPHGGFDA18CG,關渡段二小段309地號
QPPNMLSJPHGGFDA18CG,關渡段二小段335-6地號
QPRNMLTJPHGGFDA48CG,奇岩段四小段78地號
QPRNMLTJPHGGFDA48CG,奇岩段四小段79地號
QPPNMLNKPHGGFDA77CG,興隆段一小段303地號
SPPNMLOKPHGGFDA18DG,大業段一小段411地號
SPPNMLOKPHGGFDA18DG,大業段一小段412地號
SPPNMLOKPHGGFDA18DG,大業段一小段416地號
SPPNMLOKPHGGFDA18DG,大業段一小段418地號
SPPNMLOKPHGGFDA18DG,大業段一小段419地號
SPPNMLOKPHGGFDA18DG,大業段一小段422地號
SPPNMLOKPHGGFDA18DG,大業段一小段423地號
SPPNMLOKPHGGFDA18DG,大業段一小段424地號
SPPNMLOKPHGGFDA18DG,大業段一小段425地號
QPPNMLOKPHGGFDA87CG,南港段三小段275地號
QPPNMLOKPHGGFDA87CG,南港段三小段284地號
QPPNMLOKPHGGFDA87CG,南港段三小段285地號
QPPNMLOKPHGGFDA87CG,南港段三小段286地號
QPPNMLOKPHGGFDA87CG,南港段三小段316-5地號
QPPNMLOKPHGGFDA87CG,南港段三小段317地號
QPPNMLOKPHGGFDA87CG,南港段三小段319-4地號
QPPNMLOKPHGGFDA87CG,南港段三小段276地號
QPPNMLOKPHGGFDA87CG,南港段三小段277地號
QPPNMLOKPHGGFDA87CG,南港段三小段278地號
QPPNMLOKPHGGFDA87CG,南港段三小段279地號
QPPNMLOKPHGGFDA87CG,南港段三小段280地號
QPPNMLOKPHGGFDA87CG,南港段三小段281地號
QPPNMLOKPHGGFDA87CG,南港段三小段282地號
QPPNMLOKPHGGFDA87CG,南港段三小段283地號
QPPNMLLLPHGGFDA77DG,振興段一小段16地號
QPPNMLLLPHGGFDA77DG,振興段一小段17地號
QPPNMLLLPHGGFDA77DG,振興段一小段18地號
QPPNMLLLPHGGFDA77DG,振興段一小段19地號
QPPNMLLLPHGGFDA77DG,振興段一小段21-3地號
QPPNMLLLPHGGFDA77DG,振興段一小段44-4地號
QPPNMLMLPHGGFDA77CG,玉成段一小段36-9地號
QPPNMLQLPHGGFDA18CG,溫泉段二小段248地號
QPPNMLRLPHGGFDA28CG,行義段四小段403地號
QPPNMLRLPHGGFDA28CG,行義段四小段404地號
QPPNMLRLPHGGFDA28CG,行義段四小段405地號
QPPNMLRLPHGGFDA28CG,行義段四小段406地號
QPPNMLRLPHGGFDA28CG,行義段四小段415地號
QPPNMLRLPHGGFDA28CG,行義段四小段417地號
QPPNMLRLPHGGFDA28CG,行義段四小段423地號
YPQNMLKMPHGGFDA68DG,圓環段一小段322地號
QPRNMLKMPHGGFDA97DG,中山段四小段22地號
SPPNMLPJQHGGFDA18CG,莒光段三小段268地號
SPPNMLPJQHGGFDA18CG,莒光段三小段307地號
SPPNMLPJQHGGFDA18CG,莒光段三小段275地號
SPPNMLPJQHGGFDA18CG,莒光段三小段298地號
SPPNMLPJQHGGFDA18CG,莒光段三小段302地號
SPPNMLPJQHGGFDA18CG,莒光段三小段308地號
SPPNMLPJQHGGFDA18CG,莒光段三小段272-1地號
SPPNMLPJQHGGFDA18CG,莒光段三小段309地號
SPPNMLPJQHGGFDA18CG,莒光段三小段305地號
SPPNMLPJQHGGFDA18CG,莒光段三小段271地號
SPPNMLPJQHGGFDA18CG,莒光段三小段303地號
SPPNMLPJQHGGFDA18CG,莒光段三小段276地號
SPPNMLPJQHGGFDA18CG,莒光段三小段224-2地號
SPPNMLPJQHGGFDA18CG,莒光段三小段272地號
SPPNMLPJQHGGFDA18CG,莒光段三小段279-1地號
SPPNMLPJQHGGFDA18CG,莒光段三小段304地號
SPPNMLPJQHGGFDA18CG,莒光段三小段311地號
SPPNMLPJQHGGFDA18CG,莒光段三小段280地號
SPPNMLPJQHGGFDA18CG,莒光段三小段300地號
SPPNMLPJQHGGFDA18CG,莒光段三小段306地號
SPPNMLPJQHGGFDA18CG,莒光段三小段198-4地號
SPPNMLPJQHGGFDA18CG,莒光段三小段310地號
SPPNMLPJQHGGFDA18CG,莒光段三小段279地號
SPPNMLPJQHGGFDA18CG,莒光段三小段267地號
SPPNMLPJQHGGFDA18CG,莒光段三小段240-3地號
SPPNMLPJQHGGFDA18CG,莒光段三小段276-1地號
SPPNMLPJQHGGFDA18CG,莒光段三小段301地號
QPPNMLTJQHGGFDA48DG,吉林段四小段482地號
QPPNMLTJQHGGFDA48DG,吉林段四小段483地號
QPPNMLTJQHGGFDA48DG,吉林段四小段484地號
QPPNMLTJQHGGFDA48DG,吉林段四小段485地號
QPPNMLTJQHGGFDA48DG,吉林段四小段486地號
QPPNMLTJQHGGFDA48DG,吉林段四小段487地號
QPPNMLTJQHGGFDA48DG,吉林段四小段488地號
RPPNMLTJQHGGFDA48CG,美仁段一小段451地號
RPPNMLTJQHGGFDA48CG,美仁段一小段452地號
RPPNMLTJQHGGFDA48CG,美仁段一小段453地號
RPPNMLTJQHGGFDA48CG,美仁段一小段454地號
RPPNMLSKQHGGFDA58DG,文林段三小段916地號
RPPNMLSKQHGGFDA58DG,文林段三小段917地號
RPPNMLSKQHGGFDA58DG,文林段三小段918地號
RPPNMLSKQHGGFDA58DG,文林段三小段919地號
RPPNMLSKQHGGFDA58DG,文林段三小段920地號
RPPNMLSKQHGGFDA58DG,文林段三小段921地號
RPPNMLSKQHGGFDA58DG,文林段三小段929地號
UPRNMLKLQHGGFDA28CG,雙連段三小段2地號
UPRNMLKLQHGGFDA28CG,雙連段三小段10地號
UPRNMLKLQHGGFDA28CG,雙連段三小段11地號
UPRNMLKLQHGGFDA28CG,雙連段三小段12地號
UPRNMLKLQHGGFDA28CG,雙連段三小段13地號
UPRNMLKLQHGGFDA28CG,雙連段三小段14地號
UPRNMLKLQHGGFDA28CG,雙連段三小段14-1地號
UPRNMLKLQHGGFDA28CG,雙連段三小段15地號
UPRNMLKLQHGGFDA28CG,雙連段三小段16地號
UPRNMLKLQHGGFDA28CG,雙連段三小段17地號
UPRNMLKLQHGGFDA28CG,雙連段三小段18地號
UPRNMLKLQHGGFDA28CG,雙連段三小段3地號
UPRNMLKLQHGGFDA28CG,雙連段三小段19地號
UPRNMLKLQHGGFDA28CG,雙連段三小段19-1地號
UPRNMLKLQHGGFDA28CG,雙連段三小段22-1地號
UPRNMLKLQHGGFDA28CG,雙連段三小段23地號
UPRNMLKLQHGGFDA28CG,雙連段三小段23-1地號
UPRNMLKLQHGGFDA28CG,雙連段三小段23-2地號
UPRNMLKLQHGGFDA28CG,雙連段三小段24地號
UPRNMLKLQHGGFDA28CG,雙連段三小段24-1地號
UPRNMLKLQHGGFDA28CG,雙連段三小段25地號
UPRNMLKLQHGGFDA28CG,雙連段三小段25-2地號
UPRNMLKLQHGGFDA28CG,雙連段三小段4地號
UPRNMLKLQHGGFDA28CG,雙連段三小段28地號
UPRNMLKLQHGGFDA28CG,雙連段三小段29地號
UPRNMLKLQHGGFDA28CG,雙連段三小段29-1地號
UPRNMLKLQHGGFDA28CG,雙連段三小段5地號
UPRNMLKLQHGGFDA28CG,雙連段三小段6地號
UPRNMLKLQHGGFDA28CG,雙連段三小段7地號
UPRNMLKLQHGGFDA28CG,雙連段三小段7-1地號
UPRNMLKLQHGGFDA28CG,雙連段三小段8地號
UPRNMLKLQHGGFDA28CG,雙連段三小段9地號
SPPNMLOLQHGGFDA28CG,天山段二小段139-2地號
QPPNMLRLQHGGFDA48DG,奇岩段三小段85地號
QPPNMLRLQHGGFDA48DG,奇岩段三小段111-9地號
QPPNMLRLQHGGFDA48DG,奇岩段三小段86地號
QPPNMLRLQHGGFDA48DG,奇岩段三小段88地號
QPPNMLRLQHGGFDA48DG,奇岩段三小段89地號
QPPNMLRLQHGGFDA48DG,奇岩段三小段94地號
QPPNMLRLQHGGFDA48DG,奇岩段三小段95地號
QPPNMLRLQHGGFDA48DG,奇岩段三小段96地號
QPPNMLRLQHGGFDA48DG,奇岩段三小段97地號
QPPNMLRLQHGGFDA48DG,奇岩段三小段101-1地號
SPPNMLKMQHGGFDA97CG,雙連段三小段811地號
SPPNMLKMQHGGFDA97CG,雙連段三小段824地號
SPPNMLKMQHGGFDA97CG,雙連段三小段825地號
SPPNMLKMQHGGFDA97CG,雙連段三小段826地號
SPPNMLKMQHGGFDA97CG,雙連段三小段827地號
SPPNMLKMQHGGFDA97CG,雙連段三小段828地號
SPPNMLKMQHGGFDA97CG,雙連段三小段829地號
SPPNMLKMQHGGFDA97CG,雙連段三小段830地號
SPPNMLKMQHGGFDA97CG,雙連段三小段831地號
SPPNMLKMQHGGFDA97CG,雙連段三小段832地號
SPPNMLKMQHGGFDA97CG,雙連段三小段833地號
SPPNMLKMQHGGFDA97CG,雙連段三小段812地號
SPPNMLKMQHGGFDA97CG,雙連段三小段813地號
SPPNMLKMQHGGFDA97CG,雙連段三小段814地號
SPPNMLKMQHGGFDA97CG,雙連段三小段815地號
SPPNMLKMQHGGFDA97CG,雙連段三小段816地號
SPPNMLKMQHGGFDA97CG,雙連段三小段817地號
SPPNMLKMQHGGFDA97CG,雙連段三小段818地號
SPPNMLKMQHGGFDA97CG,雙連段三小段823地號
SPPNMLMJRHGGFDA97CG,碧湖段三小段657-3地號
QPQNMLTJRHGGFDA68DG,正義段二小段316地號
QPQNMLTJRHGGFDA68DG,正義段二小段317地號
QPQNMLTJRHGGFDA68DG,正義段二小段318地號
QPQNMLTJRHGGFDA68DG,正義段二小段319地號
QPQNMLTJRHGGFDA68DG,正義段二小段320地號
QPQNMLTJRHGGFDA68DG,正義段二小段321地號
QPQNMLTJRHGGFDA68DG,正義段二小段322地號
QPQNMLTJRHGGFDA68DG,正義段二小段322-1地號
QPPNMLQKRHGGFDA28CG,漢中段一小段707地號
QPPNMLQKRHGGFDA28CG,漢中段一小段708地號
QPSNMLRKRHGGFDA68CG,仁愛段六小段306地號
QPSNMLRKRHGGFDA68CG,仁愛段六小段307地號
QPSNMLRKRHGGFDA68CG,仁愛段六小段308地號
QPPNMLKLRHGGFDA77CG,長安段一小段56-2地號
QPPNMLKLRHGGFDA77CG,長安段一小段57地號
QPPNMLKLRHGGFDA77CG,長安段一小段57-1地號
QPPNMLKLRHGGFDA77CG,長安段一小段57-2地號
UPPNMLNLRHGGFDA58DG,吉林段三小段259地號
UPPNMLNLRHGGFDA58DG,吉林段三小段260地號
UPPNMLNLRHGGFDA58DG,吉林段三小段261地號
UPPNMLNLRHGGFDA58DG,吉林段三小段262地號
UPPNMLNLRHGGFDA58DG,吉林段三小段263地號
UPPNMLNLRHGGFDA58DG,吉林段三小段264地號
QPPNMLOLRHGGFDA18CG,大同段二小段899地號
QPPNMLSLRHGGFDA58CG,福和段一小段492-1地號
QPPNMLSLRHGGFDA58CG,福和段一小段497地號
QPVNMLSLRHGGFDA66DG,延平段一小段503地號
QPVNMLSLRHGGFDA66DG,延平段一小段504地號
QPVNMLSLRHGGFDA66DG,延平段一小段505地號
QPVNMLSLRHGGFDA66DG,延平段一小段505-1地號
QPVNMLSLRHGGFDA66DG,延平段一小段506地號
QPVNMLSLRHGGFDA66DG,延平段一小段506-1地號
RPQNMLTLRHGGFDA88CG,永昌段五小段142-11地號
RPQNMLTLRHGGFDA88CG,永昌段五小段442-2地號
RPQNMLTLRHGGFDA88CG,永昌段五小段442-4地號
RPQNMLTLRHGGFDA88CG,永昌段五小段142-2地號
RPQNMLTLRHGGFDA88CG,永昌段五小段142-16地號
RPQNMLTLRHGGFDA88CG,永昌段五小段159地號
RPQNMLTLRHGGFDA88CG,永昌段五小段161地號
RPQNMLTLRHGGFDA88CG,永昌段五小段164地號
RPQNMLTLRHGGFDA88CG,永昌段五小段167地號
RPQNMLTLRHGGFDA88CG,永昌段五小段169地號
RPQNMLTLRHGGFDA88CG,永昌段五小段171地號
RPQNMLTLRHGGFDA88CG,永昌段五小段157-1地號
RPQNMLTLRHGGFDA88CG,永昌段五小段173地號
RPQNMLTLRHGGFDA88CG,永昌段五小段442-1地號
RPQNMLTLRHGGFDA88CG,永昌段五小段442-3地號
RPQNMLTLRHGGFDA88CG,永昌段五小段442-5地號
RPQNMLTLRHGGFDA88CG,永昌段五小段160地號
RPQNMLTLRHGGFDA88CG,永昌段五小段163地號
RPQNMLTLRHGGFDA88CG,永昌段五小段166地號
RPQNMLTLRHGGFDA88CG,永昌段五小段168地號
RPQNMLTLRHGGFDA88CG,永昌段五小段170地號
RPQNMLTLRHGGFDA88CG,永昌段五小段172地號
RPQNMLTLRHGGFDA88CG,永昌段五小段442地號
RPPNMLTLRHGGFDA78CG,天母段一小段231地號
QPSNMLSJIIGGFDA97DG,西松段一小段743地號
QPSNMLSJIIGGFDA97DG,西松段一小段764地號
QPSNMLSJIIGGFDA97DG,西松段一小段766地號
QPSNMLSJIIGGFDA97DG,西松段一小段767地號
QPSNMLSJIIGGFDA97DG,西松段一小段770地號
QPSNMLSJIIGGFDA97DG,西松段一小段771地號
QPSNMLSJIIGGFDA97DG,西松段一小段774地號
QPSNMLSJIIGGFDA97DG,西松段一小段775地號
QPSNMLSJIIGGFDA97DG,西松段一小段778地號
QPSNMLSJIIGGFDA97DG,西松段一小段779地號
QPSNMLSJIIGGFDA97DG,西松段一小段782地號
QPSNMLSJIIGGFDA97DG,西松段一小段747地號
QPSNMLSJIIGGFDA97DG,西松段一小段783地號
QPSNMLSJIIGGFDA97DG,西松段一小段786地號
QPSNMLSJIIGGFDA97DG,西松段一小段787地號
QPSNMLSJIIGGFDA97DG,西松段一小段789地號
QPSNMLSJIIGGFDA97DG,西松段一小段748地號
QPSNMLSJIIGGFDA97DG,西松段一小段751地號
QPSNMLSJIIGGFDA97DG,西松段一小段752地號
QPSNMLSJIIGGFDA97DG,西松段一小段755地號
QPSNMLSJIIGGFDA97DG,西松段一小段756地號
QPSNMLSJIIGGFDA97DG,西松段一小段760地號
QPSNMLSJIIGGFDA97DG,西松段一小段761地號
QPSNMLSJIIGGFDA87CG,木柵段一小段209地號
QPSNMLSJIIGGFDA87CG,木柵段一小段210地號
QPSNMLSJIIGGFDA87CG,木柵段一小段212地號
QPSNMLSJIIGGFDA87CG,木柵段一小段213地號
QPSNMLSJIIGGFDA87CG,木柵段一小段213-1地號
QPPNMLNKIIGGFDA17CG,崇仰段三小段193地號
QPSNMLOKIIGGFDA57CG,永平段三小段5地號
QPSNMLOKIIGGFDA57CG,永平段三小段37地號
QPSNMLOKIIGGFDA57CG,永平段三小段38地號
QPSNMLOKIIGGFDA57CG,永平段三小段6地號
QPSNMLOKIIGGFDA57CG,永平段三小段7地號
QPSNMLOKIIGGFDA57CG,永平段三小段8地號
QPSNMLOKIIGGFDA57CG,永平段三小段30-1地號
QPSNMLOKIIGGFDA57CG,永平段三小段30-2地號
QPSNMLOKIIGGFDA57CG,永平段三小段33-1地號
QPSNMLOKIIGGFDA57CG,永平段三小段35地號
QPSNMLOKIIGGFDA57CG,永平段三小段36地號
QPQNMLKLIIGGFDA17DG,玉泉段二小段40-2地號
QPQNMLKLIIGGFDA17DG,玉泉段二小段58地號
QPQNMLKLIIGGFDA17DG,玉泉段二小段60-2地號
QPQNMLKLIIGGFDA17DG,玉泉段二小段60-3地號
QPQNMLKLIIGGFDA17DG,玉泉段二小段61地號
QPQNMLKLIIGGFDA17DG,玉泉段二小段62地號
QPQNMLKLIIGGFDA17DG,玉泉段二小段63地號
QPQNMLKLIIGGFDA17DG,玉泉段二小段64地號
QPQNMLKLIIGGFDA17DG,玉泉段二小段65地號
QPQNMLKLIIGGFDA17DG,玉泉段二小段66地號
QPQNMLKLIIGGFDA17DG,玉泉段二小段67地號
QPQNMLKLIIGGFDA17DG,玉泉段二小段43地號
QPQNMLKLIIGGFDA17DG,玉泉段二小段68地號
QPQNMLKLIIGGFDA17DG,玉泉段二小段69地號
QPQNMLKLIIGGFDA17DG,玉泉段二小段70地號
QPQNMLKLIIGGFDA17DG,玉泉段二小段71地號
QPQNMLKLIIGGFDA17DG,玉泉段二小段72地號
QPQNMLKLIIGGFDA17DG,玉泉段二小段73地號
QPQNMLKLIIGGFDA17DG,玉泉段二小段74地號
QPQNMLKLIIGGFDA17DG,玉泉段二小段75地號
QPQNMLKLIIGGFDA17DG,玉泉段二小段75-4地號
QPQNMLKLIIGGFDA17DG,玉泉段二小段43-2地號
QPQNMLKLIIGGFDA17DG,玉泉段二小段44地號
QPQNMLKLIIGGFDA17DG,玉泉段二小段44-2地號
QPQNMLKLIIGGFDA17DG,玉泉段二小段51地號
QPQNMLKLIIGGFDA17DG,玉泉段二小段51-2地號
QPQNMLKLIIGGFDA17DG,玉泉段二小段52地號
QPQNMLKLIIGGFDA17DG,玉泉段二小段57地號
WPQNMLLLIIGGFDA77CG,長安段三小段673地號
RPPNMLLLIIGGFDA17CG,金華段二小段246地號
RPPNMLLLIIGGFDA17CG,金華段二小段247-1地號
RPPNMLLLIIGGFDA17CG,金華段二小段253-1地號
QPPNMLPLIIGGFDA47CG,三興段一小段973地號
QPPNMLPLIIGGFDA47CG,三興段一小段974地號
QPPNMLPLIIGGFDA47CG,三興段一小段975地號
QPPNMLPLIIGGFDA47CG,三興段一小段976地號
QPPNMLPLIIGGFDA47CG,三興段一小段977地號
QPPNMLPLIIGGFDA47CG,三興段一小段978地號
QPPNMLPLIIGGFDA47CG,三興段一小段979地號
QPPNMLPLIIGGFDA47CG,三興段一小段981地號
RPQNMLQLIIGGFDA77CG,溫泉段四小段533-5地號
RPQNMLQLIIGGFDA77CG,溫泉段四小段566地號
RPQNMLQLIIGGFDA77CG,溫泉段四小段567-1地號
RPQNMLQLIIGGFDA77CG,溫泉段四小段568地號
RPQNMLQLIIGGFDA77CG,溫泉段四小段569-1地號
RPQNMLQLIIGGFDA77CG,溫泉段四小段570地號
RPQNMLQLIIGGFDA77CG,溫泉段四小段572-1地號
RPQNMLQLIIGGFDA77CG,溫泉段四小段573地號
RPQNMLQLIIGGFDA77CG,溫泉段四小段576地號
RPQNMLQLIIGGFDA77CG,溫泉段四小段602地號
RPQNMLQLIIGGFDA77CG,溫泉段四小段602-1地號
RPQNMLQLIIGGFDA77CG,溫泉段四小段534-2地號
RPQNMLQLIIGGFDA77CG,溫泉段四小段602-2地號
RPQNMLQLIIGGFDA77CG,溫泉段四小段604地號
RPQNMLQLIIGGFDA77CG,溫泉段四小段605地號
RPQNMLQLIIGGFDA77CG,溫泉段四小段606地號
RPQNMLQLIIGGFDA77CG,溫泉段四小段607地號
RPQNMLQLIIGGFDA77CG,溫泉段四小段608地號
RPQNMLQLIIGGFDA77CG,溫泉段四小段609地號
RPQNMLQLIIGGFDA77CG,溫泉段四小段610地號
RPQNMLQLIIGGFDA77CG,溫泉段四小段611地號
RPQNMLQLIIGGFDA77CG,溫泉段四小段613地號
RPQNMLQLIIGGFDA77CG,溫泉段四小段559地號
RPQNMLQLIIGGFDA77CG,溫泉段四小段615地號
RPQNMLQLIIGGFDA77CG,溫泉段四小段617地號
RPQNMLQLIIGGFDA77CG,溫泉段四小段712地號
RPQNMLQLIIGGFDA77CG,溫泉段四小段712-1地號
RPQNMLQLIIGGFDA77CG,溫泉段四小段712-2地號
RPQNMLQLIIGGFDA77CG,溫泉段四小段712-4地號
RPQNMLQLIIGGFDA77CG,溫泉段四小段560地號
RPQNMLQLIIGGFDA77CG,溫泉段四小段561-1地號
RPQNMLQLIIGGFDA77CG,溫泉段四小段562地號
RPQNMLQLIIGGFDA77CG,溫泉段四小段563地號
RPQNMLQLIIGGFDA77CG,溫泉段四小段564地號
RPQNMLQLIIGGFDA77CG,溫泉段四小段565-1地號
VPPNMLRLIIGGFDA18CG,中山段三小段58地號
VPPNMLRLIIGGFDA18CG,中山段三小段59地號
VPPNMLRLIIGGFDA18CG,中山段三小段60地號
VPPNMLRLIIGGFDA18CG,中山段三小段61地號
VPPNMLRLIIGGFDA18CG,中山段三小段62地號
VPPNMLRLIIGGFDA18CG,中山段三小段71地號
RPQNMLLMIIGGFDA47DG,河堤段三小段688地號
RPPNMLNJJIGGFDA27CG,文林段三小段398地號
RPPNMLNJJIGGFDA27CG,文林段三小段399地號
RPPNMLNJJIGGFDA27CG,文林段三小段400地號
RPPNMLNJJIGGFDA27CG,文林段三小段401地號
RPPNMLNJJIGGFDA27CG,文林段三小段402地號
RPPNMLNJJIGGFDA27CG,文林段三小段403地號
RPPNMLNJJIGGFDA27CG,文林段三小段404地號
SPPNMLNJJIGGFDA47DG,仁愛段六小段418-2地號
SPPNMLNJJIGGFDA47DG,仁愛段六小段419地號
SPPNMLNJJIGGFDA47DG,仁愛段六小段420地號
SPPNMLNJJIGGFDA47DG,仁愛段六小段421地號
RPPNMLTJJIGGFDA97DG,百齡段六小段318-1地號
RPPNMLTJJIGGFDA97DG,百齡段六小段321-1地號
WPPNMLMKJIGGFDA77CG,寶清段二小段238-10地號
WPPNMLMKJIGGFDA77CG,寶清段二小段298-2地號
WPPNMLMKJIGGFDA77CG,寶清段二小段299地號
WPPNMLMKJIGGFDA77CG,寶清段二小段300地號
WPPNMLMKJIGGFDA77CG,寶清段二小段300-1地號
WPPNMLMKJIGGFDA77CG,寶清段二小段301地號
WPPNMLMKJIGGFDA77CG,寶清段二小段301-1地號
WPPNMLMKJIGGFDA77CG,寶清段二小段302地號
WPPNMLMKJIGGFDA77CG,寶清段二小段303地號
QPQNMLQKJIGGFDA77DG,三興段一小段973地號
QPQNMLQKJIGGFDA77DG,三興段一小段974地號
QPQNMLQKJIGGFDA77DG,三興段一小段975地號
QPQNMLQKJIGGFDA77DG,三興段一小段976地號
QPQNMLQKJIGGFDA77DG,三興段一小段977地號
QPQNMLQKJIGGFDA77DG,三興段一小段978地號
QPQNMLQKJIGGFDA77DG,三興段一小段979地號
QPQNMLQKJIGGFDA77DG,三興段一小段981地號
VPPNMLTKJIGGFDA48DG,豐年段二小段383地號
VPPNMLTKJIGGFDA48DG,豐年段二小段384地號
VPPNMLTKJIGGFDA48DG,豐年段二小段385地號
VPPNMLTKJIGGFDA48DG,豐年段二小段386地號
VPPNMLTKJIGGFDA48DG,豐年段二小段387地號
VPPNMLTKJIGGFDA48DG,豐年段二小段388地號
VPPNMLKMJIGGFDA67CG,碧湖段四小段963地號
TPPNMLLJKIGGFDA47DG,中山段三小段112地號
TPPNMLLJKIGGFDA47DG,中山段三小段113地號
TPPNMLLJKIGGFDA47DG,中山段三小段114地號
TPPNMLLJKIGGFDA47DG,中山段三小段115地號
TPPNMLLJKIGGFDA47DG,中山段三小段116地號
TPPNMLLJKIGGFDA47DG,中山段三小段138地號
TPPNMLLJKIGGFDA47DG,中山段三小段139地號
TPPNMLLJKIGGFDA47DG,中山段三小段140地號
TPPNMLLJKIGGFDA47DG,中山段三小段141地號
WPRNMLLJKIGGFDA97DG,圓環段三小段337地號
WPRNMLLJKIGGFDA97DG,圓環段三小段338地號
WPRNMLLJKIGGFDA97DG,圓環段三小段339地號
WPRNMLLJKIGGFDA97DG,圓環段三小段340地號
WPRNMLLJKIGGFDA97DG,圓環段三小段341地號
WPRNMLLJKIGGFDA97DG,圓環段三小段342地號
WPRNMLLJKIGGFDA97DG,圓環段三小段343地號
WPQNMLLJKIGGFDA87DG,萬大段一小段522地號
WPQNMLLJKIGGFDA87DG,萬大段一小段531地號
WPQNMLLJKIGGFDA87DG,萬大段一小段532地號
WPQNMLLJKIGGFDA87DG,萬大段一小段533地號
WPQNMLLJKIGGFDA87DG,萬大段一小段534地號
WPQNMLLJKIGGFDA87DG,萬大段一小段535地號
WPQNMLLJKIGGFDA87DG,萬大段一小段536地號
WPQNMLLJKIGGFDA87DG,萬大段一小段537地號
WPQNMLLJKIGGFDA87DG,萬大段一小段538地號
WPQNMLLJKIGGFDA87DG,萬大段一小段539地號
WPQNMLLJKIGGFDA87DG,萬大段一小段540地號
WPQNMLLJKIGGFDA87DG,萬大段一小段523地號
WPQNMLLJKIGGFDA87DG,萬大段一小段548地號
WPQNMLLJKIGGFDA87DG,萬大段一小段549地號
WPQNMLLJKIGGFDA87DG,萬大段一小段550地號
WPQNMLLJKIGGFDA87DG,萬大段一小段551地號
WPQNMLLJKIGGFDA87DG,萬大段一小段552地號
WPQNMLLJKIGGFDA87DG,萬大段一小段553地號
WPQNMLLJKIGGFDA87DG,萬大段一小段564地號
WPQNMLLJKIGGFDA87DG,萬大段一小段565地號
WPQNMLLJKIGGFDA87DG,萬大段一小段566地號
WPQNMLLJKIGGFDA87DG,萬大段一小段567地號
WPQNMLLJKIGGFDA87DG,萬大段一小段524地號
WPQNMLLJKIGGFDA87DG,萬大段一小段568地號
WPQNMLLJKIGGFDA87DG,萬大段一小段569地號
WPQNMLLJKIGGFDA87DG,萬大段一小段596地號
WPQNMLLJKIGGFDA87DG,萬大段一小段603地號
WPQNMLLJKIGGFDA87DG,萬大段一小段603-1地號
WPQNMLLJKIGGFDA87DG,萬大段一小段525地號
WPQNMLLJKIGGFDA87DG,萬大段一小段526地號
WPQNMLLJKIGGFDA87DG,萬大段一小段527地號
WPQNMLLJKIGGFDA87DG,萬大段一小段528地號
WPQNMLLJKIGGFDA87DG,萬大段一小段529地號
WPQNMLLJKIGGFDA87DG,萬大段一小段530地號
QPPNMLMJKIGGFDA27DG,文林段四小段461地號
QPPNMLMJKIGGFDA27DG,文林段四小段480地號
QPPNMLMJKIGGFDA27DG,文林段四小段481地號
QPPNMLMJKIGGFDA27DG,文林段四小段462地號
QPPNMLMJKIGGFDA27DG,文林段四小段463地號
QPPNMLMJKIGGFDA27DG,文林段四小段464地號
QPPNMLMJKIGGFDA27DG,文林段四小段475地號
QPPNMLMJKIGGFDA27DG,文林段四小段476地號
QPPNMLMJKIGGFDA27DG,文林段四小段477地號
QPPNMLMJKIGGFDA27DG,文林段四小段478地號
QPPNMLMJKIGGFDA27DG,文林段四小段479地號
RPPNMLNJKIGGFDA37CG,萬慶段二小段676-2地號
RPPNMLNJKIGGFDA37CG,萬慶段二小段679地號
RPPNMLNJKIGGFDA37CG,萬慶段二小段679-1地號
RPPNMLNJKIGGFDA37CG,萬慶段二小段680地號
RPPNMLNJKIGGFDA37CG,萬慶段二小段681地號
QPPNMLQJKIGGFDA67DG,懷生段二小段45地號
QPPNMLQJKIGGFDA67DG,懷生段二小段45-2地號
TPQNMLRJKIGGFDA08CG,學府段一小段593-2地號
TPQNMLRJKIGGFDA08CG,學府段一小段602地號
TPQNMLRJKIGGFDA08CG,學府段一小段603地號
TPQNMLRJKIGGFDA08CG,學府段一小段604地號
TPQNMLRJKIGGFDA08CG,學府段一小段605地號
TPQNMLRJKIGGFDA08CG,學府段一小段606地號
TPQNMLRJKIGGFDA08CG,學府段一小段607地號
TPQNMLRJKIGGFDA08CG,學府段一小段593-3地號
TPQNMLRJKIGGFDA08CG,學府段一小段596地號
TPQNMLRJKIGGFDA08CG,學府段一小段597地號
TPQNMLRJKIGGFDA08CG,學府段一小段597-1地號
TPQNMLRJKIGGFDA08CG,學府段一小段598地號
TPQNMLRJKIGGFDA08CG,學府段一小段599地號
TPQNMLRJKIGGFDA08CG,學府段一小段600地號
TPQNMLRJKIGGFDA08CG,學府段一小段601地號
QPPNMLRJKIGGFDA67CG,溫泉段四小段587地號
QPPNMLRJKIGGFDA67CG,溫泉段四小段591地號
QPPNMLRJKIGGFDA67CG,溫泉段四小段593地號
QPPNMLRJKIGGFDA67CG,溫泉段四小段596地號
QPPNMLRJKIGGFDA67CG,溫泉段四小段597地號
QPPNMLRJKIGGFDA67CG,溫泉段四小段598地號
QPPNMLRJKIGGFDA67CG,溫泉段四小段599地號
QPPNMLRJKIGGFDA67CG,溫泉段四小段600地號
QPPNMLRJKIGGFDA67CG,溫泉段四小段601地號
XQPNMLRJKIGGFDA58DG,南港段一小段20-1地號
XQPNMLRJKIGGFDA58DG,南港段一小段31-2地號
XQPNMLRJKIGGFDA58DG,南港段一小段32地號
XQPNMLRJKIGGFDA58DG,南港段一小段33地號
XQPNMLRJKIGGFDA58DG,南港段一小段64地號
XQPNMLRJKIGGFDA58DG,南港段一小段65地號
XQPNMLRJKIGGFDA58DG,南港段一小段66地號
XQPNMLRJKIGGFDA58DG,南港段一小段67地號
XQPNMLRJKIGGFDA58DG,南港段一小段68地號
XQPNMLRJKIGGFDA58DG,南港段一小段68-1地號
XQPNMLRJKIGGFDA58DG,南港段一小段69地號
XQPNMLRJKIGGFDA58DG,南港段一小段20-8地號
XQPNMLRJKIGGFDA58DG,南港段一小段70地號
XQPNMLRJKIGGFDA58DG,南港段一小段71地號
XQPNMLRJKIGGFDA58DG,南港段一小段71-1地號
XQPNMLRJKIGGFDA58DG,南港段一小段72地號
XQPNMLRJKIGGFDA58DG,南港段一小段73地號
XQPNMLRJKIGGFDA58DG,南港段一小段74地號
XQPNMLRJKIGGFDA58DG,南港段一小段75地號
XQPNMLRJKIGGFDA58DG,南港段一小段76地號
XQPNMLRJKIGGFDA58DG,南港段一小段77地號
XQPNMLRJKIGGFDA58DG,中南段一小段78地號
XQPNMLRJKIGGFDA58DG,南港段一小段20-9地號
XQPNMLRJKIGGFDA58DG,南港段一小段79地號
XQPNMLRJKIGGFDA58DG,南港段一小段80地號
XQPNMLRJKIGGFDA58DG,南港段一小段80-1地號
XQPNMLRJKIGGFDA58DG,南港段一小段81地號
XQPNMLRJKIGGFDA58DG,南港段一小段20-10地號
XQPNMLRJKIGGFDA58DG,南港段一小段20-11地號
XQPNMLRJKIGGFDA58DG,南港段一小段20-12地號
XQPNMLRJKIGGFDA58DG,南港段一小段20-13地號
XQPNMLRJKIGGFDA58DG,南港段一小段21地號
XQPNMLRJKIGGFDA58DG,南港段一小段22-2地號
QPQNMLTJKIGGFDA97CG,潭美段五小段140地號
QPQNMLTJKIGGFDA97CG,潭美段五小段141地號
QPQNMLTJKIGGFDA97CG,潭美段五小段141-1地號
QPQNMLTJKIGGFDA97CG,潭美段五小段143地號
QPQNMLTJKIGGFDA97CG,潭美段五小段144地號
QPQNMLTJKIGGFDA97CG,潭美段五小段145地號
QPPNMLTJKIGGFDA87CG,南海段一小段687-1地號
QPPNMLTJKIGGFDA87CG,南海段一小段701地號
QPPNMLTJKIGGFDA87CG,南海段一小段702地號
QPPNMLTJKIGGFDA87CG,南海段一小段688地號
QPPNMLTJKIGGFDA87CG,南海段一小段689地號
QPPNMLTJKIGGFDA87CG,南海段一小段690地號
QPPNMLTJKIGGFDA87CG,南海段一小段691地號
QPPNMLTJKIGGFDA87CG,南海段一小段692地號
QPPNMLTJKIGGFDA87CG,南海段一小段698地號
QPPNMLTJKIGGFDA87CG,南海段一小段699地號
QPPNMLTJKIGGFDA87CG,南海段一小段700地號
QPPNMLOKKIGGFDA47CG,萬芳段二小段662-4地號
QPPNMLOKKIGGFDA47CG,萬芳段二小段658地號
QPPNMLOKKIGGFDA47CG,萬芳段二小段658-4地號
QPPNMLOKKIGGFDA47CG,萬芳段二小段662地號
QPPNMLOKKIGGFDA47CG,萬芳段二小段662-1地號
QPPNMLOKKIGGFDA47CG,萬芳段二小段662-2地號
QPPNMLOKKIGGFDA47CG,萬芳段二小段664地號
QPPNMLOKKIGGFDA47CG,萬芳段二小段675地號
QPPNMLOKKIGGFDA47CG,萬芳段二小段676地號
QPPNMLOKKIGGFDA47CG,萬芳段二小段676-1地號
QPPNMLOKKIGGFDA47CG,萬芳段二小段677地號
QPPNMLOKKIGGFDA47CG,萬芳段二小段662-5地號
QPPNMLOKKIGGFDA47CG,萬芳段二小段677-1地號
QPPNMLOKKIGGFDA47CG,萬芳段二小段678地號
QPPNMLOKKIGGFDA47CG,萬芳段二小段679地號
QPPNMLOKKIGGFDA47CG,萬芳段二小段693地號
QPPNMLOKKIGGFDA47CG,萬芳段二小段664-1地號
QPPNMLOKKIGGFDA47CG,萬芳段二小段658-1地號
QPPNMLOKKIGGFDA47CG,萬芳段二小段658-2地號
QPPNMLOKKIGGFDA47CG,萬芳段二小段658-3地號
QPPNMLOKKIGGFDA47CG,萬芳段二小段658-5地號
QPPNMLOKKIGGFDA47CG,萬芳段二小段657-6地號
QPPNMLOKKIGGFDA47CG,萬芳段二小段657-1地號
QPQNMLQKKIGGFDA77CG,南港段三小段316-1地號
QPQNMLQKKIGGFDA77CG,南港段三小段316-3地號
QPQNMLQKKIGGFDA77CG,南港段三小段316-4地號
QPQNMLQKKIGGFDA77CG,南港段三小段319-5地號
TPQNMLRLKIGGFDA38DG,振興段三小段86地號
TPQNMLRLKIGGFDA38DG,振興段三小段87地號
TPQNMLRLKIGGFDA38DG,振興段三小段88地號
UPPNMLSLKIGGFDA38CG,軟橋段19地號
UPPNMLSLKIGGFDA38CG,軟橋段20地號
UPPNMLSLKIGGFDA38CG,軟橋段21地號
QPPNMLKMKIGGFDA27CG,中山段三小段182地號
QPPNMLKMKIGGFDA27CG,中山段三小段183地號
QPPNMLKMKIGGFDA27CG,中山段三小段184地號
QPPNMLKMKIGGFDA27CG,中山段三小段185地號
XPPNMLNJJHHGFDA87CG,延平段三小段749-9地號
XPPNMLNJJHHGFDA87CG,延平段三小段751地號
XPPNMLNJJHHGFDA87CG,延平段三小段752地號
XPPNMLNJJHHGFDA87CG,延平段三小段753地號
XPPNMLNJJHHGFDA87CG,延平段三小段754地號
XPPNMLNJJHHGFDA87CG,延平段三小段755地號
XPPNMLNJJHHGFDA87CG,延平段三小段756地號
XPPNMLNJJHHGFDA87CG,延平段三小段765-5地號
UPQNMLOJJHHGFDA77CG,北安段一小段165-2地號
UPQNMLOJJHHGFDA77CG,北安段一小段165-4地號
VPPNMLOJJHHGFDA77CG,龍泉段三小段431地號
QPQNMLQJJHHGFDA57CG,北安段一小段163地號
QPQNMLRJJHHGFDA67CG,北安段四小段125-1地號
QPQNMLRJJHHGFDA67CG,長安段四小段126地號
QPQNMLRJJHHGFDA67CG,長安段四小段126-1地號
QPQNMLRJJHHGFDA67CG,長安段四小段127地號
QPQNMLRJJHHGFDA67CG,長安段四小段127-1地號
QPQNMLRJJHHGFDA67CG,長安段四小段128地號
QPQNMLRJJHHGFDA67CG,長安段四小段128-1地號
QPQNMLRJJHHGFDA67CG,長安段四小段129地號
QPQNMLRJJHHGFDA67CG,長安段四小段129-1地號
RPPNMLTKJHHGFDA97CG,陽明段一小段20地號
RPPNMLTKJHHGFDA97CG,陽明段一小段29地號
RPPNMLTKJHHGFDA97CG,陽明段一小段30地號
RPPNMLTKJHHGFDA97CG,陽明段一小段21地號
RPPNMLTKJHHGFDA97CG,陽明段一小段22地號
RPPNMLTKJHHGFDA97CG,陽明段一小段23地號
RPPNMLTKJHHGFDA97CG,陽明段一小段24地號
RPPNMLTKJHHGFDA97CG,陽明段一小段25地號
RPPNMLTKJHHGFDA97CG,陽明段一小段26地號
RPPNMLTKJHHGFDA97CG,陽明段一小段27地號
RPPNMLTKJHHGFDA97CG,陽明段一小段28地號
QPQNMLLLJHHGFDA27CG,大業段三小段232地號
QPQNMLLLJHHGFDA27CG,大業段三小段233地號
QPQNMLLLJHHGFDA27CG,大業段三小段234地號
QPQNMLLLJHHGFDA27CG,大業段三小段235地號
QPQNMLLLJHHGFDA27CG,大業段三小段236地號
QPQNMLLLJHHGFDA27CG,大業段三小段237地號
QPQNMLLLJHHGFDA27CG,大業段三小段250地號
UPPNMLOLJHHGFDA87CG,新民段一小段194地號
UPPNMLOLJHHGFDA87CG,新民段一小段195地號
UPPNMLOLJHHGFDA87CG,新民段一小段198-2地號
TPPNMLRLJHHGFDA08CG,懷生段一小段33地號
TPPNMLRLJHHGFDA08CG,懷生段一小段57-8地號
TPPNMLRLJHHGFDA08CG,懷生段一小段162-3地號
TPPNMLRLJHHGFDA08CG,懷生段一小段34地號
TPPNMLRLJHHGFDA08CG,懷生段一小段35地號
TPPNMLRLJHHGFDA08CG,懷生段一小段36地號
TPPNMLRLJHHGFDA08CG,懷生段一小段37地號
TPPNMLRLJHHGFDA08CG,懷生段一小段38地號
TPPNMLRLJHHGFDA08CG,懷生段一小段57-3地號
TPPNMLRLJHHGFDA08CG,懷生段一小段57-6地號
TPPNMLRLJHHGFDA08CG,懷生段一小段57-7地號
QPQNMLSLJHHGFDA08DG,通化段一小段207地號
QPQNMLSLJHHGFDA08DG,通化段一小段208地號
QPPNMLRJKHHGFDA67CG,正義段一小段430地號
QPPNMLSJKHHGFDA87DG,懷生段四小段548地號
TPPNMLPKKHHGFDA87CG,復興段三小段238地號
SPPNMLNLKHHGFDA67CG,辛亥段四小段496-15地號
SPPNMLNLKHHGFDA67CG,辛亥段四小段511-6地號
SPPNMLNLKHHGFDA67CG,辛亥段四小段511-7地號
SPPNMLNLKHHGFDA67CG,辛亥段四小段512-2地號
SPPNMLNLKHHGFDA67CG,辛亥段四小段527-8地號
SPPNMLNLKHHGFDA67CG,辛亥段四小段507地號
SPPNMLNLKHHGFDA67CG,辛亥段四小段508地號
SPPNMLNLKHHGFDA67CG,辛亥段四小段509-2地號
SPPNMLNLKHHGFDA67CG,辛亥段四小段510地號
SPPNMLNLKHHGFDA67CG,辛亥段四小段510-1地號
SPPNMLNLKHHGFDA67CG,辛亥段四小段511-2地號
SPPNMLNLKHHGFDA67CG,辛亥段四小段511-3地號
SPPNMLNLKHHGFDA67CG,辛亥段四小段511-5地號
TPQNMLPLKHHGFDA08CG,和段三小段303地號
QPPNMLLJLHHGFDA17CG,立農段四小段383地號
QPPNMLLJLHHGFDA17CG,立農段四小段383-1地號
QPPNMLLJLHHGFDA17CG,立農段四小段384地號
QPPNMLLJLHHGFDA17CG,立農段四小段384-1地號
QPPNMLLJLHHGFDA17CG,立農段四小段385地號
QPPNMLLJLHHGFDA17CG,立農段四小段386地號
QPPNMLLJLHHGFDA17CG,立農段四小段387地號
QPPNMLLJLHHGFDA17CG,立農段四小段389地號
QPPNMLLJLHHGFDA17CG,立農段四小段389-1地號
SPQNMLLJLHHGFDA47CG,天母段二小段68-3地號
SPQNMLLJLHHGFDA47CG,天母段二小段68-4地號
SPQNMLLJLHHGFDA47CG,天母段二小段74地號
SPQNMLLJLHHGFDA47CG,天母段二小段75地號
SPQNMLLJLHHGFDA47CG,天母段二小段76地號
SPQNMLLJLHHGFDA47CG,天母段二小段77-1地號
SPQNMLLJLHHGFDA47CG,天母段二小段162-3地號
UPPNMLMJLHHGFDA77DG,天山段一小段293地號
UPPNMLMJLHHGFDA77DG,天山段一小段295地號
UPPNMLMJLHHGFDA77DG,天山段一小段296地號
YPPNMLTJLHHGFDA88DG,圓環段一小段219地號
YPPNMLPKLHHGFDA48CG,正義段一小段842-2地號
SPPNMLRKLHHGFDA08CG,金華段二小段347地號
SPPNMLRKLHHGFDA08CG,金華段二小段347-3地號
SPPNMLLLLHHGFDA57CG,大同段一小段610地號
SPPNMLLLLHHGFDA57CG,大同段一小段611地號
SPPNMLLLLHHGFDA57CG,大同段一小段612地號
RPPNMLMLLHHGFDA57CG,吉林段四小段64-3地號
RPPNMLMLLHHGFDA57CG,吉林段四小段96地號
RPPNMLMLLHHGFDA57CG,吉林段四小段97地號
RPPNMLMLLHHGFDA57CG,吉林段四小段97-3地號
RPPNMLMLLHHGFDA57CG,吉林段四小段97-4地號
RPPNMLMLLHHGFDA57CG,吉林段四小段99地號
RPPNMLMLLHHGFDA57CG,吉林段四小段100地號
RPPNMLMLLHHGFDA57CG,吉林段四小段102地號
RPPNMLMLLHHGFDA57CG,吉林段四小段103地號
RPPNMLMLLHHGFDA57CG,吉林段四小段104地號
RPPNMLMLLHHGFDA57CG,吉林段四小段105地號
RPPNMLMLLHHGFDA57CG,吉林段四小段78地號
RPPNMLMLLHHGFDA57CG,吉林段四小段106地號
RPPNMLMLLHHGFDA57CG,吉林段四小段107地號
RPPNMLMLLHHGFDA57CG,吉林段四小段108地號
RPPNMLMLLHHGFDA57CG,吉林段四小段109地號
RPPNMLMLLHHGFDA57CG,吉林段四小段110地號
RPPNMLMLLHHGFDA57CG,吉林段四小段79地號
RPPNMLMLLHHGFDA57CG,吉林段四小段80地號
RPPNMLMLLHHGFDA57CG,吉林段四小段81地號
RPPNMLMLLHHGFDA57CG,吉林段四小段82地號
RPPNMLMLLHHGFDA57CG,吉林段四小段83地號
RPPNMLMLLHHGFDA57CG,吉林段四小段95地號
RPPNMLMLLHHGFDA57CG,吉林段四小段95-1地號
RPQNMLMLLHHGFDA67CG,北安段一小段14-5地號
RPQNMLMLLHHGFDA67CG,北安段一小段15-2地號
RPQNMLMLLHHGFDA67CG,北安段一小段15-75地號
RPQNMLMLLHHGFDA67CG,北安段一小段15-81地號
RPQNMLMLLHHGFDA67CG,北安段一小段82-3地號
SPPNMLNLLHHGFDA77CG,石潭段四小段228-1地號
QPPNMLLMLHHGFDA47CG,大同段二小段210地號
QPPNMLLMLHHGFDA47CG,大同段二小段211地號
SPQNMLLJMHHGFDA67DG,軟橋段82地號
QPPNMLMKMHHGFDA47CG,陽明段一小段759-3地號
QPPNMLMKMHHGFDA47CG,陽明段一小段760地號
QPPNMLMKMHHGFDA47CG,陽明段一小段761地號
QPPNMLMKMHHGFDA47CG,陽明段一小段761-1地號
QPPNMLMKMHHGFDA47CG,陽明段一小段762地號
QPPNMLMKMHHGFDA47CG,陽明段一小段763地號
QPPNMLOKMHHGFDA67CG,經貿段8-1地號
QPPNMLOKMHHGFDA67CG,經貿段8-2地號
QPPNMLOKMHHGFDA67CG,經貿段8-3地號
TPPNMLPKMHHGFDA18DG,寶清段三小段698地號
TPPNMLPKMHHGFDA18DG,寶清段三小段699地號
XPPNMLSKMHHGFDA78CG,懷生段四小段322地號
XPPNMLSKMHHGFDA78CG,懷生段四小段328地號
WPPNMLLLMHHGFDA18DG,木柵段二小段535-2地號
WPPNMLLLMHHGFDA18DG,木柵段二小段538-3地號
WPPNMLLLMHHGFDA18DG,木柵段二小段543地號
WPPNMLLLMHHGFDA18DG,木柵段二小段535-1地號
QPPNMLMLMHHGFDA57CG,舊宗段83-2地號
QPPNMLMLMHHGFDA57CG,舊宗段83-11地號
QPPNMLMLMHHGFDA57CG,舊宗段83-12地號
UPQNMLPLMHHGFDA48DG,雅祥段四小段218-1地號
TPQNMLQJNHHGFDA28CG,瑞安段三小段650-3地號
QPPNMLLKNHHGFDA47CG,寶清段七小段469地號
XPQNMLLKNHHGFDA28CG,文昌段二小段217-1地號
XPQNMLLKNHHGFDA28CG,文昌段二小段218地號
XPQNMLLKNHHGFDA28CG,文昌段二小段219地號
XPQNMLLKNHHGFDA28CG,文昌段二小段220地號
XPQNMLLKNHHGFDA28CG,文昌段二小段221地號
XPQNMLLKNHHGFDA28CG,文昌段二小段222地號
XPQNMLLKNHHGFDA28CG,文昌段二小段226地號
XPQNMLLKNHHGFDA28CG,文昌段二小段226-1地號
QPQNMLNKNHHGFDA77CG,漢中段二小段5-6地號
QPQNMLNKNHHGFDA77CG,漢中段二小段5-11地號
QPQNMLNKNHHGFDA77CG,漢中段二小段8-1地號
QPQNMLNKNHHGFDA77CG,漢中段二小段8-2地號
QPQNMLNKNHHGFDA77CG,漢中段二小段8-7地號
QPPNMLNKNHHGFDA77DG,大龍段一小段482-1地號
QPPNMLNKNHHGFDA77DG,大龍段一小段483-3地號
QPPNMLNKNHHGFDA77DG,大龍段一小段483-4地號
QPPNMLNKNHHGFDA77DG,大龍段一小段484-8地號
QPPNMLNKNHHGFDA77DG,大龍段一小段484-9地號
RQPNMLNLNHHGFDA08DG,學府段一小段281地號
RQPNMLNLNHHGFDA08DG,學府段一小段281-9地號
RQPNMLNLNHHGFDA08DG,學府段一小段281-10地號
RQPNMLNLNHHGFDA08DG,學府段一小段281-11地號
RQPNMLNLNHHGFDA08DG,學府段一小段281-12地號
RQPNMLNLNHHGFDA08DG,學府段一小段281-13地號
RQPNMLNLNHHGFDA08DG,學府段一小段281-14地號
RQPNMLNLNHHGFDA08DG,學府段一小段281-15地號
RQPNMLNLNHHGFDA08DG,學府段一小段281-16地號
RQPNMLNLNHHGFDA08DG,學府段一小段281-17地號
RQPNMLNLNHHGFDA08DG,學府段一小段281-18地號
RQPNMLNLNHHGFDA08DG,學府段一小段281-1地號
RQPNMLNLNHHGFDA08DG,學府段一小段281-2地號
RQPNMLNLNHHGFDA08DG,學府段一小段281-3地號
RQPNMLNLNHHGFDA08DG,學府段一小段281-4地號
RQPNMLNLNHHGFDA08DG,學府段一小段281-5地號
RQPNMLNLNHHGFDA08DG,學府段一小段281-6地號
RQPNMLNLNHHGFDA08DG,學府段一小段281-7地號
RQPNMLNLNHHGFDA08DG,學府段一小段281-8地號
UPPNMLKMNHHGFDA08DG,雅祥段三小段61地號
UPPNMLKMNHHGFDA08DG,雅祥段三小段62地號
UPPNMLKMNHHGFDA08DG,雅祥段三小段63地號
UPPNMLKMNHHGFDA08DG,雅祥段三小段64地號
UPQNMLKMNHHGFDA08CG,蘭雅段三小段362地號
UPQNMLKMNHHGFDA08CG,蘭雅段三小段363地號
UPQNMLKMNHHGFDA08CG,蘭雅段三小段364地號
ZPPNMLLJOHHGFDA48DG,長安段一小段703-1地號
ZPPNMLLJOHHGFDA48DG,長安段一小段703-2地號
ZPPNMLLJOHHGFDA48DG,長安段一小段704地號
ZPPNMLLJOHHGFDA48DG,長安段一小段705地號
ZPPNMLLJOHHGFDA48DG,長安段一小段706地號
SPQNMLSJOHHGFDA58DG,中山段三小段58地號
SPQNMLSJOHHGFDA58DG,中山段三小段59地號
SPQNMLSJOHHGFDA58DG,中山段三小段60地號
SPQNMLSJOHHGFDA58DG,中山段三小段61地號
SPQNMLSJOHHGFDA58DG,中山段三小段62地號
SPQNMLSJOHHGFDA58DG,中山段三小段71地號
TPPNMLLKOHHGFDA87CG,直興段二小段501地號
TPPNMLLKOHHGFDA87CG,直興段二小段519地號
TPPNMLLKOHHGFDA87CG,直興段二小段520地號
TPPNMLLKOHHGFDA87CG,直興段二小段502地號
TPPNMLLKOHHGFDA87CG,直興段二小段503地號
TPPNMLLKOHHGFDA87CG,直興段二小段506地號
TPPNMLLKOHHGFDA87CG,直興段二小段507地號
TPPNMLLKOHHGFDA87CG,直興段二小段508地號
TPPNMLLKOHHGFDA87CG,直興段二小段509地號
TPPNMLLKOHHGFDA87CG,直興段二小段513地號
TPPNMLLKOHHGFDA87CG,直興段二小段514地號
QPQNMLQKOHHGFDA28DG,漢中段三小段899地號
QPQNMLQKOHHGFDA28DG,漢中段三小段902地號
QPQNMLQKOHHGFDA28DG,漢中段三小段903地號
QPQNMLQKOHHGFDA28DG,漢中段三小段904地號
UPPNMLRKOHHGFDA58CG,雙連段三小段690地號
UPPNMLRKOHHGFDA58CG,雙連段三小段729地號
UPPNMLRKOHHGFDA58CG,雙連段三小段730地號
UPPNMLRKOHHGFDA58CG,雙連段三小段731地號
UPPNMLRKOHHGFDA58CG,雙連段三小段732地號
UPPNMLRKOHHGFDA58CG,雙連段三小段733地號
UPPNMLRKOHHGFDA58CG,雙連段三小段734地號
UPPNMLRKOHHGFDA58CG,雙連段三小段735地號
UPPNMLRKOHHGFDA58CG,雙連段三小段736地號
UPPNMLRKOHHGFDA58CG,雙連段三小段737地號
UPPNMLRKOHHGFDA58CG,雙連段三小段738地號
UPPNMLRKOHHGFDA58CG,雙連段三小段691地號
UPPNMLRKOHHGFDA58CG,雙連段三小段739地號
UPPNMLRKOHHGFDA58CG,雙連段三小段739-1地號
UPPNMLRKOHHGFDA58CG,雙連段三小段739-2地號
UPPNMLRKOHHGFDA58CG,雙連段三小段739-3地號
UPPNMLRKOHHGFDA58CG,雙連段三小段739-4地號
UPPNMLRKOHHGFDA58CG,雙連段三小段739-5地號
UPPNMLRKOHHGFDA58CG,雙連段三小段739-6地號
UPPNMLRKOHHGFDA58CG,雙連段三小段739-8地號
UPPNMLRKOHHGFDA58CG,雙連段三小段739-9地號
UPPNMLRKOHHGFDA58CG,雙連段三小段740地號
UPPNMLRKOHHGFDA58CG,雙連段三小段692地號
UPPNMLRKOHHGFDA58CG,雙連段三小段740-1地號
UPPNMLRKOHHGFDA58CG,雙連段三小段740-2地號
UPPNMLRKOHHGFDA58CG,雙連段三小段740-3地號
UPPNMLRKOHHGFDA58CG,雙連段三小段740-4地號
UPPNMLRKOHHGFDA58CG,雙連段三小段740-5地號
UPPNMLRKOHHGFDA58CG,雙連段三小段741地號
UPPNMLRKOHHGFDA58CG,雙連段三小段742地號
UPPNMLRKOHHGFDA58CG,雙連段三小段743地號
UPPNMLRKOHHGFDA58CG,雙連段三小段744地號
UPPNMLRKOHHGFDA58CG,雙連段三小段744-1地號
UPPNMLRKOHHGFDA58CG,雙連段三小段693地號
UPPNMLRKOHHGFDA58CG,雙連段三小段697地號
UPPNMLRKOHHGFDA58CG,雙連段三小段698地號
UPPNMLRKOHHGFDA58CG,雙連段三小段726地號
UPPNMLRKOHHGFDA58CG,雙連段三小段727地號
UPPNMLRKOHHGFDA58CG,雙連段三小段728地號
TPPNMLLLOHHGFDA08DG,新光段二小段278-12地號
TPPNMLLLOHHGFDA08DG,新光段二小段278-13地號
TPPNMLLLOHHGFDA08DG,新光段二小段278-14地號
TPPNMLLLOHHGFDA08DG,新光段二小段278-15地號
RPPNMLMLOHHGFDA87CG,大同段二小段181地號
RPPNMLMLOHHGFDA87CG,大同段二小段194地號
RPPNMLMLOHHGFDA87CG,大同段二小段195地號
RPPNMLMLOHHGFDA87CG,大同段二小段196地號
RPPNMLMLOHHGFDA87CG,大同段二小段197地號
RPPNMLMLOHHGFDA87CG,大同段二小段198地號
RPPNMLMLOHHGFDA87CG,大同段二小段182地號
RPPNMLMLOHHGFDA87CG,大同段二小段183地號
RPPNMLMLOHHGFDA87CG,大同段二小段185地號
RPPNMLMLOHHGFDA87CG,大同段二小段186地號
RPPNMLMLOHHGFDA87CG,大同段二小段188地號
RPPNMLMLOHHGFDA87CG,大同段二小段189地號
RPPNMLMLOHHGFDA87CG,大同段二小段190地號
RPPNMLMLOHHGFDA87CG,大同段二小段191-1地號
RPPNMLOLOHHGFDA08CG,軟橋段41地號
RPPNMLOLOHHGFDA08CG,軟橋段42地號
SPPNMLRLOHHGFDA58DG,雙連段三小段357地號
SPPNMLRLOHHGFDA58DG,雙連段三小段359地號
SPPNMLRLOHHGFDA58DG,雙連段三小段360地號
SPPNMLRLOHHGFDA58DG,雙連段三小段360-1地號
SPPNMLRLOHHGFDA58DG,雙連段三小段360-2地號
SPPNMLRLOHHGFDA58DG,雙連段三小段361-1地號
SPPNMLRLOHHGFDA58DG,雙連段三小段361-2地號
SPPNMLRLOHHGFDA58DG,雙連段三小段361-3地號
SPPNMLRLOHHGFDA58DG,雙連段三小段365-1地號
SPPNMLRLOHHGFDA58DG,雙連段三小段365-2地號
SPPNMLRLOHHGFDA58DG,雙連段三小段365-3地號
SPPNMLRLOHHGFDA58DG,雙連段三小段358地號
SPPNMLRLOHHGFDA58DG,雙連段三小段365-4地號
SPPNMLRLOHHGFDA58DG,雙連段三小段365-5地號
SPPNMLRLOHHGFDA58DG,雙連段三小段365-6地號
SPPNMLRLOHHGFDA58DG,雙連段三小段365-7地號
SPPNMLRLOHHGFDA58DG,雙連段三小段365-8地號
SPPNMLRLOHHGFDA58DG,雙連段三小段365-9地號
SPPNMLRLOHHGFDA58DG,雙連段三小段365-10地號
SPPNMLRLOHHGFDA58DG,雙連段三小段365-11地號
SPPNMLRLOHHGFDA58DG,雙連段三小段365-12地號
SPPNMLRLOHHGFDA58DG,雙連段三小段365-13地號
SPPNMLRLOHHGFDA58DG,雙連段三小段358-1地號
SPPNMLRLOHHGFDA58DG,雙連段三小段365-14地號
SPPNMLRLOHHGFDA58DG,雙連段三小段365-15地號
SPPNMLRLOHHGFDA58DG,雙連段三小段365-16地號
SPPNMLRLOHHGFDA58DG,雙連段三小段365-17地號
SPPNMLRLOHHGFDA58DG,雙連段三小段365-18地號
SPPNMLRLOHHGFDA58DG,雙連段三小段365-19地號
SPPNMLRLOHHGFDA58DG,雙連段三小段365-20地號
SPPNMLRLOHHGFDA58DG,雙連段三小段365-21地號
SPPNMLRLOHHGFDA58DG,雙連段三小段365-22地號
SPPNMLRLOHHGFDA58DG,雙連段三小段365-77地號
SPPNMLRLOHHGFDA58DG,雙連段三小段358-2地號
SPPNMLRLOHHGFDA58DG,雙連段三小段365-78地號
SPPNMLRLOHHGFDA58DG,雙連段三小段365-80地號
SPPNMLRLOHHGFDA58DG,雙連段三小段365-82地號
SPPNMLRLOHHGFDA58DG,雙連段三小段365-79地號
SPPNMLRLOHHGFDA58DG,雙連段三小段358-3地號
SPPNMLRLOHHGFDA58DG,雙連段三小段358-4地號
SPPNMLRLOHHGFDA58DG,雙連段三小段358-5地號
SPPNMLRLOHHGFDA58DG,雙連段三小段358-6地號
SPPNMLRLOHHGFDA58DG,雙連段三小段358-7地號
TPPNMLSLOHHGFDA68CG,延平段三小段397地號
TPPNMLSLOHHGFDA68CG,延平段三小段407地號
TPPNMLSLOHHGFDA68CG,延平段三小段408地號
TPPNMLSLOHHGFDA68CG,延平段三小段409地號
TPPNMLSLOHHGFDA68CG,延平段三小段398地號
TPPNMLSLOHHGFDA68CG,延平段三小段399地號
TPPNMLSLOHHGFDA68CG,延平段三小段400地號
TPPNMLSLOHHGFDA68CG,延平段三小段401地號
TPPNMLSLOHHGFDA68CG,延平段三小段403地號
TPPNMLSLOHHGFDA68CG,延平段三小段404地號
TPPNMLSLOHHGFDA68CG,延平段三小段405地號
TPPNMLSLOHHGFDA68CG,延平段三小段406地號
SPPNMLKMOHHGFDA87CG,寶清段四小段20地號
SPPNMLKMOHHGFDA87CG,寶清段四小段22地號
SPPNMLMJPHHGFDA87CG,開明段三小段555地號
SPPNMLMJPHHGFDA87CG,開明段三小段566地號
SPPNMLMJPHHGFDA87CG,開明段三小段568地號
SPPNMLMJPHHGFDA87CG,開明段三小段569地號
SPPNMLMJPHHGFDA87CG,開明段三小段570地號
SPPNMLMJPHHGFDA87CG,開明段三小段561地號
SPPNMLMJPHHGFDA87CG,開明段三小段557地號
SPPNMLMJPHHGFDA87CG,開明段三小段558地號
SPPNMLMJPHHGFDA87CG,開明段三小段559地號
SPPNMLMJPHHGFDA87CG,開明段三小段560地號
SPPNMLMJPHHGFDA87CG,開明段三小段562地號
SPPNMLMJPHHGFDA87CG,開明段三小段564地號
SPPNMLMJPHHGFDA87CG,開明段三小段565-1地號
SPPNMLMJPHHGFDA87CG,開明段三小段565-2地號
RPPNMLNKPHHGFDA97CG,振興段三小段183地號
RPPNMLNKPHHGFDA97CG,振興段三小段185-1地號
RPPNMLNKPHHGFDA97CG,振興段三小段187地號
RPPNMLNKPHHGFDA97CG,振興段三小段189地號
RPPNMLNKPHHGFDA97CG,振興段三小段194地號
RPPNMLNKPHHGFDA97CG,振興段三小段196地號
RPPNMLNKPHHGFDA97CG,振興段三小段198地號
RPPNMLNKPHHGFDA97CG,振興段三小段185地號
RPPNMLNKPHHGFDA97CG,振興段三小段186地號
RPPNMLNKPHHGFDA97CG,振興段三小段188地號
RPPNMLNKPHHGFDA97CG,振興段三小段191地號
RPPNMLNKPHHGFDA97CG,振興段三小段195地號
RPPNMLNKPHHGFDA97CG,振興段三小段197地號
RPPNMLNKPHHGFDA97CG,振興段三小段182地號
RPPNMLNKPHHGFDA97CG,振興段三小段184地號
QPQNMLNKPHHGFDA97CG,舊宗段4-4地號
QPQNMLNKPHHGFDA97CG,舊宗段4-19地號
VPPNMLKLPHHGFDA18CG,陽明段二小段24地號
VPPNMLKLPHHGFDA18CG,陽明段二小段33地號
VPPNMLKLPHHGFDA18CG,陽明段二小段34地號
VPPNMLKLPHHGFDA18CG,陽明段二小段35地號
VPPNMLKLPHHGFDA18CG,陽明段二小段46地號
VPPNMLKLPHHGFDA18CG,陽明段二小段47地號
VPPNMLKLPHHGFDA18CG,陽明段二小段48地號
VPPNMLKLPHHGFDA18CG,陽明段二小段49地號
VPPNMLKLPHHGFDA18CG,陽明段二小段51地號
VPPNMLKLPHHGFDA18CG,陽明段二小段52地號
VPPNMLKLPHHGFDA18CG,陽明段二小段53地號
VPPNMLKLPHHGFDA18CG,陽明段二小段25地號
VPPNMLKLPHHGFDA18CG,陽明段二小段55地號
VPPNMLKLPHHGFDA18CG,陽明段二小段56地號
VPPNMLKLPHHGFDA18CG,陽明段二小段26地號
VPPNMLKLPHHGFDA18CG,陽明段二小段27地號
VPPNMLKLPHHGFDA18CG,陽明段二小段28地號
VPPNMLKLPHHGFDA18CG,陽明段二小段29地號
VPPNMLKLPHHGFDA18CG,陽明段二小段30地號
VPPNMLKLPHHGFDA18CG,陽明段二小段31地號
VPPNMLKLPHHGFDA18CG,陽明段二小段32地號
QQQNMLKLPHHGFDA87CG,正義段二小段482地號
QQQNMLKLPHHGFDA87CG,正義段二小段483地號
QQQNMLKLPHHGFDA87CG,正義段二小段484地號
QQQNMLKLPHHGFDA87CG,正義段二小段485地號
QQQNMLKLPHHGFDA87CG,正義段二小段486地號
QQQNMLKLPHHGFDA87CG,正義段二小段487地號
QQQNMLKLPHHGFDA87CG,正義段二小段488地號
UPPNMLKLPHHGFDA18DG,吉林段三小段228-1地號
UPPNMLKLPHHGFDA18DG,吉林段三小段237地號
UPPNMLKLPHHGFDA18DG,吉林段三小段238地號
UPPNMLKLPHHGFDA18DG,吉林段三小段239地號
UPPNMLKLPHHGFDA18DG,吉林段三小段240地號
UPPNMLKLPHHGFDA18DG,吉林段三小段241地號
UPPNMLKLPHHGFDA18DG,吉林段三小段241-1地號
UPPNMLKLPHHGFDA18DG,吉林段三小段229地號
UPPNMLKLPHHGFDA18DG,吉林段三小段230地號
UPPNMLKLPHHGFDA18DG,吉林段三小段231地號
UPPNMLKLPHHGFDA18DG,吉林段三小段232地號
UPPNMLKLPHHGFDA18DG,吉林段三小段233地號
UPPNMLKLPHHGFDA18DG,吉林段三小段234地號
UPPNMLKLPHHGFDA18DG,吉林段三小段235地號
UPPNMLKLPHHGFDA18DG,吉林段三小段236地號
UPPNMLTLPHHGFDA09DG,玉泉段二小段566地號
UPPNMLTLPHHGFDA09DG,玉泉段二小段567地號
UPPNMLTLPHHGFDA09DG,玉泉段二小段568地號
UPPNMLTLPHHGFDA09DG,玉泉段二小段569地號
UPPNMLTLPHHGFDA09DG,玉泉段二小段569-1地號
UPPNMLTLPHHGFDA09DG,玉泉段二小段570地號
UPPNMLTLPHHGFDA09DG,玉泉段二小段571地號
QPPNMLTLPHHGFDA58CG,文昌段一小段214地號
QPPNMLTLPHHGFDA58CG,文昌段一小段215地號
QPPNMLTLPHHGFDA58CG,文昌段一小段216地號
QPPNMLMJQHHGFDA77CG,舊宗段54-22地號
QPPNMLNJQHHGFDA87CG,康寧段四小段197地號
QPPNMLNJQHHGFDA87CG,康寧段四小段198-2地號
WPPNMLOJQHHGFDA58CG,文德段一小段111地號
QPPNMLPJQHHGFDA08CG,長安段二小段337地號
UPPNMLRJQHHGFDA78DG,敦化段三小段631地號
UPPNMLRJQHHGFDA78DG,敦化段三小段636地號
VPQNMLKKQHHGFDA28CG,文林段三小段839地號
VPQNMLKKQHHGFDA28CG,文林段三小段840地號
VPQNMLKKQHHGFDA28CG,文林段三小段841地號
VPQNMLKKQHHGFDA28CG,文林段三小段842地號
VPQNMLKKQHHGFDA28CG,文林段三小段842-1地號
QPQNMLPKQHHGFDA38DG,木柵段一小段194-1地號
VPPNMLQKQHHGFDA78CG,中南段二小段609地號
VPPNMLQKQHHGFDA78CG,中南段二小段609-1地號
RPPNMLRKQHHGFDA48CG,軟橋段80地號
TPQNMLRKQHHGFDA78CG,福林段三小段457地號
TPQNMLRKQHHGFDA78CG,福林段三小段466地號
TPQNMLRKQHHGFDA78CG,福林段三小段467地號
TPQNMLRKQHHGFDA78CG,福林段三小段469地號
TPQNMLRKQHHGFDA78CG,福林段三小段469-1地號
TPQNMLRKQHHGFDA78CG,福林段三小段469-3地號
TPQNMLRKQHHGFDA78CG,福林段三小段470地號
TPQNMLRKQHHGFDA78CG,福林段三小段471地號
TPQNMLRKQHHGFDA78CG,福林段三小段457-2地號
TPQNMLRKQHHGFDA78CG,福林段三小段458地號
TPQNMLRKQHHGFDA78CG,福林段三小段459地號
TPQNMLRKQHHGFDA78CG,福林段三小段460地號
TPQNMLRKQHHGFDA78CG,福林段三小段460-1地號
TPQNMLRKQHHGFDA78CG,福林段三小段463地號
TPQNMLRKQHHGFDA78CG,福林段三小段464地號
TPQNMLRKQHHGFDA78CG,福林段三小段465地號
YPPNMLNLQHHGFDA88CG,實踐段一小段312-4地號
YPPNMLNLQHHGFDA88CG,實踐段一小段313-11地號
UPQNMLPLQHHGFDA78CG,河堤段六小段487-1地號
UPQNMLPLQHHGFDA78CG,河堤段六小段498地號
UPQNMLPLQHHGFDA78CG,河堤段六小段488地號
UPQNMLPLQHHGFDA78CG,河堤段六小段488-2地號
UPQNMLPLQHHGFDA78CG,河堤段六小段489地號
UPQNMLPLQHHGFDA78CG,河堤段六小段490地號
UPQNMLPLQHHGFDA78CG,河堤段六小段490-1地號
UPQNMLPLQHHGFDA78CG,河堤段六小段491地號
UPQNMLPLQHHGFDA78CG,河堤段六小段495地號
UPQNMLPLQHHGFDA78CG,河堤段六小段496地號
TPQNMLQLQHHGFDA78CG,奇岩段三小段511地號
TPQNMLQLQHHGFDA78CG,奇岩段三小段512地號
TPQNMLQLQHHGFDA78CG,奇岩段三小段513地號
TPQNMLQLQHHGFDA78CG,奇岩段三小段514地號
TPQNMLQLQHHGFDA78CG,奇岩段三小段515地號
TPQNMLQLQHHGFDA78CG,奇岩段三小段516地號
TPQNMLQLQHHGFDA78CG,奇岩段三小段517地號
TPQNMLQLQHHGFDA78CG,奇岩段三小段518地號
VPPNMLLMQHHGFDA48CG,城中段一小段216地號
VPPNMLLMQHHGFDA48CG,城中段一小段225-2地號
VPPNMLLMQHHGFDA48CG,城中段一小段225地號
VPPNMLLMQHHGFDA48CG,城中段一小段227-2地號
VPPNMLLMQHHGFDA48CG,城中段一小段227地號
VPPNMLLMQHHGFDA48CG,城中段一小段233地號
VPPNMLLMQHHGFDA48CG,城中段一小段234地號
VPPNMLLMQHHGFDA48CG,城中段一小段235地號
VPPNMLLMQHHGFDA48CG,城中段一小段236地號
VPPNMLLMQHHGFDA48CG,城中段一小段237地號
VPPNMLLMQHHGFDA48CG,城中段一小段240地號
VPPNMLLMQHHGFDA48CG,城中段一小段217地號
VPPNMLLMQHHGFDA48CG,城中段一小段241地號
VPPNMLLMQHHGFDA48CG,城中段一小段242地號
VPPNMLLMQHHGFDA48CG,城中段一小段245-2地號
VPPNMLLMQHHGFDA48CG,城中段一小段245-3地號
VPPNMLLMQHHGFDA48CG,城中段一小段218地號
VPPNMLLMQHHGFDA48CG,城中段一小段219-1地號
VPPNMLLMQHHGFDA48CG,城中段一小段220-3地號
VPPNMLLMQHHGFDA48CG,城中段一小段220地號
VPPNMLLMQHHGFDA48CG,城中段一小段221地號
VPPNMLLMQHHGFDA48CG,城中段一小段222地號
VPPNMLLMQHHGFDA48CG,城中段一小段223地號
SPPNMLMJRHHGFDA18DG,木柵段一小段774地號
SPPNMLMJRHHGFDA18DG,木柵段一小段782地號
SPPNMLMJRHHGFDA18DG,木柵段一小段776地號
SPPNMLMJRHHGFDA18DG,木柵段一小段778地號
SPPNMLMJRHHGFDA18DG,木柵段一小段780地號
SPPNMLMJRHHGFDA18DG,木柵段一小段783地號
SPPNMLMJRHHGFDA18DG,木柵段一小段771地號
SPPNMLMJRHHGFDA18DG,木柵段一小段775地號
SPPNMLMJRHHGFDA18DG,木柵段一小段777地號
SPPNMLMJRHHGFDA18DG,木柵段一小段779地號
TPPNMLSJRHHGFDA78CG,芝蘭段四小段160-2地號
TPPNMLSJRHHGFDA78CG,芝蘭段四小段161-1地號
TPPNMLSJRHHGFDA78CG,芝蘭段四小段162地號
TPPNMLSJRHHGFDA78CG,芝蘭段四小段169-1地號
QPPNMLOKRHHGFDA18CG,華中段二小段191-1地號
QPPNMLOKRHHGFDA18CG,華中段二小段191-2地號
QPPNMLKLRHHGFDA87CG,碧湖段二小段193-4地號
QPPNMLKLRHHGFDA87CG,碧湖段二小段195地號
QPPNMLKLRHHGFDA87CG,碧湖段二小段210地號
QPPNMLKLRHHGFDA87CG,碧湖段二小段212地號
QPPNMLKLRHHGFDA87CG,碧湖段二小段214地號
XPQNMLQLRHHGFDA66CG,復興段三小段3-1地號
RPRNMLQLRHHGFDA78CG,漢中段二小段5-15地號
RPRNMLQLRHHGFDA78CG,漢中段二小段8-10地號
RPRNMLQLRHHGFDA78CG,漢中段二小段8-11地號
WPPNMLRLRHHGFDA66DG,開明段二小段545地號
WPPNMLRLRHHGFDA66DG,開明段二小段554地號
WPPNMLRLRHHGFDA66DG,開明段二小段555地號
WPPNMLRLRHHGFDA66DG,開明段二小段546地號
WPPNMLRLRHHGFDA66DG,開明段二小段547地號
WPPNMLRLRHHGFDA66DG,開明段二小段548地號
WPPNMLRLRHHGFDA66DG,開明段二小段549地號
WPPNMLRLRHHGFDA66DG,開明段二小段550地號
WPPNMLRLRHHGFDA66DG,開明段二小段551地號
WPPNMLRLRHHGFDA66DG,開明段二小段552地號
WPPNMLRLRHHGFDA66DG,開明段二小段553地號
TPPNMLLKIIHGFDA37CG,仁愛段一小段115地號
TPPNMLLKIIHGFDA37CG,仁愛段一小段124地號
TPPNMLLKIIHGFDA37CG,仁愛段一小段125地號
TPPNMLLKIIHGFDA37CG,仁愛段一小段126地號
TPPNMLLKIIHGFDA37CG,仁愛段一小段127地號
TPPNMLLKIIHGFDA37CG,仁愛段一小段128地號
TPPNMLLKIIHGFDA37CG,仁愛段一小段131地號
TPPNMLLKIIHGFDA37CG,仁愛段一小段116地號
TPPNMLLKIIHGFDA37CG,仁愛段一小段117地號
TPPNMLLKIIHGFDA37CG,仁愛段一小段118地號
TPPNMLLKIIHGFDA37CG,仁愛段一小段119地號
TPPNMLLKIIHGFDA37CG,仁愛段一小段120地號
TPPNMLLKIIHGFDA37CG,仁愛段一小段121地號
TPPNMLLKIIHGFDA37CG,仁愛段一小段122地號
TPPNMLLKIIHGFDA37CG,仁愛段一小段123地號
QPPNMLNKIIHGFDA27CG,懷生段一小段727地號
QPPNMLNKIIHGFDA27CG,懷生段一小段744地號
QPPNMLNKIIHGFDA27CG,懷生段一小段745地號
QPPNMLNKIIHGFDA27CG,懷生段一小段746地號
QPPNMLNKIIHGFDA27CG,懷生段一小段751地號
QPPNMLNKIIHGFDA27CG,懷生段一小段752地號
QPPNMLNKIIHGFDA27CG,懷生段一小段753地號
QPPNMLNKIIHGFDA27CG,懷生段一小段754地號
QPPNMLNKIIHGFDA27CG,懷生段一小段755地號
QPPNMLNKIIHGFDA27CG,懷生段一小段728地號
QPPNMLNKIIHGFDA27CG,懷生段一小段729地號
QPPNMLNKIIHGFDA27CG,懷生段一小段734地號
QPPNMLNKIIHGFDA27CG,懷生段一小段735地號
QPPNMLNKIIHGFDA27CG,懷生段一小段736地號
QPPNMLNKIIHGFDA27CG,懷生段一小段737地號
QPPNMLNKIIHGFDA27CG,懷生段一小段742地號
QPPNMLNKIIHGFDA27CG,懷生段一小段743地號
TPPNMLOLIIHGFDA87DG,中正段二小段22地號
RQPNMLSJJIHGFDA97CG,文昌段二小段15地號
RQPNMLSJJIHGFDA97CG,文昌段二小段16地號
RQPNMLSJJIHGFDA97CG,文昌段二小段17地號
RQPNMLSJJIHGFDA97CG,文昌段二小段25-6地號
RPPNMLQKJIHGFDA77CG,百齡段三小段384-5地號
RPPNMLQKJIHGFDA77CG,百齡段三小段504地號
RPPNMLQKJIHGFDA77CG,百齡段三小段506地號
XPPNMLRKJIHGFDA48CG,吉林段一小段290地號
XPPNMLRKJIHGFDA48CG,吉林段一小段291地號
XPPNMLRKJIHGFDA48CG,吉林段一小段292地號
VPPNMLNLJIHGFDA08DG,三合段36地號
UQPNMLNKKIHGFDA97CG,玉泉段一小段964地號
UQPNMLNKKIHGFDA97CG,玉泉段一小段984地號
UQPNMLNKKIHGFDA97CG,玉泉段一小段985地號
UQPNMLNKKIHGFDA97CG,玉泉段一小段986地號
UQPNMLNKKIHGFDA97CG,玉泉段一小段987地號
UQPNMLNKKIHGFDA97CG,玉泉段一小段988地號
UQPNMLNKKIHGFDA97CG,玉泉段一小段992地號
UQPNMLNKKIHGFDA97CG,玉泉段一小段993地號
UQPNMLNKKIHGFDA97CG,玉泉段一小段994地號
UQPNMLNKKIHGFDA97CG,玉泉段一小段995地號
UQPNMLNKKIHGFDA97CG,玉泉段一小段996地號
UQPNMLNKKIHGFDA97CG,玉泉段一小段969地號
UQPNMLNKKIHGFDA97CG,玉泉段一小段970地號
UQPNMLNKKIHGFDA97CG,玉泉段一小段979地號
UQPNMLNKKIHGFDA97CG,玉泉段一小段980地號
UQPNMLNKKIHGFDA97CG,玉泉段一小段981地號
UQPNMLNKKIHGFDA97CG,玉泉段一小段981-1地號
UQPNMLNKKIHGFDA97CG,玉泉段一小段982地號
UQPNMLNKKIHGFDA97CG,玉泉段一小段983地號
VPRNMLNLKIHGFDA28CG,三興段三小段59地號
VPRNMLNLKIHGFDA28CG,三興段三小段61地號
VPRNMLNLKIHGFDA28CG,三興段三小段63地號
VPRNMLNLKIHGFDA28CG,三興段三小段65地號
UPPNMLRLKIHGFDA48DG,華江段三小段473-15地號
UPPNMLRLKIHGFDA48DG,華江段三小段473-16地號
UPPNMLRLKIHGFDA48DG,華江段三小段492地號
UPPNMLRLKIHGFDA48DG,華江段三小段493地號
UPPNMLRLKIHGFDA48DG,華江段三小段493-1地號
UPPNMLRLKIHGFDA48DG,華江段三小段494地號
UPPNMLRLKIHGFDA48DG,華江段三小段495地號
UPPNMLRLKIHGFDA48DG,華江段三小段496地號
UPPNMLRLKIHGFDA48DG,華江段三小段496-1地號
VPPNMLKMKIHGFDA87CG,三玉段四小段131地號
VPPNMLKMKIHGFDA87CG,三玉段四小段132-1地號
VPPNMLKMKIHGFDA87CG,三玉段四小段133-1地號
VPPNMLKMKIHGFDA87CG,三玉段四小段134-1地號
RPQNMLPJJHIGFDA77DG,光華段一小段539地號
RPQNMLPJJHIGFDA77DG,光華段一小段541地號
RPQNMLPJJHIGFDA77DG,光華段一小段542地號
RPQNMLPJJHIGFDA77DG,光華段一小段543地號
RPQNMLPJJHIGFDA77DG,光華段一小段545地號
RPQNMLPJJHIGFDA77DG,光華段一小段546地號
RPQNMLPJJHIGFDA77DG,光華段一小段547地號
QPRNMLLKJHIGFDA37CG,西湖段四小段242地號
QPPNMLNKJHIGFDA37CG,龍泉段一小段324地號
QPPNMLNKJHIGFDA37CG,龍泉段一小段327地號
QPPNMLNKJHIGFDA37CG,龍泉段一小段328地號
QPPNMLNKJHIGFDA37CG,龍泉段一小段329地號
VPPNMLRKJHIGFDA28CG,龍泉段一小段962地號
VPPNMLRKJHIGFDA28CG,龍泉段一小段963地號
VPPNMLRKJHIGFDA28CG,龍泉段一小段964地號
SPPNMLOJKHIGFDA67CG,長春段二小段776地號
SPPNMLOJKHIGFDA67CG,長春段二小段796地號
WPPNMLQJKHIGFDA28CG,木柵段一小段551地號
WPPNMLQJKHIGFDA28CG,木柵段一小段555地號
WPPNMLQJKHIGFDA28CG,木柵段一小段556地號
WPPNMLQJKHIGFDA28CG,木柵段一小段557地號
WPPNMLQJKHIGFDA28CG,木柵段一小段558地號
SPRNMLQJKHIGFDA08CG,康寧段三小段569地號
SPRNMLQJKHIGFDA08CG,康寧段三小段578地號
SPRNMLQJKHIGFDA08CG,康寧段三小段579地號
SPRNMLQJKHIGFDA08CG,康寧段三小段580地號
SPRNMLQJKHIGFDA08CG,康寧段三小段581地號
SPRNMLQJKHIGFDA08CG,康寧段三小段582地號
SPRNMLQJKHIGFDA08CG,康寧段三小段583地號
SPRNMLQJKHIGFDA08CG,康寧段三小段570地號
SPRNMLQJKHIGFDA08CG,康寧段三小段571地號
SPRNMLQJKHIGFDA08CG,康寧段三小段572地號
SPRNMLQJKHIGFDA08CG,康寧段三小段573地號
SPRNMLQJKHIGFDA08CG,康寧段三小段574地號
SPRNMLQJKHIGFDA08CG,康寧段三小段575地號
SPRNMLQJKHIGFDA08CG,康寧段三小段576地號
SPRNMLQJKHIGFDA08CG,康寧段三小段577地號
VPSNMLQJKHIGFDA48CG,吉林段四小段5地號
VPSNMLQJKHIGFDA48CG,吉林段四小段6地號
VPSNMLQJKHIGFDA48CG,吉林段四小段7地號
VPSNMLQJKHIGFDA48CG,吉林段四小段51地號
VPSNMLQJKHIGFDA48CG,吉林段四小段52地號
YPQNMLQJKHIGFDA68DG,玉成段五小段314地號
YPQNMLQJKHIGFDA68DG,玉成段五小段315地號
YPQNMLQJKHIGFDA68DG,玉成段五小段316地號
YPQNMLQJKHIGFDA68DG,玉成段五小段317地號
YPQNMLQJKHIGFDA68DG,玉成段五小段318地號
YPQNMLQJKHIGFDA68DG,玉成段五小段320地號
YPQNMLQJKHIGFDA68DG,玉成段五小段321地號
SPPNMLRJKHIGFDA97CG,懷生段三小段433地號
SPPNMLRJKHIGFDA97CG,懷生段三小段433-1地號
TPPNMLSJKHIGFDA18CG,吉林段五小段210地號
TPPNMLSJKHIGFDA18CG,吉林段五小段236地號
TPPNMLSJKHIGFDA18CG,吉林段五小段237地號
TPPNMLSJKHIGFDA18CG,吉林段五小段240地號
TPPNMLSJKHIGFDA18CG,吉林段五小段241地號
TPPNMLSJKHIGFDA18CG,吉林段五小段244地號
TPPNMLSJKHIGFDA18CG,吉林段五小段245地號
RPPNMLOKKHIGFDA77DG,橋北段三小段585地號
RPPNMLOKKHIGFDA77DG,橋北段三小段586地號
RPPNMLOKKHIGFDA77DG,橋北段三小段586-1地號
RPPNMLOKKHIGFDA77DG,橋北段三小段618地號
RPPNMLOKKHIGFDA77DG,橋北段三小段618-1地號
RPPNMLOKKHIGFDA77DG,橋北段三小段619地號
RPPNMLOKKHIGFDA77DG,橋北段三小段619-1地號
RPPNMLOKKHIGFDA77DG,橋北段三小段620地號
RPPNMLOKKHIGFDA77DG,橋北段三小段620-1地號
TPQNMLPKKHIGFDA08CG,迪化段三小段498地號
TPQNMLPKKHIGFDA08CG,迪化段三小段499地號
TPQNMLPKKHIGFDA08CG,迪化段三小段500地號
TPQNMLPKKHIGFDA08CG,迪化段三小段501地號
TPQNMLPKKHIGFDA08CG,迪化段三小段502地號
RPPNMLPKKHIGFDA87DG,奇岩段三小段450地號
RPPNMLPKKHIGFDA87DG,奇岩段三小段451地號
RPPNMLPKKHIGFDA87DG,奇岩段三小段452地號
RPPNMLPKKHIGFDA87DG,奇岩段三小段453-1地號
RPPNMLPKKHIGFDA87DG,奇岩段三小段456地號
SPQNMLKLKHIGFDA57CG,景美段五小段40-1地號
SPQNMLKLKHIGFDA57CG,景美段五小段60-1地號
SPQNMLKLKHIGFDA57CG,景美段五小段61地號
SPQNMLKLKHIGFDA57CG,景美段五小段62地號
SPQNMLKLKHIGFDA57CG,景美段五小段63地號
SPQNMLKLKHIGFDA57CG,景美段五小段64地號
SPQNMLKLKHIGFDA57CG,景美段五小段65地號
SPQNMLKLKHIGFDA57CG,景美段五小段66地號
SPQNMLKLKHIGFDA57CG,景美段五小段67地號
SPQNMLKLKHIGFDA57CG,景美段五小段68地號
SPQNMLKLKHIGFDA57CG,景美段五小段68-3地號
SPQNMLKLKHIGFDA57CG,景美段五小段40-6地號
SPQNMLKLKHIGFDA57CG,景美段五小段68-5地號
SPQNMLKLKHIGFDA57CG,景美段五小段68-6地號
SPQNMLKLKHIGFDA57CG,景美段五小段69地號
SPQNMLKLKHIGFDA57CG,景美段五小段70地號
SPQNMLKLKHIGFDA57CG,景美段五小段71地號
SPQNMLKLKHIGFDA57CG,景美段五小段40-7地號
SPQNMLKLKHIGFDA57CG,景美段五小段40-9地號
SPQNMLKLKHIGFDA57CG,景美段五小段40-10地號
SPQNMLKLKHIGFDA57CG,景美段五小段41地號
SPQNMLKLKHIGFDA57CG,景美段五小段42-1地號
SPQNMLKLKHIGFDA57CG,景美段五小段42-2地號
SPQNMLKLKHIGFDA57CG,景美段五小段42-3地號
QPPNMLLLKHIGFDA37CG,長安段一小段346地號
QPPNMLLLKHIGFDA37CG,長安段一小段355地號
QPPNMLLLKHIGFDA37CG,長安段一小段356地號
QPPNMLLLKHIGFDA37CG,長安段一小段357地號
QPPNMLLLKHIGFDA37CG,長安段一小段357-1地號
QPPNMLLLKHIGFDA37CG,長安段一小段358地號
QPPNMLLLKHIGFDA37CG,長安段一小段358-1地號
QPPNMLLLKHIGFDA37CG,長安段一小段360地號
QPPNMLLLKHIGFDA37CG,長安段一小段360-1地號
QPPNMLLLKHIGFDA37CG,長安段一小段347地號
QPPNMLLLKHIGFDA37CG,長安段一小段348地號
QPPNMLLLKHIGFDA37CG,長安段一小段349地號
QPPNMLLLKHIGFDA37CG,長安段一小段350地號
QPPNMLLLKHIGFDA37CG,長安段一小段351地號
QPPNMLLLKHIGFDA37CG,長安段一小段352地號
QPPNMLLLKHIGFDA37CG,長安段一小段353地號
QPPNMLLLKHIGFDA37CG,長安段一小段354地號
RPPNMLOLKHIGFDA87DG,敦化段二小段182地號
SQPNMLRJLHIGFDA18CG,榮星段二小段63地號
SQPNMLRJLHIGFDA18CG,榮星段二小段272地號
TPPNMLSJLHIGFDA38DG,長安段四小段51地號
TPPNMLSJLHIGFDA38DG,長安段四小段51-1地號
TPPNMLSJLHIGFDA38DG,長安段四小段52地號
TPPNMLSJLHIGFDA38DG,長安段四小段53地號
TPPNMLSJLHIGFDA38DG,長安段四小段54地號
TPPNMLSJLHIGFDA38DG,長安段四小段55地號
TPPNMLSJLHIGFDA38DG,長安段四小段55-1地號
RPPNMLKLLHIGFDA57DG,正義段四小段384地號
RPPNMLKLLHIGFDA57DG,正義段四小段385地號
RPPNMLKLLHIGFDA57DG,正義段四小段386地號
UPPNMLNLLHIGFDA08CG,大業段三小段518地號
UPPNMLNLLHIGFDA08CG,大業段三小段557地號
UPPNMLNLLHIGFDA08CG,大業段三小段558地號
UPPNMLNLLHIGFDA08CG,大業段三小段558-1地號
UPPNMLNLLHIGFDA08CG,大業段三小段558-2地號
UPPNMLNLLHIGFDA08CG,大業段三小段558-3地號
UPPNMLNLLHIGFDA08CG,大業段三小段559地號
UPPNMLNLLHIGFDA08CG,大業段三小段562-5地號
UPPNMLNLLHIGFDA08CG,大業段三小段519地號
UPPNMLNLLHIGFDA08CG,大業段三小段549地號
UPPNMLNLLHIGFDA08CG,大業段三小段550地號
UPPNMLNLLHIGFDA08CG,大業段三小段550-1地號
UPPNMLNLLHIGFDA08CG,大業段三小段551地號
UPPNMLNLLHIGFDA08CG,大業段三小段551-1地號
UPPNMLNLLHIGFDA08CG,大業段三小段555地號
UPPNMLNLLHIGFDA08CG,大業段三小段556地號
RPPNMLNLLHIGFDA87DG,懷生段三小段250地號
RPPNMLNLLHIGFDA87DG,懷生段三小段278-2地號
RPPNMLNLLHIGFDA87DG,懷生段三小段278-3地號
RPPNMLNLLHIGFDA87DG,懷生段三小段278-4地號
RPPNMLNLLHIGFDA87DG,懷生段三小段278-5地號
RPPNMLNLLHIGFDA87DG,懷生段三小段278-6地號
RPPNMLNLLHIGFDA87DG,懷生段三小段278-7地號
RPPNMLNLLHIGFDA87DG,懷生段三小段278-8地號
RPPNMLNLLHIGFDA87DG,懷生段三小段278-9地號
RPPNMLNLLHIGFDA87DG,懷生段三小段278-10地號
RPPNMLNLLHIGFDA87DG,懷生段三小段278-11地號
RPPNMLNLLHIGFDA87DG,懷生段三小段251地號
RPPNMLNLLHIGFDA87DG,懷生段三小段278-12地號
RPPNMLNLLHIGFDA87DG,懷生段三小段278-13地號
RPPNMLNLLHIGFDA87DG,懷生段三小段278-14地號
RPPNMLNLLHIGFDA87DG,懷生段三小段278-15地號
RPPNMLNLLHIGFDA87DG,懷生段三小段278-16地號
RPPNMLNLLHIGFDA87DG,懷生段三小段278-1地號
RPPNMLNLLHIGFDA87DG,懷生段三小段252地號
RPPNMLNLLHIGFDA87DG,懷生段三小段276-1地號
RPPNMLNLLHIGFDA87DG,懷生段三小段276-3地號
RPPNMLNLLHIGFDA87DG,懷生段三小段277地號
RPPNMLNLLHIGFDA87DG,懷生段三小段277-1地號
RPPNMLNLLHIGFDA87DG,懷生段三小段277-2地號
RPPNMLNLLHIGFDA87DG,懷生段三小段278地號
TPPNMLSLLHIGFDA58DG,中山段三小段316地號
TPPNMLSLLHIGFDA58DG,中山段三小段317地號
SPPNMLTLLHIGFDA48CG,城中段一小段184地號
SPPNMLTLLHIGFDA48CG,城中段一小段185地號
SPPNMLTLLHIGFDA48CG,城中段一小段186地號
SPPNMLTLLHIGFDA48CG,城中段一小段187地號
SPPNMLTLLHIGFDA48CG,城中段一小段188地號
RPPNMLRJMHIGFDA08CG,河堤段五小段149地號
SPPNMLKKMHIGFDA57CG,南海段五小段702-1地號
SPPNMLKKMHIGFDA57CG,南海段五小段702-2地號
SPPNMLKKMHIGFDA57CG,南海段五小段704地號
SPPNMLKKMHIGFDA57CG,南海段五小段704-9地號
SPPNMLKKMHIGFDA57CG,南海段五小段704-10地號
SPPNMLKKMHIGFDA57CG,南海段五小段704-11地號
SPPNMLKKMHIGFDA57CG,南海段五小段704-12地號
SPPNMLKKMHIGFDA57CG,南海段五小段704-13地號
RPPNMLNKMHIGFDA87DG,仁愛段六小段617-5地號
RPPNMLNKMHIGFDA87DG,仁愛段六小段617-6地號
RPPNMLNKMHIGFDA87DG,仁愛段六小段617-7地號
VPPNMLOKMHIGFDA28CG,延平段一小段292地號
VPPNMLOKMHIGFDA28CG,延平段一小段294-1地號
VPPNMLOKMHIGFDA28CG,延平段一小段295-1地號
VPPNMLOKMHIGFDA28CG,延平段一小段300-1地號
VPPNMLOKMHIGFDA28CG,延平段一小段301-1地號
VPPNMLOKMHIGFDA28CG,延平段一小段294地號
VPPNMLOKMHIGFDA28CG,延平段一小段295地號
VPPNMLOKMHIGFDA28CG,延平段一小段296地號
VPPNMLOKMHIGFDA28CG,延平段一小段297地號
VPPNMLOKMHIGFDA28CG,延平段一小段298地號
VPPNMLOKMHIGFDA28CG,延平段一小段299地號
VPPNMLOKMHIGFDA28CG,延平段一小段300地號
VPPNMLOKMHIGFDA28CG,延平段一小段301地號
UPSNMLOKMHIGFDA48CG,敦化段四小段18地號
UPSNMLOKMHIGFDA48CG,敦化段四小段19地號
UPSNMLOKMHIGFDA48CG,敦化段四小段20地號
UPSNMLOKMHIGFDA48CG,敦化段四小段21地號
UPSNMLOKMHIGFDA48CG,敦化段四小段23地號
UPSNMLOKMHIGFDA48CG,敦化段四小段23-1地號
XPPNMLKLMHIGFDA18CG,三興段一小段538-1地號
XPPNMLKLMHIGFDA18CG,三興段一小段538地號
XPPNMLKLMHIGFDA18CG,三興段一小段539地號
XPPNMLKLMHIGFDA18CG,三興段一小段540-1地號
XPPNMLKLMHIGFDA18CG,三興段一小段542地號
XPPNMLKLMHIGFDA18CG,三興段一小段543地號
XPPNMLKLMHIGFDA18CG,三興段一小段544-1地號
XPPNMLKLMHIGFDA18CG,三興段一小段546地號
XPPNMLKLMHIGFDA18CG,三興段一小段547地號
XPPNMLKLMHIGFDA18CG,三興段一小段548地號
XPPNMLKLMHIGFDA18CG,三興段一小段540地號
XPPNMLKLMHIGFDA18CG,三興段一小段541地號
XPPNMLKLMHIGFDA18CG,三興段一小段542-1地號
XPPNMLKLMHIGFDA18CG,三興段一小段544地號
XPPNMLKLMHIGFDA18CG,三興段一小段545地號
XPPNMLKLMHIGFDA18CG,三興段一小段546-1地號
XPPNMLKLMHIGFDA18CG,三興段一小段547-1地號
XPPNMLKLMHIGFDA18CG,三興段一小段549-1地號
VPPNMLLLMHIGFDA18DG,華興段四小段21-7地號
VPPNMLLLMHIGFDA18DG,華興段四小段23地號
VPPNMLLLMHIGFDA18DG,華興段四小段25地號
VPPNMLLLMHIGFDA18DG,華興段四小段28地號
UPPNMLPLMHIGFDA38CG,大龍段一小段227地號
UPPNMLPLMHIGFDA38CG,大龍段一小段226地號
UPPNMLPLMHIGFDA38CG,大龍段一小段225地號
UPPNMLPLMHIGFDA38CG,大龍段一小段224地號
UPQNMLQLMHIGFDA58CG,立農段五小段415地號
UPQNMLQLMHIGFDA58CG,立農段五小段415-1地號
UPQNMLQLMHIGFDA58CG,立農段五小段416地號
UPQNMLQLMHIGFDA58CG,立農段五小段416-1地號
UPQNMLQLMHIGFDA58CG,立農段五小段417地號
UPQNMLQLMHIGFDA58CG,立農段五小段429地號
UPQNMLQLMHIGFDA58CG,立農段五小段430地號
UPQNMLQLMHIGFDA58CG,立農段五小段431地號
UPQNMLQLMHIGFDA58CG,立農段五小段433地號
QPPNMLPJNHIGFDA97DG,行義段四小段320地號
QPPNMLPJNHIGFDA97DG,行義段四小段323地號
QPPNMLPJNHIGFDA97DG,行義段四小段324地號
QPPNMLPJNHIGFDA97DG,行義段四小段325地號
QPPNMLPJNHIGFDA97DG,行義段四小段325-1地號
TPPNMLSJNHIGFDA48CG,通化段四小段336-1地號
TPPNMLSJNHIGFDA48CG,通化段四小段344地號
TPPNMLSJNHIGFDA48CG,通化段四小段345地號
TPPNMLSJNHIGFDA48CG,通化段四小段346地號
TPPNMLSJNHIGFDA48CG,通化段四小段347地號
TPPNMLSJNHIGFDA48CG,通化段四小段347-1地號
TPPNMLSJNHIGFDA48CG,通化段四小段347-2地號
TPPNMLSJNHIGFDA48CG,通化段四小段348地號
TPPNMLSJNHIGFDA48CG,通化段四小段349地號
TPPNMLSJNHIGFDA48CG,通化段四小段350地號
TPPNMLSJNHIGFDA48CG,通化段四小段354-1地號
TPPNMLSJNHIGFDA48CG,通化段四小段339地號
TPPNMLSJNHIGFDA48CG,通化段四小段356地號
TPPNMLSJNHIGFDA48CG,通化段四小段357地號
TPPNMLSJNHIGFDA48CG,通化段四小段357-1地號
TPPNMLSJNHIGFDA48CG,通化段四小段358地號
TPPNMLSJNHIGFDA48CG,通化段四小段358-1地號
TPPNMLSJNHIGFDA48CG,通化段四小段362地號
TPPNMLSJNHIGFDA48CG,通化段四小段340地號
TPPNMLSJNHIGFDA48CG,通化段四小段341地號
TPPNMLSJNHIGFDA48CG,通化段四小段341-1地號
TPPNMLSJNHIGFDA48CG,通化段四小段342地號
TPPNMLSJNHIGFDA48CG,通化段四小段342-1地號
TPPNMLSJNHIGFDA48CG,通化段四小段343地號
TPPNMLSJNHIGFDA48CG,通化段四小段343-1地號
VPPNMLTJNHIGFDA78CG,三玉段四小段130-1地號
QPQNMLTJNHIGFDA38CG,懷生段二小段5-13地號
QPQNMLTJNHIGFDA38CG,懷生段二小段8地號
QPQNMLTJNHIGFDA38CG,懷生段二小段9-2地號
QPQNMLTJNHIGFDA38CG,懷生段二小段22地號
QPQNMLTJNHIGFDA38CG,懷生段二小段22-2地號
QPQNMLTJNHIGFDA38CG,懷生段二小段23地號
QPQNMLTJNHIGFDA38CG,懷生段二小段23-1地號
SPPNMLRKNHIGFDA38CG,三興段一小段1067地號
SPPNMLRKNHIGFDA38CG,三興段一小段1074地號
SPPNMLRKNHIGFDA38CG,三興段一小段1076地號
SPPNMLRKNHIGFDA38CG,三興段一小段1078地號
SPPNMLRKNHIGFDA38CG,三興段一小段1083-1地號
SPPNMLRKNHIGFDA38CG,三興段一小段1084-1地號
SPPNMLRKNHIGFDA38CG,三興段一小段1070地號
SPPNMLRKNHIGFDA38CG,三興段一小段1075地號
SPPNMLRKNHIGFDA38CG,三興段一小段1077地號
SPPNMLRKNHIGFDA38CG,三興段一小段1083地號
SPPNMLRKNHIGFDA38CG,三興段一小段1083-2地號
SPPNMLRKNHIGFDA38CG,三興段一小段1084-2地號
SPPNMLRKNHIGFDA38CG,三興段一小段1066地號
SPPNMLRKNHIGFDA38CG,三興段一小段1069地號
QPPNMLRKNHIGFDA28DG,寶清段三小段633-3地號
QPPNMLRKNHIGFDA28DG,寶清段三小段634地號
QPPNMLRKNHIGFDA28DG,寶清段三小段634-3地號
QPPNMLRKNHIGFDA28DG,寶清段三小段635地號
QPPNMLRKNHIGFDA28DG,寶清段三小段636地號
QPPNMLRKNHIGFDA28DG,寶清段三小段716地號
SPPNMLKMNHIGFDA87CG,敦化段三小段553地號
SPPNMLKMNHIGFDA87CG,敦化段三小段562地號
SPPNMLKMNHIGFDA87CG,敦化段三小段563地號
SPPNMLKMNHIGFDA87CG,敦化段三小段564地號
SPPNMLKMNHIGFDA87CG,敦化段三小段565地號
SPPNMLKMNHIGFDA87CG,敦化段三小段566地號
SPPNMLKMNHIGFDA87CG,敦化段三小段567地號
SPPNMLKMNHIGFDA87CG,敦化段三小段568地號
SPPNMLKMNHIGFDA87CG,敦化段三小段569地號
SPPNMLKMNHIGFDA87CG,敦化段三小段570地號
SPPNMLKMNHIGFDA87CG,敦化段三小段571地號
SPPNMLKMNHIGFDA87CG,敦化段三小段554地號
SPPNMLKMNHIGFDA87CG,敦化段三小段572地號
SPPNMLKMNHIGFDA87CG,敦化段三小段573地號
SPPNMLKMNHIGFDA87CG,敦化段三小段574地號
SPPNMLKMNHIGFDA87CG,敦化段三小段575地號
SPPNMLKMNHIGFDA87CG,敦化段三小段576地號
SPPNMLKMNHIGFDA87CG,敦化段三小段577地號
SPPNMLKMNHIGFDA87CG,敦化段三小段578地號
SPPNMLKMNHIGFDA87CG,敦化段三小段579地號
SPPNMLKMNHIGFDA87CG,敦化段三小段555地號
SPPNMLKMNHIGFDA87CG,敦化段三小段556地號
SPPNMLKMNHIGFDA87CG,敦化段三小段557地號
SPPNMLKMNHIGFDA87CG,敦化段三小段558地號
SPPNMLKMNHIGFDA87CG,敦化段三小段559地號
SPPNMLKMNHIGFDA87CG,敦化段三小段560地號
SPPNMLKMNHIGFDA87CG,敦化段三小段561地號
VPPNMLLMNHIGFDA38DG,南海段五小段51-2地號
VPPNMLLMNHIGFDA38DG,南海段五小段53-2地號
QPPNMLTJOHIGFDA38CG,文德段一小段223-31地號
QPPNMLTJOHIGFDA38CG,文德段一小段261地號
QPPNMLTJOHIGFDA38CG,文德段一小段262地號
QPPNMLTJOHIGFDA38CG,文德段一小段263地號
QPPNMLTJOHIGFDA38CG,文德段一小段269-2地號
QPPNMLTJOHIGFDA38CG,文德段一小段269-3地號
QPPNMLTJOHIGFDA38CG,文德段一小段269-4地號
QPPNMLTJOHIGFDA38CG,文德段一小段269-5地號
QPPNMLTJOHIGFDA38CG,文德段一小段269-12地號
QPPNMLTJOHIGFDA38CG,文德段一小段271地號
QPPNMLTJOHIGFDA38CG,文德段一小段223-32地號
QPPNMLTJOHIGFDA38CG,文德段一小段223-33地號
QPPNMLTJOHIGFDA38CG,文德段一小段223-34地號
QPPNMLTJOHIGFDA38CG,文德段一小段223-35地號
QPPNMLTJOHIGFDA38CG,文德段一小段223-36地號
QPPNMLTJOHIGFDA38CG,文德段一小段223-37地號
QPPNMLTJOHIGFDA38CG,文德段一小段259地號
QPPNMLTJOHIGFDA38CG,文德段一小段259-3地號
QPPNMLOKOHIGFDA97CG,通化段五小段41地號
QPPNMLOKOHIGFDA97CG,通化段五小段49地號
QPPNMLOKOHIGFDA97CG,通化段五小段42地號
QPPNMLOKOHIGFDA97CG,通化段五小段43地號
QPPNMLOKOHIGFDA97CG,通化段五小段43-1地號
QPPNMLOKOHIGFDA97CG,通化段五小段43-2地號
QPPNMLOKOHIGFDA97CG,通化段五小段44地號
QPPNMLOKOHIGFDA97CG,通化段五小段45地號
QPPNMLOKOHIGFDA97CG,通化段五小段46地號
QPPNMLOKOHIGFDA97CG,通化段五小段48地號
QPPNMLOKOHIGFDA08DG,城中段二小段422地號
QPPNMLOKOHIGFDA08DG,城中段二小段423地號
QPPNMLOKOHIGFDA08DG,城中段二小段424地號
QPPNMLOKOHIGFDA08DG,城中段二小段425地號
QPPNMLOKOHIGFDA08DG,城中段二小段426地號
QPPNMLSKOHIGFDA48DG,漢中段一小段417地號
QPPNMLQLOHIGFDA38DG,雙連段二小段671-1地號
QPPNMLQLOHIGFDA38DG,雙連段一小段672地號
QPPNMLQLOHIGFDA38DG,雙連段二小段673地號
UPPNMLPJPHIGFDA48CG,德惠段二小段687-6地號
UPPNMLPJPHIGFDA48CG,德惠段二小段717地號
UPPNMLPJPHIGFDA48CG,德惠段二小段718地號
UPPNMLPJPHIGFDA48CG,德惠段二小段719地號
UPPNMLPJPHIGFDA48CG,德惠段二小段720地號
UPPNMLPJPHIGFDA48CG,德惠段二小段721地號
UPPNMLPJPHIGFDA48CG,德惠段二小段722地號
UPPNMLPJPHIGFDA48CG,德惠段二小段723地號
UPPNMLPJPHIGFDA48CG,德惠段二小段726地號
UPPNMLPJPHIGFDA48CG,德惠段二小段727地號
UPPNMLPJPHIGFDA48CG,德惠段二小段727-1地號
UPPNMLPJPHIGFDA48CG,德惠段二小段687-7地號
UPPNMLPJPHIGFDA48CG,德惠段二小段727-2地號
UPPNMLPJPHIGFDA48CG,德惠段二小段728地號
UPPNMLPJPHIGFDA48CG,德惠段二小段729地號
UPPNMLPJPHIGFDA48CG,德惠段二小段730地號
UPPNMLPJPHIGFDA48CG,德惠段二小段730-1地號
UPPNMLPJPHIGFDA48CG,德惠段二小段731地號
UPPNMLPJPHIGFDA48CG,德惠段二小段732地號
UPPNMLPJPHIGFDA48CG,德惠段二小段736地號
UPPNMLPJPHIGFDA48CG,德惠段二小段737地號
UPPNMLPJPHIGFDA48CG,德惠段二小段738地號
UPPNMLPJPHIGFDA48CG,德惠段二小段687-8地號
UPPNMLPJPHIGFDA48CG,德惠段二小段739地號
UPPNMLPJPHIGFDA48CG,德惠段二小段740地號
UPPNMLPJPHIGFDA48CG,德惠段二小段741地號
UPPNMLPJPHIGFDA48CG,德惠段二小段742地號
UPPNMLPJPHIGFDA48CG,德惠段二小段743地號
UPPNMLPJPHIGFDA48CG,德惠段二小段744地號
UPPNMLPJPHIGFDA48CG,德惠段二小段745地號
UPPNMLPJPHIGFDA48CG,德惠段二小段746地號
UPPNMLPJPHIGFDA48CG,德惠段二小段747地號
UPPNMLPJPHIGFDA48CG,德惠段二小段711地號
UPPNMLPJPHIGFDA48CG,德惠段二小段712地號
UPPNMLPJPHIGFDA48CG,德惠段二小段713地號
UPPNMLPJPHIGFDA48CG,德惠段二小段714地號
UPPNMLPJPHIGFDA48CG,德惠段二小段715地號
UPPNMLPJPHIGFDA48CG,德惠段二小段716地號
UPQNMLNKPHIGFDA48CG,雅祥段三小段675地號
UPQNMLNKPHIGFDA48CG,雅祥段三小段676地號
QPRNMLPKPHIGFDA38CG,永吉段二小段218地號
TPQNMLPKPHIGFDA58CG,永吉段一小段275地號
TPQNMLPKPHIGFDA58CG,永吉段一小段276地號
TPQNMLPKPHIGFDA58CG,永吉段一小段277地號
TPQNMLPKPHIGFDA58CG,永吉段一小段278地號
TPQNMLPKPHIGFDA58CG,永吉段一小段279地號
QPPNMLRKPHIGFDA38CG,金泰段7-7地號
QPPNMLRKPHIGFDA38CG,金泰段7-10地號
QPPNMLRKPHIGFDA38CG,金泰段7-11地號
QPQNMLRKPHIGFDA58DG,敦化段一小段387-2地號
QPQNMLRKPHIGFDA58DG,敦化段一小段393地號
QPQNMLRKPHIGFDA58DG,敦化段一小段395-1地號
QPQNMLRKPHIGFDA58DG,敦化段一小段386地號
QPQNMLRKPHIGFDA58DG,敦化段一小段392地號
QPQNMLRKPHIGFDA58DG,敦化段一小段394地號
TPQNMLRLPHIGFDA98DG,新洲美段73地號
TPQNMLRLPHIGFDA98DG,新洲美段74地號
TPQNMLRLPHIGFDA98DG,新洲美段75地號
QPSNMLRLPHIGFDA88DG,文德段二小段462地號
QPSNMLRLPHIGFDA88DG,文德段二小段494地號
QPSNMLRLPHIGFDA88DG,文德段二小段495地號
QPSNMLRLPHIGFDA88DG,文德段二小段496地號
QPSNMLRLPHIGFDA88DG,文德段二小段497-1地號
QPSNMLRLPHIGFDA88DG,文德段二小段463地號
QPSNMLRLPHIGFDA88DG,文德段二小段464地號
QPSNMLRLPHIGFDA88DG,文德段二小段475地號
QPSNMLRLPHIGFDA88DG,文德段二小段476地號
QPSNMLRLPHIGFDA88DG,文德段二小段477地號
QPSNMLRLPHIGFDA88DG,文德段二小段478地號
QPSNMLRLPHIGFDA88DG,文德段二小段481地號
QPSNMLRLPHIGFDA88DG,文德段二小段482地號
RPRNMLRLPHIGFDA88DG,蘭雅段三小段312地號
RPRNMLRLPHIGFDA88DG,蘭雅段三小段321地號
RPRNMLRLPHIGFDA88DG,蘭雅段三小段322地號
RPRNMLRLPHIGFDA88DG,蘭雅段三小段323地號
RPRNMLRLPHIGFDA88DG,蘭雅段三小段324地號
RPRNMLRLPHIGFDA88DG,蘭雅段三小段333地號
RPRNMLRLPHIGFDA88DG,蘭雅段三小段334地號
RPRNMLRLPHIGFDA88DG,蘭雅段三小段335地號
RPRNMLRLPHIGFDA88DG,蘭雅段三小段336地號
RPRNMLRLPHIGFDA88DG,蘭雅段三小段313地號
RPRNMLRLPHIGFDA88DG,蘭雅段三小段314地號
RPRNMLRLPHIGFDA88DG,蘭雅段三小段315地號
RPRNMLRLPHIGFDA88DG,蘭雅段三小段316地號
RPRNMLRLPHIGFDA88DG,蘭雅段三小段317地號
RPRNMLRLPHIGFDA88DG,蘭雅段三小段318地號
RPRNMLRLPHIGFDA88DG,蘭雅段三小段319地號
RPRNMLRLPHIGFDA88DG,蘭雅段三小段320地號
RPPNMLSLPHIGFDA68CG,福林段三小段439-1地號
RPPNMLSLPHIGFDA68CG,福林段三小段440-3地號
RPPNMLSLPHIGFDA68CG,福林段三小段441地號
RPPNMLSLPHIGFDA68CG,福林段三小段441-1地號
QPQNMLSLPHIGFDA68CG,雙連段三小段99地號
QPQNMLSLPHIGFDA68CG,雙連段三小段107-1地號
QPQNMLSLPHIGFDA68CG,雙連段三小段107-2地號
QPQNMLSLPHIGFDA68CG,雙連段三小段107-3地號
QPQNMLSLPHIGFDA68CG,雙連段三小段107-5地號
QPQNMLSLPHIGFDA68CG,雙連段三小段107-6地號
QPQNMLSLPHIGFDA68CG,雙連段三小段109地號
QPQNMLSLPHIGFDA68CG,雙連段三小段110地號
QPQNMLSLPHIGFDA68CG,雙連段三小段111地號
QPQNMLSLPHIGFDA68CG,雙連段三小段112地號
QPQNMLSLPHIGFDA68CG,雙連段三小段113地號
QPQNMLSLPHIGFDA68CG,雙連段三小段100地號
QPQNMLSLPHIGFDA68CG,雙連段三小段114地號
QPQNMLSLPHIGFDA68CG,雙連段三小段115地號
QPQNMLSLPHIGFDA68CG,雙連段三小段118地號
QPQNMLSLPHIGFDA68CG,雙連段三小段169-1地號
QPQNMLSLPHIGFDA68CG,雙連段三小段101地號
QPQNMLSLPHIGFDA68CG,雙連段三小段102地號
QPQNMLSLPHIGFDA68CG,雙連段三小段103地號
QPQNMLSLPHIGFDA68CG,雙連段三小段104地號
QPQNMLSLPHIGFDA68CG,雙連段三小段105地號
QPQNMLSLPHIGFDA68CG,雙連段三小段106地號
QPQNMLSLPHIGFDA68CG,雙連段三小段107地號
TPPNMLLJQHIGFDA08CG,桃源段四小段425地號
TPPNMLLJQHIGFDA08CG,桃源段四小段425-3地號
TPPNMLLJQHIGFDA08CG,桃源段四小段427地號
TPPNMLLJQHIGFDA08CG,桃源段四小段429地號
TPPNMLLJQHIGFDA08CG,桃源段四小段431地號
TPPNMLLJQHIGFDA08CG,桃源段四小段433地號
TPPNMLLJQHIGFDA08CG,桃源段四小段425-2地號
TPPNMLLJQHIGFDA08CG,桃源段四小段425-4地號
TPPNMLLJQHIGFDA08CG,桃源段四小段428地號
TPPNMLLJQHIGFDA08CG,桃源段四小段430地號
TPPNMLLJQHIGFDA08CG,桃源段四小段432地號
TPPNMLLJQHIGFDA08CG,桃源段四小段486地號
TPPNMLLJQHIGFDA08CG,桃源段四小段424-9地號
TPPNMLLJQHIGFDA08CG,桃源段四小段425-1地號
QPPNMLRJQHIGFDA48DG,蘭雅段一小段346地號
QPQNMLKKQHIGFDA97DG,雙園段一小段284地號
QPQNMLKKQHIGFDA97DG,雙園段一小段330-2地號
QPRNMLLKQHIGFDA08CG,美仁段一小段463地號
QPRNMLLKQHIGFDA08CG,美仁段一小段463-1地號
QPRNMLLKQHIGFDA08CG,美仁段一小段464地號
QPRNMLLKQHIGFDA08CG,美仁段一小段469地號
QPRNMLLKQHIGFDA08CG,美仁段一小段470地號
QPRNMLLKQHIGFDA08CG,美仁段一小段475地號
QPRNMLLKQHIGFDA08CG,美仁段一小段476地號
SPPNMLLKQHIGFDA08CG,萬慶段三小段214地號
SPPNMLLKQHIGFDA08CG,萬慶段三小段215地號
SPPNMLLKQHIGFDA08CG,萬慶段三小段216地號
SPPNMLLKQHIGFDA08CG,萬慶段三小段218地號
QPPNMLSKQHIGFDA58CG,潭美段四小段95地號
QPPNMLSKQHIGFDA58CG,潭美段四小段97地號
QPPNMLSKQHIGFDA58CG,潭美段四小段98地號
QPPNMLSKQHIGFDA58CG,潭美段四小段99地號
QPPNMLSKQHIGFDA58CG,潭美段四小段100地號
QPPNMLSKQHIGFDA58CG,潭美段四小段101地號
QPPNMLSKQHIGFDA58CG,潭美段四小段102地號
QPPNMLSKQHIGFDA58CG,潭美段四小段114地號
QPPNMLSKQHIGFDA68DG,永昌段六小段34地號
QPPNMLSKQHIGFDA68DG,永昌段六小段35地號
QPPNMLSKQHIGFDA68DG,永昌段六小段37地號
QPPNMLSKQHIGFDA68DG,永昌段六小段38地號
QPPNMLSKQHIGFDA68DG,永昌段六小段39地號
QPPNMLSKQHIGFDA68DG,永昌段六小段41-2地號
QPPNMLSKQHIGFDA68DG,永昌段六小段97-4地號
QPPNMLPLQHIGFDA48DG,復興段三小段281地號
QPPNMLPLQHIGFDA48DG,復興段三小段282地號
QPPNMLPLQHIGFDA48DG,復興段三小段284地號
QPPNMLPLQHIGFDA48DG,復興段三小段285地號
QPPNMLPLQHIGFDA48DG,復興段三小段286地號
QPPNMLPLQHIGFDA48DG,復興段三小段287地號
QPSNMLPLQHIGFDA68CG,碧湖段四小段969地號
QPPNMLQJRHIGFDA38CG,石潭段四小段271地號
QPPNMLQJRHIGFDA38CG,石潭段四小段274地號
TPPNMLRJRHIGFDA88DG,西湖段二小段475地號
TPPNMLRJRHIGFDA88DG,西湖段二小段476地號
TPPNMLRJRHIGFDA88DG,西湖段二小段477地號
TPPNMLRJRHIGFDA88DG,西湖段二小段478地號
QPPNMLLLRHIGFDA18DG,吉林段四小段603-1地號
QPPNMLLLRHIGFDA18DG,吉林段四小段608-1地號
QPPNMLLLRHIGFDA18DG,吉林段四小段609地號
QPPNMLLLRHIGFDA18DG,吉林段四小段611地號
QPPNMLLLRHIGFDA18DG,吉林段四小段612地號
QPPNMLLLRHIGFDA18DG,吉林段四小段613地號
QPPNMLLLRHIGFDA18DG,吉林段四小段614地號
QPPNMLLLRHIGFDA18DG,吉林段四小段615地號
QPPNMLLLRHIGFDA18DG,吉林段四小段615-1地號
QPPNMLLLRHIGFDA18DG,吉林段四小段615-2地號
QPPNMLLLRHIGFDA18DG,吉林段四小段616地號
QPPNMLLLRHIGFDA18DG,吉林段四小段603-2地號
QPPNMLLLRHIGFDA18DG,吉林段四小段617地號
QPPNMLLLRHIGFDA18DG,吉林段四小段618地號
QPPNMLLLRHIGFDA18DG,吉林段四小段619地號
QPPNMLLLRHIGFDA18DG,吉林段四小段620地號
QPPNMLLLRHIGFDA18DG,吉林段四小段621地號
QPPNMLLLRHIGFDA18DG,吉林段四小段622地號
QPPNMLLLRHIGFDA18DG,吉林段四小段623地號
QPPNMLLLRHIGFDA18DG,吉林段四小段638-1地號
QPPNMLLLRHIGFDA18DG,吉林段四小段707-3地號
QPPNMLLLRHIGFDA18DG,吉林段四小段707-4地號
QPPNMLLLRHIGFDA18DG,吉林段四小段603-3地號
QPPNMLLLRHIGFDA18DG,吉林段四小段708地號
QPPNMLLLRHIGFDA18DG,吉林段四小段708-1地號
QPPNMLLLRHIGFDA18DG,吉林段四小段708-2地號
QPPNMLLLRHIGFDA18DG,吉林段四小段709地號
QPPNMLLLRHIGFDA18DG,吉林段四小段709-1地號
QPPNMLLLRHIGFDA18DG,吉林段四小段710地號
QPPNMLLLRHIGFDA18DG,吉林段四小段713地號
QPPNMLLLRHIGFDA18DG,吉林段四小段713-1地號
QPPNMLLLRHIGFDA18DG,吉林段四小段714地號
QPPNMLLLRHIGFDA18DG,吉林段四小段715地號
QPPNMLLLRHIGFDA18DG,吉林段四小段604地號
QPPNMLLLRHIGFDA18DG,吉林段四小段605地號
QPPNMLLLRHIGFDA18DG,吉林段四小段606地號
QPPNMLLLRHIGFDA18DG,吉林段四小段606-1地號
QPPNMLLLRHIGFDA18DG,吉林段四小段607地號
QPPNMLLLRHIGFDA18DG,吉林段四小段608地號
QPPNMLLLRHIGFDA08CG,潭美段五小段134地號
QPPNMLPLRHIGFDA48CG,市府段二小段884地號
QPPNMLPLRHIGFDA48CG,市府段二小段904地號
QPPNMLPLRHIGFDA48CG,市府段二小段905地號
QPPNMLPLRHIGFDA48CG,市府段二小段906地號
QPPNMLPLRHIGFDA48CG,市府段二小段907地號
QPPNMLPLRHIGFDA48CG,市府段二小段908地號
QPPNMLPLRHIGFDA48CG,市府段二小段909地號
QPPNMLPLRHIGFDA48CG,市府段二小段902-1地號
QPPNMLPLRHIGFDA48CG,市府段二小段903-1地號
QPPNMLPLRHIGFDA48CG,市府段二小段887地號
QPPNMLPLRHIGFDA48CG,市府段二小段888地號
QPPNMLPLRHIGFDA48CG,市府段二小段889地號
QPPNMLPLRHIGFDA48CG,市府段二小段890地號
QPPNMLPLRHIGFDA48CG,市府段二小段900地號
QPPNMLPLRHIGFDA48CG,市府段二小段901地號
QPPNMLPLRHIGFDA48CG,市府段二小段902地號
QPPNMLPLRHIGFDA48CG,市府段二小段903地號
RPPNMLQLRHIGFDA68CG,南港段一小段367-2地號
RPPNMLQLRHIGFDA68CG,南港段一小段374地號
RPPNMLQLRHIGFDA68CG,南港段一小段375-2地號
RPPNMLQLRHIGFDA68CG,南港段一小段375-5地號
RPPNMLQLRHIGFDA68CG,南港段一小段375-6地號
RPPNMLQLRHIGFDA68CG,南港段一小段375-7地號
RPPNMLQLRHIGFDA68CG,南港段一小段375-8地號
RPPNMLQLRHIGFDA68CG,南港段一小段375-12地號
RPPNMLQLRHIGFDA68CG,南港段一小段375-14地號
RPPNMLQLRHIGFDA68CG,南港段一小段560-2地號
RPPNMLQLRHIGFDA68CG,南港段一小段560-4地號
RPPNMLQLRHIGFDA68CG,南港段一小段369-1地號
RPPNMLQLRHIGFDA68CG,南港段一小段562-4地號
RPPNMLQLRHIGFDA68CG,南港段一小段369-2地號
RPPNMLQLRHIGFDA68CG,南港段一小段370地號
RPPNMLQLRHIGFDA68CG,南港段一小段371地號
RPPNMLQLRHIGFDA68CG,南港段一小段372地號
RPPNMLQLRHIGFDA68CG,南港段一小段372-2地號
RPPNMLQLRHIGFDA68CG,南港段一小段372-3地號
RPPNMLQLRHIGFDA68CG,南港段一小段373地號
XPQNMLOJIIIGFDA18CG,河堤段一小段191-1地號
XPQNMLOJIIIGFDA18CG,河堤段一小段197地號
XPQNMLOJIIIGFDA18CG,河堤段一小段198地號
XPQNMLOJIIIGFDA18CG,河堤段一小段199地號
XPQNMLOJIIIGFDA18CG,河堤段一小段199-1地號
XPQNMLOJIIIGFDA18CG,河堤段一小段200地號
XPQNMLOJIIIGFDA18CG,河堤段一小段200-1地號
XPQNMLOJIIIGFDA18CG,河堤段一小段215地號
XPQNMLOJIIIGFDA18CG,河堤段一小段216地號
XPQNMLOJIIIGFDA18CG,河堤段一小段217地號
XPQNMLOJIIIGFDA18CG,河堤段一小段218地號
XPQNMLOJIIIGFDA18CG,河堤段一小段192地號
XPQNMLOJIIIGFDA18CG,河堤段一小段219地號
XPQNMLOJIIIGFDA18CG,河堤段一小段220地號
XPQNMLOJIIIGFDA18CG,河堤段一小段220-1地號
XPQNMLOJIIIGFDA18CG,河堤段一小段221地號
XPQNMLOJIIIGFDA18CG,河堤段一小段222地號
XPQNMLOJIIIGFDA18CG,河堤段一小段198-1地號
XPQNMLOJIIIGFDA18CG,河堤段一小段193地號
XPQNMLOJIIIGFDA18CG,河堤段一小段193-1地號
XPQNMLOJIIIGFDA18CG,河堤段一小段194地號
XPQNMLOJIIIGFDA18CG,河堤段一小段194-1地號
XPQNMLOJIIIGFDA18CG,河堤段一小段195地號
XPQNMLOJIIIGFDA18CG,河堤段一小段195-1地號
XPQNMLOJIIIGFDA18CG,河堤段一小段196地號
QPRNMLOJIIIGFDA57CG,懷生段三小段437地號
QPRNMLOJIIIGFDA57CG,懷生段三小段438地號
QPRNMLOJIIIGFDA57CG,懷生段三小段439地號
QPRNMLOJIIIGFDA57CG,懷生段三小段440地號
QPPNMLOJIIIGFDA37CG,大安段一小段405地號
QPPNMLOJIIIGFDA37CG,大安段一小段408地號
QPPNMLOJIIIGFDA37CG,大安段一小段409地號
QPPNMLOJIIIGFDA37CG,大安段一小段434地號
QPPNMLOJIIIGFDA37CG,大安段一小段437地號
QPPNMLOJIIIGFDA37CG,大安段一小段438地號
QPPNMLOJIIIGFDA37CG,大安段一小段441地號
QPPNMLOJIIIGFDA37CG,大安段一小段442地號
QPPNMLOJIIIGFDA37CG,大安段一小段445地號
VPPNMLMKIIIGFDA87DG,雅祥段四小段291-2地號
VPPNMLMKIIIGFDA87DG,雅祥段四小段291-4地號
VPPNMLMKIIIGFDA87DG,雅祥段四小段292地號
WPPNMLNKIIIGFDA97CG,復興段二小段142-1地號
WPPNMLNKIIIGFDA97CG,復興段二小段148地號
WPPNMLNKIIIGFDA97CG,復興段二小段149-11地號
WPPNMLNKIIIGFDA97CG,復興段二小段149-12地號
WPPNMLNKIIIGFDA97CG,復興段二小段149-15地號
WPPNMLNKIIIGFDA97CG,復興段二小段149-16地號
WPPNMLNKIIIGFDA97CG,復興段二小段143地號
WPPNMLNKIIIGFDA97CG,復興段二小段144地號
WPPNMLNKIIIGFDA97CG,復興段二小段145-1地號
WPPNMLNKIIIGFDA97CG,復興段二小段145-2地號
WPPNMLNKIIIGFDA97CG,復興段二小段145-3地號
WPPNMLNKIIIGFDA97CG,復興段二小段145-5地號
WPPNMLNKIIIGFDA97CG,復興段二小段146地號
WPPNMLNKIIIGFDA97CG,復興段二小段147地號
SPPNMLSKIIIGFDA08CG,玉成段四小段304地號
SPPNMLSKIIIGFDA08CG,玉成段四小段304-1地號
SPPNMLSKIIIGFDA08CG,玉成段四小段305地號
SPPNMLSKIIIGFDA08CG,玉成段四小段308地號
SPPNMLSKIIIGFDA08CG,玉成段四小段309地號
VPPNMLPLIIIGFDA18CG,中山段一小段640地號
VPPNMLPLIIIGFDA18CG,中山段一小段654地號
VPPNMLPLIIIGFDA18CG,中山段一小段655地號
VPPNMLPLIIIGFDA18CG,中山段一小段641地號
VPPNMLPLIIIGFDA18CG,中山段一小段642地號
VPPNMLPLIIIGFDA18CG,中山段一小段643地號
VPPNMLPLIIIGFDA18CG,中山段一小段644地號
VPPNMLPLIIIGFDA18CG,中山段一小段645地號
VPPNMLPLIIIGFDA18CG,中山段一小段646地號
VPPNMLPLIIIGFDA18CG,中山段一小段652地號
VPPNMLPLIIIGFDA18CG,中山段一小段653地號
RPPNMLRLIIIGFDA97CG,軟橋段67地號
RPPNMLRLIIIGFDA97CG,軟橋段68地號
QPPNMLSJJIIGFDA97DG,吉林段三小段189地號
QPPNMLKLJIIGFDA37DG,福和段一小段694-2地號
QPPNMLKLJIIGFDA37DG,福和段一小段709-1地號
QPPNMLKLJIIGFDA37DG,福和段一小段710地號
QPPNMLKLJIIGFDA37DG,福和段一小段711地號
QPPNMLKLJIIGFDA37DG,福和段一小段712地號
QPPNMLKLJIIGFDA37DG,福和段一小段714地號
QPPNMLKLJIIGFDA37DG,福和段一小段715地號
QPPNMLKLJIIGFDA37DG,福和段一小段716地號
QPPNMLKLJIIGFDA37DG,福和段一小段717地號
QPPNMLKLJIIGFDA37DG,福和段一小段702地號
QPPNMLKLJIIGFDA37DG,福和段一小段703地號
QPPNMLKLJIIGFDA37DG,福和段一小段704地號
QPPNMLKLJIIGFDA37DG,福和段一小段705地號
QPPNMLKLJIIGFDA37DG,福和段一小段706地號
QPPNMLKLJIIGFDA37DG,福和段一小段707地號
QPPNMLKLJIIGFDA37DG,福和段一小段707-1地號
QPPNMLKLJIIGFDA37DG,福和段一小段709地號
QPPNMLKMJIIGFDA37CG,福星段二小段389地號
QPPNMLKMJIIGFDA37CG,福星段二小段390地號
QPPNMLKMJIIGFDA37CG,福星段二小段402地號
QPPNMLKMJIIGFDA37CG,福星段二小段403地號
QPPNMLKMJIIGFDA37CG,福星段二小段404地號
QPPNMLKMJIIGFDA37CG,福星段二小段405地號
QPPNMLOJKIIGFDA67DG,福林段二小段81地號
QPPNMLOJKIIGFDA67DG,福林段二小段81-3地號
QPPNMLOJKIIGFDA67DG,福林段二小段81-4地號
QPPNMLOJKIIGFDA67DG,福林段二小段81-12地號
QPPNMLOJKIIGFDA67DG,福林段二小段115-1地號
QPPNMLOJKIIGFDA67DG,福林段二小段115-3地號
QPPNMLNKKIIGFDA57CG,雙連段一小段556地號
SPPNMLQLKIIGFDA18CG,開明段二小段246地號
SPPNMLQLKIIGFDA18CG,開明段二小段247地號
SPPNMLQLKIIGFDA18CG,開明段二小段248地號
SPPNMLQLKIIGFDA18CG,開明段二小段249地號
QPQNMLKKJHJGFDA27CG,華江段三小段366地號
QPQNMLKKJHJGFDA27CG,華江段三小段367地號
QPQNMLKKJHJGFDA27CG,華江段三小段368地號
QPQNMLKKJHJGFDA27CG,華江段三小段369地號
QPQNMLKKJHJGFDA27CG,華江段三小段370地號
QPQNMLKKJHJGFDA27CG,華江段三小段371地號
QPQNMLKKJHJGFDA27CG,華江段三小段372地號
QPPNMLLKJHJGFDA27CG,永昌段一小段278地號
QPPNMLLKJHJGFDA27CG,永昌段一小段296地號
QPPNMLLKJHJGFDA27CG,永昌段一小段296-1地號
QPPNMLLKJHJGFDA27CG,永昌段一小段302地號
QPPNMLLKJHJGFDA27CG,永昌段一小段279-2地號
QPPNMLLKJHJGFDA27CG,永昌段一小段291地號
QPPNMLLKJHJGFDA27CG,永昌段一小段291-1地號
QPPNMLLKJHJGFDA27CG,永昌段一小段292地號
QPPNMLLKJHJGFDA27CG,永昌段一小段293地號
QPPNMLLKJHJGFDA27CG,永昌段一小段294地號
QPPNMLLKJHJGFDA27CG,永昌段一小段295地號
QPPNMLLKJHJGFDA27CG,永昌段一小段295-1地號
VPQNMLMKJHJGFDA97CG,玉成段四小段585地號
VPQNMLMKJHJGFDA97CG,玉成段四小段596地號
VPQNMLMKJHJGFDA97CG,玉成段四小段597地號
VPQNMLMKJHJGFDA97CG,玉成段四小段586地號
VPQNMLMKJHJGFDA97CG,玉成段四小段587地號
VPQNMLMKJHJGFDA97CG,玉成段四小段588地號
VPQNMLMKJHJGFDA97CG,玉成段四小段591地號
VPQNMLMKJHJGFDA97CG,玉成段四小段592地號
VPQNMLMKJHJGFDA97CG,玉成段四小段593地號
VPQNMLMKJHJGFDA97CG,玉成段四小段594地號
VPQNMLMKJHJGFDA97CG,玉成段四小段595地號
WPQNMLNLJHJGFDA28CG,長安段一小段81地號
WPQNMLNLJHJGFDA28CG,長安段一小段82地號
UPPNMLOLJHJGFDA18DG,永昌段一小段451地號
UPPNMLOLJHJGFDA18DG,永昌段一小段452地號
UPPNMLOLJHJGFDA18DG,永昌段一小段453地號
UPPNMLOLJHJGFDA18DG,永昌段一小段454地號
UPPNMLOLJHJGFDA18DG,永昌段一小段455地號
UPPNMLOLJHJGFDA18DG,永昌段一小段456地號
UPPNMLOLJHJGFDA18DG,永昌段一小段457地號
UPPNMLOLJHJGFDA18DG,永昌段一小段458地號
UPPNMLOLJHJGFDA18DG,永昌段一小段464地號
QPPNMLKMJHJGFDA37CG,吉林段二小段287地號
QPPNMLKMJHJGFDA37CG,吉林段二小段289地號
QPPNMLKMJHJGFDA37CG,吉林段二小段293地號
UPQNMLMJKHJGFDA97DG,福星段二小段577地號
UPQNMLMJKHJGFDA97DG,福星段二小段585-2地號
UPQNMLMJKHJGFDA97DG,福星段二小段585-3地號
UPQNMLMJKHJGFDA97DG,福星段二小段585-4地號
UPQNMLMJKHJGFDA97DG,福星段二小段585-6地號
UPQNMLMJKHJGFDA97DG,福星段二小段586地號
UPQNMLMJKHJGFDA97DG,福星段二小段587地號
UPQNMLMJKHJGFDA97DG,福星段二小段588地號
UPQNMLMJKHJGFDA97DG,福星段二小段589地號
UPQNMLMJKHJGFDA97DG,福星段二小段590地號
UPQNMLMJKHJGFDA97DG,福星段二小段591地號
UPQNMLMJKHJGFDA97DG,福星段二小段578-1地號
UPQNMLMJKHJGFDA97DG,福星段二小段592地號
UPQNMLMJKHJGFDA97DG,福星段二小段593地號
UPQNMLMJKHJGFDA97DG,福星段二小段594地號
UPQNMLMJKHJGFDA97DG,福星段二小段595地號
UPQNMLMJKHJGFDA97DG,福星段二小段596地號
UPQNMLMJKHJGFDA97DG,福星段二小段596-1地號
UPQNMLMJKHJGFDA97DG,福星段二小段596-2地號
UPQNMLMJKHJGFDA97DG,福星段二小段597地號
UPQNMLMJKHJGFDA97DG,福星段二小段598地號
UPQNMLMJKHJGFDA97DG,福星段二小段599地號
UPQNMLMJKHJGFDA97DG,福星段二小段579地號
UPQNMLMJKHJGFDA97DG,福星段二小段600地號
UPQNMLMJKHJGFDA97DG,福星段二小段601地號
UPQNMLMJKHJGFDA97DG,福星段二小段580地號
UPQNMLMJKHJGFDA97DG,福星段二小段581地號
UPQNMLMJKHJGFDA97DG,福星段二小段582地號
UPQNMLMJKHJGFDA97DG,福星段二小段583地號
UPQNMLMJKHJGFDA97DG,福星段二小段583-1地號
UPQNMLMJKHJGFDA97DG,福星段二小段584地號
VPPNMLQJKHJGFDA28CG,南港段一小段105地號
VPPNMLQJKHJGFDA28CG,南港段一小段107地號
VPPNMLQJKHJGFDA28CG,南港段一小段108地號
VPPNMLQJKHJGFDA28CG,南港段一小段109地號
VPPNMLQJKHJGFDA28CG,南港段一小段110地號
VPPNMLQJKHJGFDA28CG,南港段一小段111地號
VPPNMLQJKHJGFDA28CG,南港段一小段111-1地號
VPPNMLQJKHJGFDA28CG,南港段一小段111-2地號
VPPNMLQJKHJGFDA28CG,南港段一小段111-3地號
VPPNMLQJKHJGFDA28CG,南港段一小段111-4地號
VPPNMLQJKHJGFDA28CG,南港段一小段111-5地號
VPPNMLQJKHJGFDA28CG,南港段一小段106地號
VPPNMLQJKHJGFDA28CG,南港段一小段111-6地號
VPPNMLQJKHJGFDA28CG,南港段一小段113地號
VPPNMLQJKHJGFDA28CG,南港段一小段114地號
VPPNMLQJKHJGFDA28CG,南港段一小段115地號
VPPNMLQJKHJGFDA28CG,南港段一小段116地號
VPPNMLQJKHJGFDA28CG,南港段一小段119地號
VPPNMLQJKHJGFDA28CG,南港段一小段120地號
VPPNMLQJKHJGFDA28CG,南港段一小段120-1地號
VPPNMLQJKHJGFDA28CG,南港段一小段121地號
VPPNMLQJKHJGFDA28CG,南港段一小段121-3地號
VPPNMLQJKHJGFDA28CG,南港段一小段106-1地號
VPPNMLQJKHJGFDA28CG,南港段一小段121-4地號
VPPNMLQJKHJGFDA28CG,南港段一小段121-5地號
VPPNMLQJKHJGFDA28CG,南港段一小段121-6地號
VPPNMLQJKHJGFDA28CG,南港段一小段121-7地號
VPPNMLQJKHJGFDA28CG,南港段一小段121-8地號
VPPNMLQJKHJGFDA28CG,南港段一小段121-9地號
VPPNMLQJKHJGFDA28CG,南港段一小段121-10地號
VPPNMLQJKHJGFDA28CG,南港段一小段121-11地號
VPPNMLQJKHJGFDA28CG,南港段一小段121-12地號
VPPNMLQJKHJGFDA28CG,南港段一小段121-13地號
VPPNMLQJKHJGFDA28CG,南港段一小段106-2地號
VPPNMLQJKHJGFDA28CG,南港段一小段121-14地號
VPPNMLQJKHJGFDA28CG,南港段一小段106-3地號
VPPNMLQJKHJGFDA28CG,南港段一小段106-4地號
VPPNMLQJKHJGFDA28CG,南港段一小段106-5地號
VPPNMLQJKHJGFDA28CG,南港段一小段106-6地號
VPPNMLQJKHJGFDA28CG,南港段一小段106-7地號
QPPNMLRJKHJGFDA97DG,崇仰段三小段209-1地號
QPPNMLRJKHJGFDA97DG,崇仰段三小段211地號
QPPNMLRJKHJGFDA97DG,崇仰段三小段211-7地號
QPPNMLRJKHJGFDA97DG,崇仰段三小段212-1地號
QPPNMLRJKHJGFDA97DG,崇仰段三小段209地號
QPPNMLRJKHJGFDA97DG,崇仰段三小段210地號
QPPNMLRJKHJGFDA97DG,崇仰段三小段211-1地號
QPPNMLRJKHJGFDA97DG,崇仰段三小段212地號
QPQNMLRJKHJGFDA97CG,萬芳段三小段563-3地號
QPQNMLRJKHJGFDA97CG,萬芳段三小段590地號
QPQNMLRJKHJGFDA97CG,萬芳段三小段593-1地號
QPQNMLRJKHJGFDA97CG,萬芳段三小段594地號
QPQNMLRJKHJGFDA97CG,萬芳段三小段595地號
QPQNMLRJKHJGFDA97CG,萬芳段三小段596地號
QPQNMLRJKHJGFDA97CG,萬慶段三小段597地號
QPQNMLRJKHJGFDA97CG,萬芳段三小段600地號
UPQNMLLLKHJGFDA97CG,長春段一小段462-1地號
UPQNMLLLKHJGFDA97CG,長春段一小段471-3地號
UPQNMLLLKHJGFDA97CG,長春段一小段474地號
UPQNMLLLKHJGFDA97CG,長春段一小段475地號
UPQNMLLLKHJGFDA97CG,長春段一小段476地號
UPQNMLLLKHJGFDA97CG,長春段一小段476-1地號
UPQNMLLLKHJGFDA97CG,長春段一小段476-2地號
UPQNMLLLKHJGFDA97CG,長春段一小段477地號
UPQNMLLLKHJGFDA97CG,長春段一小段478地號
UPQNMLLLKHJGFDA97CG,長春段一小段479地號
UPQNMLLLKHJGFDA97CG,長春段一小段480地號
UPQNMLLLKHJGFDA97CG,長春段一小段465地號
UPQNMLLLKHJGFDA97CG,長春段一小段465-1地號
UPQNMLLLKHJGFDA97CG,長春段一小段466地號
UPQNMLLLKHJGFDA97CG,長春段一小段466-1地號
UPQNMLLLKHJGFDA97CG,長春段一小段467地號
UPQNMLLLKHJGFDA97CG,長春段一小段468地號
UPQNMLLLKHJGFDA97CG,長春段一小段469地號
UPQNMLLLKHJGFDA97CG,長春段一小段470地號
QPPNMLPJLHJGFDA77CG,中山段三小段796地號
QPPNMLPJLHJGFDA77CG,中山段三小段797地號
QPPNMLPJLHJGFDA77CG,中山段三小段798地號
QPPNMLPJLHJGFDA77CG,中山段三小段799地號
QPPNMLPJLHJGFDA77CG,中山段三小段806地號
QPPNMLPJLHJGFDA77CG,中山段三小段807地號
QPPNMLPJLHJGFDA77CG,中山段三小段808地號
QPPNMLPJLHJGFDA77CG,中山段三小段809地號
QPPNMLPJLHJGFDA77CG,中山段三小段810地號
QPPNMLQJLHJGFDA87CG,政大段二小段426地號
QPPNMLQJLHJGFDA87CG,政大段二小段430地號
QPPNMLLKLHJGFDA47CG,永昌段四小段294地號
QPPNMLLKLHJGFDA47CG,永昌段四小段302地號
QPPNMLLKLHJGFDA47CG,永昌段四小段303地號
QPPNMLLKLHJGFDA47CG,永昌段四小段303-2地號
QPPNMLLKLHJGFDA47CG,永昌段四小段307地號
QPPNMLLKLHJGFDA47CG,永昌段四小段308地號
QPPNMLLKLHJGFDA47CG,永昌段四小段295地號
QPPNMLLKLHJGFDA47CG,永昌段四小段296地號
QPPNMLLKLHJGFDA47CG,永昌段四小段297地號
QPPNMLLKLHJGFDA47CG,永昌段四小段298地號
QPPNMLLKLHJGFDA47CG,永昌段四小段299地號
QPPNMLLKLHJGFDA47CG,永昌段四小段299-1地號
QPPNMLLKLHJGFDA47CG,永昌段四小段300地號
QPPNMLLKLHJGFDA47CG,永昌段四小段301地號
QPQNMLLKLHJGFDA57CG,福和段一小段537地號
QPQNMLLKLHJGFDA57CG,福和段一小段538地號
QPQNMLLKLHJGFDA57CG,福和段一小段539地號
QPQNMLLKLHJGFDA57CG,福和段一小段540地號
QPQNMLLKLHJGFDA57CG,福和段一小段543地號
QPQNMLLKLHJGFDA57CG,福和段一小段544地號
QPQNMLLKLHJGFDA57CG,福和段一小段544-1地號
QPQNMLLKLHJGFDA67DG,敦化段二小段450地號
QPQNMLLKLHJGFDA67DG,敦化段二小段465地號
QPQNMLLKLHJGFDA67DG,敦化段二小段465-1地號
QPQNMLLKLHJGFDA67DG,敦化段二小段468-2地號
QPQNMLLKLHJGFDA67DG,敦化段二小段473-9地號
QPQNMLLKLHJGFDA67DG,敦化段二小段449-18地號
QPQNMLLKLHJGFDA67DG,敦化段二小段449-13地號
QPQNMLLKLHJGFDA67DG,敦化段二小段451地號
QPQNMLLKLHJGFDA67DG,敦化段二小段452地號
QPQNMLLKLHJGFDA67DG,敦化段二小段456地號
QPQNMLLKLHJGFDA67DG,敦化段二小段457地號
QPQNMLLKLHJGFDA67DG,敦化段二小段460地號
QPQNMLLKLHJGFDA67DG,敦化段二小段461地號
QPQNMLLKLHJGFDA67DG,敦化段二小段464地號
QPQNMLLKLHJGFDA67DG,敦化段二小段464-1地號
QPPNMLLKLHJGFDA57DG,陽明段三小段379-7地號
QPPNMLLKLHJGFDA57DG,陽明段三小段421地號
QPPNMLLKLHJGFDA57DG,陽明段三小段422地號
QPPNMLLKLHJGFDA57DG,陽明段三小段423地號
QPPNMLLKLHJGFDA57DG,陽明段三小段425地號
QPPNMLLKLHJGFDA57DG,陽明段三小段379-8地號
QPPNMLLKLHJGFDA57DG,陽明段三小段379-9地號
QPPNMLLKLHJGFDA57DG,陽明段三小段379-10地號
QPPNMLLKLHJGFDA57DG,陽明段三小段379-11地號
QPPNMLLKLHJGFDA57DG,陽明段三小段379-12地號
QPPNMLLKLHJGFDA57DG,陽明段三小段418地號
QPPNMLLKLHJGFDA57DG,陽明段三小段419地號
QPPNMLLKLHJGFDA57DG,陽明段三小段420地號
QPPNMLOKLHJGFDA77CG,中山段四小段3地號
QPPNMLOKLHJGFDA77CG,中山段四小段4地號
QPPNMLOKLHJGFDA77CG,中山段四小段5地號
TPPNMLPKLHJGFDA28DG,天山段一小段77地號
TPPNMLPKLHJGFDA28DG,天山段一小段90地號
TPPNMLPKLHJGFDA28DG,天山段一小段90-1地號
TPPNMLPKLHJGFDA28DG,天山段一小段91地號
TPPNMLPKLHJGFDA28DG,天山段一小段97-1地號
TPPNMLPKLHJGFDA28DG,天山段一小段99地號
TPPNMLPKLHJGFDA28DG,天山段一小段100地號
ZPPNMLMLLHJGFDA68DG,吉林段三小段802地號
ZPPNMLMLLHJGFDA68DG,吉林段三小段803地號
ZPPNMLMLLHJGFDA68DG,吉林段三小段804地號
ZPPNMLMLLHJGFDA68DG,吉林段三小段805地號
ZPPNMLMLLHJGFDA68DG,吉林段三小段806地號
ZPPNMLMLLHJGFDA68DG,吉林段三小段807地號
ZPPNMLMLLHJGFDA68DG,吉林段三小段808地號
ZPPNMLMLLHJGFDA68DG,吉林段三小段809地號
ZPPNMLMLLHJGFDA68DG,吉林段三小段810地號
SPQNMLMLLHJGFDA97CG,雅祥段一小段615地號
SPQNMLMLLHJGFDA97CG,雅祥段一小段615-1地號
SPQNMLMLLHJGFDA97CG,雅祥段一小段616地號
SPQNMLMLLHJGFDA97CG,雅祥段一小段617地號
SPQNMLMLLHJGFDA97CG,雅祥段一小段617-1地號
SPQNMLMLLHJGFDA97CG,雅祥段一小段618地號
SPQNMLMLLHJGFDA97CG,雅祥段一小段618-2地號
SPQNMLMLLHJGFDA97CG,雅祥段一小段618-3地號
SPQNMLMLLHJGFDA97CG,雅祥段一小段619地號
QPPNMLRLLHJGFDA18CG,辛亥段四小段64地號
QPPNMLRLLHJGFDA18CG,辛亥段四小段75地號
QPPNMLRLLHJGFDA18CG,辛亥段四小段76地號
QPPNMLRLLHJGFDA18CG,辛亥段四小段76-1地號
QPPNMLRLLHJGFDA18CG,辛亥段四小段78地號
QPPNMLRLLHJGFDA18CG,辛亥段四小段78-1地號
QPPNMLRLLHJGFDA18CG,辛亥段四小段78-2地號
QPPNMLRLLHJGFDA18CG,辛亥段四小段79地號
QPPNMLRLLHJGFDA18CG,辛亥段四小段80地號
QPPNMLRLLHJGFDA18CG,辛亥段四小段80-1地號
QPPNMLRLLHJGFDA18CG,辛亥段四小段88地號
QPPNMLRLLHJGFDA18CG,辛亥段四小段65地號
QPPNMLRLLHJGFDA18CG,辛亥段四小段88-1地號
QPPNMLRLLHJGFDA18CG,辛亥段四小段88-2地號
QPPNMLRLLHJGFDA18CG,辛亥段四小段88-3地號
QPPNMLRLLHJGFDA18CG,辛亥段四小段88-4地號
QPPNMLRLLHJGFDA18CG,辛亥段四小段91地號
QPPNMLRLLHJGFDA18CG,辛亥段四小段92地號
QPPNMLRLLHJGFDA18CG,辛亥段四小段99地號
QPPNMLRLLHJGFDA18CG,辛亥段四小段101地號
QPPNMLRLLHJGFDA18CG,辛亥段四小段66地號
QPPNMLRLLHJGFDA18CG,辛亥段四小段69地號
QPPNMLRLLHJGFDA18CG,辛亥段四小段69-1地號
QPPNMLRLLHJGFDA18CG,辛亥段四小段70地號
QPPNMLRLLHJGFDA18CG,辛亥段四小段71地號
QPPNMLRLLHJGFDA18CG,辛亥段四小段71-1地號
QPPNMLRLLHJGFDA18CG,辛亥段四小段72地號
SPPNMLMJMHJGFDA77CG,城中段一小段263地號
SPPNMLMJMHJGFDA77CG,城中段一小段272地號
SPPNMLMJMHJGFDA77CG,城中段一小段273地號
SPPNMLMJMHJGFDA77CG,城中段一小段274地號
SPPNMLMJMHJGFDA77CG,城中段一小段264地號
SPPNMLMJMHJGFDA77CG,城中段一小段265地號
SPPNMLMJMHJGFDA77CG,城中段一小段266地號
SPPNMLMJMHJGFDA77CG,城中段一小段267地號
SPPNMLMJMHJGFDA77CG,城中段一小段268地號
SPPNMLMJMHJGFDA77CG,城中段一小段269地號
SPPNMLMJMHJGFDA77CG,城中段一小段270地號
SPPNMLMJMHJGFDA77CG,城中段一小段271地號
SPQNMLNJMHJGFDA08DG,三興段一小段1045地號
SPQNMLNJMHJGFDA08DG,三興段一小段1047地號
SPQNMLNJMHJGFDA08DG,三興段一小段1049地號
SPQNMLNJMHJGFDA08DG,三興段一小段1051地號
SPPNMLTJMHJGFDA58DG,華興段三小段54地號
SPPNMLTJMHJGFDA58DG,華興段三小段65地號
SPPNMLTJMHJGFDA58DG,華興段三小段66地號
SPPNMLTJMHJGFDA58DG,華興段三小段57地號
SPPNMLTJMHJGFDA58DG,華興段三小段58地號
SPPNMLTJMHJGFDA58DG,華興段三小段59地號
SPPNMLTJMHJGFDA58DG,華興段三小段60地號
SPPNMLTJMHJGFDA58DG,華興段三小段61地號
SPPNMLTJMHJGFDA58DG,華興段三小段62地號
SPPNMLTJMHJGFDA58DG,華興段三小段63地號
SPPNMLTJMHJGFDA58DG,華興段三小段64地號
RPPNMLLKMHJGFDA67CG,龍泉段二小段773地號
RPPNMLLKMHJGFDA67CG,龍泉段二小段782地號
RPPNMLLKMHJGFDA67CG,龍泉段二小段782-1地號
RPPNMLLKMHJGFDA67CG,龍泉段二小段782-2地號
RPPNMLLKMHJGFDA67CG,龍泉段二小段783地號
RPPNMLLKMHJGFDA67CG,龍泉段二小段783-1地號
RPPNMLLKMHJGFDA67CG,龍泉段二小段784地號
RPPNMLLKMHJGFDA67CG,龍泉段二小段785地號
RPPNMLLKMHJGFDA67CG,龍泉段二小段785-1地號
RPPNMLLKMHJGFDA67CG,龍泉段二小段786地號
RPPNMLLKMHJGFDA67CG,龍泉段二小段787地號
RPPNMLLKMHJGFDA67CG,龍泉段二小段773-1地號
RPPNMLLKMHJGFDA67CG,龍泉段二小段788地號
RPPNMLLKMHJGFDA67CG,龍泉段二小段789地號
RPPNMLLKMHJGFDA67CG,龍泉段二小段789-1地號
RPPNMLLKMHJGFDA67CG,龍泉段二小段790地號
RPPNMLLKMHJGFDA67CG,龍泉段二小段908地號
RPPNMLLKMHJGFDA67CG,龍泉段二小段908-3地號
RPPNMLLKMHJGFDA67CG,龍泉段二小段914-4地號
RPPNMLLKMHJGFDA67CG,龍泉段二小段774地號
RPPNMLLKMHJGFDA67CG,龍泉段二小段776地號
RPPNMLLKMHJGFDA67CG,龍泉段二小段777地號
RPPNMLLKMHJGFDA67CG,龍泉段二小段778地號
RPPNMLLKMHJGFDA67CG,龍泉段二小段779地號
RPPNMLLKMHJGFDA67CG,龍泉段二小段780地號
RPPNMLLKMHJGFDA67CG,龍泉段二小段781地號
QPQNMLMLMHJGFDA97DG,中山段三小段278地號
QPQNMLMLMHJGFDA97DG,中山段三小段279地號
QPQNMLMLMHJGFDA97DG,中山段三小段280地號
QPQNMLMLMHJGFDA97DG,中山段三小段302地號
QPQNMLMLMHJGFDA97DG,中山段三小段303地號
QPQNMLMLMHJGFDA97DG,中山段三小段304地號
SPPNMLNLMHJGFDA18DG,德惠段二小段992地號
SPPNMLNLMHJGFDA18DG,德惠段二小段993地號
SPPNMLNLMHJGFDA18DG,德惠段二小段994地號
SPPNMLNLMHJGFDA18DG,德惠段二小段995地號
SPPNMLNLMHJGFDA18DG,德惠段二小段1003地號
QPPNMLTLMHJGFDA58DG,新洲美段97地號
QPPNMLTJNHJGFDA38CG,城中段二小段586地號
QPPNMLTJNHJGFDA38CG,城中段二小段595-1地號
QPPNMLTJNHJGFDA38CG,城中段二小段597地號
QPPNMLTJNHJGFDA38CG,城中段二小段598地號
QPPNMLTJNHJGFDA38CG,城中段二小段602-1地號
QPPNMLTJNHJGFDA38CG,城中段二小段603地號
QPQNMLKKNHJGFDA77DG,天母段三小段106-3地號
QPQNMLKKNHJGFDA77DG,天母段三小段108地號
QPPNMLKKNHJGFDA67DG,奇岩段二小段85-1地號
QPPNMLKKNHJGFDA67DG,奇岩段二小段99地號
QPPNMLKKNHJGFDA67DG,奇岩段二小段100地號
QPPNMLKKNHJGFDA67DG,奇岩段二小段101地號
QPPNMLKKNHJGFDA67DG,奇岩段二小段86-1地號
QPPNMLKKNHJGFDA67DG,奇岩段二小段93-1地號
QPPNMLKKNHJGFDA67DG,奇岩段二小段94-1地號
QPPNMLKKNHJGFDA67DG,奇岩段二小段95-1地號
QPPNMLKKNHJGFDA67DG,奇岩段二小段95-2地號
QPPNMLKKNHJGFDA67DG,奇岩段二小段96地號
QPPNMLKKNHJGFDA67DG,奇岩段二小段97地號
QPPNMLKKNHJGFDA67DG,奇岩段二小段98地號
QPPNMLLLNHJGFDA77CG,碧湖段四小段450地號
QPPNMLLLNHJGFDA77CG,碧湖段四小段451地號
QPPNMLLLNHJGFDA77CG,碧湖段四小段445地號
QPPNMLLLNHJGFDA77CG,碧湖段四小段445-2地號
SPPNMLMLNHJGFDA08CG,木柵段一小段412地號
SPPNMLMLNHJGFDA08CG,木柵段一小段413地號
SPPNMLMLNHJGFDA08CG,木柵段一小段414地號
SPPNMLMLNHJGFDA08CG,木柵段一小段415地號
SPPNMLMLNHJGFDA08CG,木柵段一小段416地號
SPPNMLMLNHJGFDA08CG,木柵段一小段417地號
SPPNMLMLNHJGFDA08CG,木柵段一小段418地號
SPPNMLMLNHJGFDA08CG,木柵段一小段419地號
QPPNMLOLNHJGFDA08CG,雅祥段一小段580地號
QPPNMLOLNHJGFDA08CG,雅祥段一小段596-2地號
QPPNMLOLNHJGFDA08CG,雅祥段一小段596-3地號
QPPNMLOLNHJGFDA08CG,雅祥段一小段597地號
QPPNMLOLNHJGFDA08CG,雅祥段一小段598地號
QPPNMLOLNHJGFDA08CG,雅祥段一小段598-2地號
QPPNMLOLNHJGFDA08CG,雅祥段一小段582地號
QPPNMLOLNHJGFDA08CG,雅祥段一小段584地號
QPPNMLOLNHJGFDA08CG,雅祥段一小段586地號
QPPNMLOLNHJGFDA08CG,雅祥段一小段588地號
QPPNMLOLNHJGFDA08CG,雅祥段一小段590地號
QPPNMLOLNHJGFDA08CG,雅祥段一小段592地號
QPPNMLOLNHJGFDA08CG,雅祥段一小段594地號
QPPNMLOLNHJGFDA08CG,雅祥段一小段596地號
WPPNMLTLNHJGFDA56CG,美仁段二小段634地號
WPPNMLTLNHJGFDA56CG,美仁段二小段635地號
WPPNMLTLNHJGFDA56CG,美仁段二小段634-1地號
WPPNMLTLNHJGFDA56CG,美仁段二小段635-1地號
QPPNMLOJOHJGFDA97CG,大業段四小段94地號
QPPNMLOJOHJGFDA97CG,大業段四小段101地號
QPPNMLOJOHJGFDA97CG,大業段四小段102地號
QPPNMLOJOHJGFDA97CG,大業段四小段103地號
QPPNMLOJOHJGFDA97CG,大業段四小段104地號
QPPNMLOJOHJGFDA97CG,大業段四小段105地號
QPPNMLOJOHJGFDA97CG,大業段四小段106地號
QPPNMLOJOHJGFDA97CG,大業段四小段108地號
QPPNMLOJOHJGFDA97CG,大業段四小段110地號
QPPNMLOJOHJGFDA97CG,大業段四小段111地號
QPPNMLOJOHJGFDA97CG,大業段四小段112地號
QPPNMLOJOHJGFDA97CG,大業段四小段95地號
QPPNMLOJOHJGFDA97CG,大業段四小段96地號
QPPNMLOJOHJGFDA97CG,大業段四小段96-1地號
QPPNMLOJOHJGFDA97CG,大業段四小段96-2地號
QPPNMLOJOHJGFDA97CG,大業段四小段97地號
QPPNMLOJOHJGFDA97CG,大業段四小段98地號
QPPNMLOJOHJGFDA97CG,大業段四小段99地號
QPPNMLOJOHJGFDA97CG,大業段四小段100地號
QPPNMLOJOHJGFDA08DG,金華段二小段387-1地號
QPPNMLOJOHJGFDA08DG,金華段二小段397地號
QPPNMLOJOHJGFDA08DG,金華段二小段390地號
QPPNMLOJOHJGFDA08DG,金華段二小段391地號
QPPNMLOJOHJGFDA08DG,金華段二小段392地號
QPPNMLOJOHJGFDA08DG,金華段二小段393地號
QPPNMLOJOHJGFDA08DG,金華段二小段394地號
QPPNMLOJOHJGFDA08DG,金華段二小段396地號
QPPNMLOJOHJGFDA08DG,金華段二小段396-1地號
QPPNMLOJOHJGFDA08DG,金華段二小段396-2地號
QPQNMLKKOHJGFDA87DG,木柵段三小段623-1地號
QPQNMLKKOHJGFDA87DG,木柵段三小段639地號
QPQNMLKKOHJGFDA87DG,木柵段三小段640地號
QPQNMLKKOHJGFDA87DG,木柵段三小段643地號
QPQNMLKKOHJGFDA87DG,木柵段三小段644地號
QPQNMLKKOHJGFDA87DG,木柵段三小段645地號
QPQNMLKKOHJGFDA87DG,木柵段三小段646地號
QPQNMLKKOHJGFDA87DG,木柵段三小段647地號
QPQNMLKKOHJGFDA87DG,木柵段三小段648地號
QPQNMLKKOHJGFDA87DG,木柵段三小段649地號
QPQNMLKKOHJGFDA87DG,木柵段三小段652地號
QPQNMLKKOHJGFDA87DG,木柵段三小段623-2地號
QPQNMLKKOHJGFDA87DG,木柵段三小段653地號
QPQNMLKKOHJGFDA87DG,木柵段三小段656地號
QPQNMLKKOHJGFDA87DG,木柵段三小段657地號
QPQNMLKKOHJGFDA87DG,木柵段三小段660地號
QPQNMLKKOHJGFDA87DG,木柵段三小段661地號
QPQNMLKKOHJGFDA87DG,木柵段三小段666地號
QPQNMLKKOHJGFDA87DG,木柵段三小段623-3地號
QPQNMLKKOHJGFDA87DG,木柵段三小段623-4地號
QPQNMLKKOHJGFDA87DG,木柵段三小段623-5地號
QPQNMLKKOHJGFDA87DG,木柵段三小段631地號
QPQNMLKKOHJGFDA87DG,木柵段三小段632地號
QPQNMLKKOHJGFDA87DG,木柵段三小段635地號
QPQNMLKKOHJGFDA87DG,木柵段三小段636地號
QPPNMLLKOHJGFDA77CG,莒光段一小段408-12地號
QPQNMLOKOHJGFDA28DG,西松段二小段427地號
RPPNMLTKOHJGFDA78DG,通化段一小段113-1地號
RPPNMLTKOHJGFDA78DG,通化段一小段126-1地號
RPPNMLTKOHJGFDA78DG,通化段一小段126-2地號
RPPNMLTKOHJGFDA78DG,通化段一小段129地號
RPPNMLTKOHJGFDA78DG,通化段一小段130地號
RPPNMLTKOHJGFDA78DG,通化段一小段131地號
RPPNMLTKOHJGFDA78DG,通化段一小段132地號
RPPNMLTKOHJGFDA78DG,通化段一小段133地號
RPPNMLTKOHJGFDA78DG,通化段一小段133-1地號
RPPNMLTKOHJGFDA78DG,通化段一小段133-2地號
RPPNMLTKOHJGFDA78DG,通化段一小段120地號
RPPNMLTKOHJGFDA78DG,通化段一小段121地號
RPPNMLTKOHJGFDA78DG,通化段一小段122地號
RPPNMLTKOHJGFDA78DG,通化段一小段122-1地號
RPPNMLTKOHJGFDA78DG,通化段一小段123地號
RPPNMLTKOHJGFDA78DG,通化段一小段124地號
RPPNMLTKOHJGFDA78DG,通化段一小段125地號
RPPNMLTKOHJGFDA78DG,通化段一小段126地號
QPPNMLTKOHJGFDA58CG,和段一小段144-22地號
QPPNMLTKOHJGFDA58CG,和段一小段159地號
QPPNMLTKOHJGFDA58CG,和段一小段161地號
QPPNMLLLOHJGFDA87CG,大同段一小段249地號
QPPNMLLLOHJGFDA87CG,大同段一小段250地號
QPPNMLLLOHJGFDA87CG,大同段一小段251地號
QPPNMLLLOHJGFDA87CG,大同段一小段252地號
QPPNMLSLOHJGFDA58CG,信義段二小段143地號
QPPNMLSLOHJGFDA58CG,信義段二小段163地號
QPPNMLSLOHJGFDA58CG,信義段二小段144地號
QPPNMLSLOHJGFDA58CG,信義段二小段145地號
QPPNMLSLOHJGFDA58CG,信義段二小段157地號
QPPNMLSLOHJGFDA58CG,信義段二小段158地號
QPPNMLSLOHJGFDA58CG,信義段二小段159地號
QPPNMLSLOHJGFDA58CG,信義段二小段160地號
QPPNMLSLOHJGFDA58CG,信義段二小段161地號
QPPNMLSLOHJGFDA58CG,信義段二小段162地號
QPPNMLLJPHJGFDA77CG,正義段四小段175地號
QPPNMLLJPHJGFDA87DG,寶清段三小段175-1地號
QPPNMLLJPHJGFDA87DG,寶清段三小段178地號
VPPNMLNJPHJGFDA48CG,福林段一小段98地號
VPPNMLNJPHJGFDA48CG,福林段一小段99地號
VPPNMLNJPHJGFDA48CG,福林段一小段100地號
VPPNMLNJPHJGFDA48CG,福林段一小段101地號
VPPNMLNJPHJGFDA48CG,福林段一小段102地號
VPPNMLNJPHJGFDA48CG,福林段一小段103地號
QPPNMLOJPHJGFDA08CG,長春段二小段411地號
QPPNMLOJPHJGFDA08CG,長春段二小段412-2地號
QPPNMLOJPHJGFDA08CG,長春段二小段413地號
QPPNMLOJPHJGFDA08CG,長春段二小段419-2地號
QPPNMLOJPHJGFDA08CG,長春段二小段420-1地號
QPPNMLOJPHJGFDA08CG,長春段二小段422地號
QPPNMLOJPHJGFDA08CG,長春段二小段424-5地號
QPPNMLOJPHJGFDA08CG,長春段二小段412地號
QPPNMLOJPHJGFDA08CG,長春段二小段412-3地號
QPPNMLOJPHJGFDA08CG,長春段二小段419地號
QPPNMLOJPHJGFDA08CG,長春段二小段420地號
QPPNMLOJPHJGFDA08CG,長春段二小段421地號
QPPNMLOJPHJGFDA08CG,長春段二小段424-2地號
QPPNMLOJPHJGFDA08CG,長春段二小段410地號
QPPNMLOJPHJGFDA08CG,長春段二小段411-1地號
TPQNMLKKPHJGFDA18CG,龍泉段二小段746地號
QPPNMLKKPHJGFDA77CG,公園段二小段121地號
QPPNMLKKPHJGFDA77CG,公園段二小段122地號
QPPNMLKKPHJGFDA77CG,公園段二小段123地號
QPPNMLKKPHJGFDA77CG,公園段二小段124地號
QPPNMLKKPHJGFDA77CG,公園段二小段125地號
QPPNMLKKPHJGFDA77CG,公園段二小段126地號
QPPNMLKKPHJGFDA77CG,公園段二小段127地號
QPPNMLRKPHJGFDA48CG,南海段三小段752地號
QPPNMLRKPHJGFDA48CG,南海段三小段753地號
QPPNMLRKPHJGFDA48CG,南海段三小段754地號
QPPNMLRKPHJGFDA48CG,南海段三小段755地號
QPPNMLRKPHJGFDA48CG,南海段三小段755-2地號
QPPNMLRKPHJGFDA48CG,南海段三小段777-1地號
TPRNMLQLPHJGFDA98CG,橋北段三小段582地號
TPRNMLQLPHJGFDA98CG,橋北段三小段583地號
TPRNMLQLPHJGFDA98CG,橋北段三小段621地號
TPRNMLQLPHJGFDA98CG,橋北段三小段621-1地號
TPRNMLQLPHJGFDA98CG,橋北段三小段622地號
TPRNMLQLPHJGFDA98CG,橋北段三小段622-1地號
TPRNMLQLPHJGFDA98CG,橋北段三小段623地號
TPRNMLQLPHJGFDA98CG,橋北段三小段623-1地號
TPRNMLQLPHJGFDA98CG,橋北段三小段628地號
QPQNMLQLPHJGFDA58CG,萬芳段二小段100地號
QPQNMLQLPHJGFDA58CG,萬芳段二小段162地號
QPQNMLQLPHJGFDA58CG,萬芳段二小段168地號
QPQNMLQLPHJGFDA58CG,萬芳段二小段168-1地號
QPQNMLQLPHJGFDA58CG,萬芳段二小段170地號
QPQNMLQLPHJGFDA58CG,萬芳段二小段170-1地號
QPQNMLQLPHJGFDA58CG,萬芳段二小段171地號
QPQNMLQLPHJGFDA58CG,萬芳段二小段172地號
QPQNMLQLPHJGFDA58CG,萬芳段二小段172-1地號
QPQNMLQLPHJGFDA58CG,萬芳段二小段173地號
QPQNMLQLPHJGFDA58CG,萬芳段二小段175地號
QPQNMLQLPHJGFDA58CG,萬芳段二小段100-3地號
QPQNMLQLPHJGFDA58CG,萬芳段二小段177地號
QPQNMLQLPHJGFDA58CG,萬芳段二小段178地號
QPQNMLQLPHJGFDA58CG,萬芳段二小段179-2地號
QPQNMLQLPHJGFDA58CG,萬芳段二小段181-1地號
QPQNMLQLPHJGFDA58CG,萬芳段二小段182-1地號
QPQNMLQLPHJGFDA58CG,萬芳段二小段183-3地號
QPQNMLQLPHJGFDA58CG,萬芳段二小段183-4地號
QPQNMLQLPHJGFDA58CG,萬芳段二小段186地號
QPQNMLQLPHJGFDA58CG,萬芳段二小段215-1地號
QPQNMLQLPHJGFDA58CG,萬芳段二小段219-1地號
QPQNMLQLPHJGFDA58CG,萬芳段二小段101地號
QPQNMLQLPHJGFDA58CG,萬芳段二小段236地號
QPQNMLQLPHJGFDA58CG,萬芳段二小段237地號
QPQNMLQLPHJGFDA58CG,萬芳段二小段238地號
QPQNMLQLPHJGFDA58CG,萬芳段二小段99-1地號
QPQNMLQLPHJGFDA58CG,萬芳段二小段112-1地號
QPQNMLQLPHJGFDA58CG,萬芳段二小段112-2地號
QPQNMLQLPHJGFDA58CG,萬芳段二小段163地號
QPQNMLQLPHJGFDA58CG,萬芳段二小段164地號
QPQNMLQLPHJGFDA58CG,萬芳段二小段164-1地號
SPPNMLKMPHJGFDA18CG,華興段一小段429地號
QPQNMLLMPHJGFDA18CG,文林段五小段309地號
QPQNMLLMPHJGFDA18CG,文林段五小段310地號
QPQNMLLMPHJGFDA18CG,文林段五小段311地號
QPQNMLLMPHJGFDA18CG,文林段五小段319地號
QPQNMLLMPHJGFDA18CG,文林段五小段320地號
QPQNMLLMPHJGFDA18CG,文林段五小段321地號
QPQNMLLMPHJGFDA18CG,文林段五小段322地號
QPPNMLLMPHJGFDA08CG,莒光段四小段58地號
QPPNMLLMPHJGFDA08CG,莒光段四小段61-4地號
QPPNMLLMPHJGFDA08CG,莒光段四小段61-6地號
QPPNMLLMPHJGFDA08CG,莒光段四小段61-7地號
QPPNMLLMPHJGFDA08CG,莒光段四小段61-8地號
QPPNMLLMPHJGFDA08CG,莒光段四小段63地號
QPPNMLLMPHJGFDA08CG,莒光段四小段64地號
QPPNMLLMPHJGFDA08CG,莒光段四小段65地號
QPPNMLLMPHJGFDA08CG,莒光段四小段66地號
QPPNMLLMPHJGFDA08CG,莒光段四小段67地號
QPPNMLLMPHJGFDA08CG,莒光段四小段68地號
QPPNMLLMPHJGFDA08CG,莒光段四小段59地號
QPPNMLLMPHJGFDA08CG,莒光段四小段69地號
QPPNMLLMPHJGFDA08CG,莒光段四小段70地號
QPPNMLLMPHJGFDA08CG,莒光段四小段70-1地號
QPPNMLLMPHJGFDA08CG,莒光段四小段70-2地號
QPPNMLLMPHJGFDA08CG,莒光段四小段71地號
QPPNMLLMPHJGFDA08CG,莒光段四小段72地號
QPPNMLLMPHJGFDA08CG,莒光段四小段73地號
QPPNMLLMPHJGFDA08CG,莒光段四小段74地號
QPPNMLLMPHJGFDA08CG,莒光段四小段74-1地號
QPPNMLLMPHJGFDA08CG,莒光段四小段74-2地號
QPPNMLLMPHJGFDA08CG,莒光段四小段60-1地號
QPPNMLLMPHJGFDA08CG,莒光段四小段74-3地號
QPPNMLLMPHJGFDA08CG,莒光段四小段74-4地號
QPPNMLLMPHJGFDA08CG,莒光段四小段74-5地號
QPPNMLLMPHJGFDA08CG,莒光段四小段75地號
QPPNMLLMPHJGFDA08CG,莒光段四小段60-3地號
QPPNMLLMPHJGFDA08CG,莒光段四小段60-4地號
QPPNMLLMPHJGFDA08CG,莒光段四小段60-5地號
QPPNMLLMPHJGFDA08CG,莒光段四小段60-6地號
QPPNMLLMPHJGFDA08CG,莒光段四小段60-7地號
QPPNMLLMPHJGFDA08CG,莒光段四小段60-11地號
QPRNMLLMPHJGFDA28CG,吉林段二小段899地號
QPRNMLLMPHJGFDA28CG,吉林段二小段903地號
RPPNMLMJQHJGFDA08CG,瑞安段二小段514地號
RPPNMLMJQHJGFDA08CG,瑞安段二小段515地號
RPPNMLMJQHJGFDA08CG,瑞安段二小段516地號
RPPNMLMJQHJGFDA08CG,瑞安段二小段517地號
RPPNMLMJQHJGFDA08CG,瑞安段二小段518地號
QPSNMLQJQHJGFDA68CG,大業段三小段324地號
QPSNMLQJQHJGFDA68CG,大業段三小段331地號
QPSNMLQJQHJGFDA68CG,大業段三小段332地號
QPSNMLQJQHJGFDA68CG,大業段三小段348地號
QPSNMLQJQHJGFDA68CG,大業段三小段349地號
QPSNMLQJQHJGFDA68CG,大業段三小段350地號
QPSNMLQJQHJGFDA68CG,大業段三小段351地號
QPSNMLQJQHJGFDA68CG,大業段三小段352地號
QPSNMLQJQHJGFDA68CG,大業段三小段353地號
QPSNMLQJQHJGFDA68CG,大業段三小段354地號
QPSNMLQJQHJGFDA68CG,大業段三小段356地號
QPSNMLQJQHJGFDA68CG,大業段三小段314地號
QPSNMLQJQHJGFDA68CG,大業段三小段362-1地號
QPSNMLQJQHJGFDA68CG,大業段三小段325地號
QPSNMLQJQHJGFDA68CG,大業段三小段326地號
QPSNMLQJQHJGFDA68CG,大業段三小段327地號
QPSNMLQJQHJGFDA68CG,大業段三小段328地號
QPSNMLQJQHJGFDA68CG,大業段三小段329地號
QPSNMLQJQHJGFDA68CG,大業段三小段330地號
QPSNMLQJQHJGFDA68CG,大業段三小段331-2地號
QPQNMLNKQHJGFDA28CG,碧湖段四小段1064-4地號
QPQNMLNKQHJGFDA28CG,碧湖段四小段1065-2地號
QPQNMLNKQHJGFDA28CG,碧湖段四小段1066-2地號
QPQNMLNKQHJGFDA28CG,碧湖段四小段1068-6地號
QPQNMLNKQHJGFDA28CG,碧湖段四小段1068-16地號
UPPNMLOKQHJGFDA78DG,敦化段五小段21-9地號
QPQNMLPKQHJGFDA58DG,長春段一小段178-3地號
QPQNMLPKQHJGFDA58DG,長春段一小段206-1地號
QPQNMLPKQHJGFDA58DG,長春段一小段208地號
QPQNMLPKQHJGFDA58DG,長春段一小段210-1地號
QPQNMLPKQHJGFDA58DG,長春段一小段239-1地號
QPQNMLPKQHJGFDA58DG,長春段一小段203-1地號
QPQNMLPKQHJGFDA58DG,長春段一小段205地號
QPQNMLPKQHJGFDA58DG,長春段一小段207-1地號
QPQNMLPKQHJGFDA58DG,長春段一小段209地號
QPQNMLPKQHJGFDA58DG,長春段一小段211地號
QPQNMLPKQHJGFDA58DG,長春段一小段177-1地號
QPQNMLPKQHJGFDA58DG,長春段一小段181地號
QPQNMLPKQHJGFDA58DG,長春段一小段204地號
QPPNMLQKQHJGFDA58DG,美仁段二小段302地號
QPQNMLQKQHJGFDA58CG,碧湖段四小段382-1地號
QPQNMLQKQHJGFDA58CG,碧湖段四小段383地號
QPQNMLQKQHJGFDA58CG,碧湖段四小段383-1地號
QPQNMLQKQHJGFDA58CG,碧湖段四小段410地號
QPQNMLQKQHJGFDA58CG,碧湖段四小段410-1地號
QPQNMLQKQHJGFDA58CG,碧湖段四小段416-1地號
QPQNMLQKQHJGFDA58CG,碧湖段四小段423地號
QPPNMLQKQHJGFDA48CG,永春段一小段151-1地號
QPPNMLQKQHJGFDA48CG,永春段一小段159地號
QPPNMLQKQHJGFDA48CG,永春段一小段159-1地號
QPPNMLQKQHJGFDA48CG,永春段一小段160地號
QPPNMLQKQHJGFDA48CG,永春段一小段163地號
QPPNMLQKQHJGFDA48CG,永春段一小段164地號
QPPNMLQKQHJGFDA48CG,永春段一小段164-1地號
QPPNMLQKQHJGFDA48CG,永春段一小段165地號
QPPNMLQKQHJGFDA48CG,永春段一小段165-1地號
QPPNMLQKQHJGFDA48CG,永春段一小段166地號
QPPNMLQKQHJGFDA48CG,永春段一小段152地號
QPPNMLQKQHJGFDA48CG,永春段一小段152-1地號
QPPNMLQKQHJGFDA48CG,永春段一小段153地號
QPPNMLQKQHJGFDA48CG,永春段一小段153-1地號
QPPNMLQKQHJGFDA48CG,永春段一小段154地號
QPPNMLQKQHJGFDA48CG,永春段一小段157地號
QPPNMLQKQHJGFDA48CG,永春段一小段158地號
QPPNMLQKQHJGFDA48CG,永春段一小段158-1地號
QPPNMLTLQHJGFDA98DG,芝蘭段一小段95地號
QPPNMLTLQHJGFDA98DG,芝蘭段一小段96地號
QPPNMLTLQHJGFDA98DG,芝蘭段一小段97地號
QPPNMLMJRHJGFDA08CG,南港段二小段671-9地號
QPPNMLMJRHJGFDA08CG,南港段二小段920-7地號
QPPNMLMJRHJGFDA08CG,南港段二小段920-8地號
QPPNMLMJRHJGFDA08CG,南港段二小段920-9地號
QPPNMLMJRHJGFDA08CG,南港段二小段921地號
QPPNMLMJRHJGFDA08CG,南港段二小段921-1地號
QPPNMLMJRHJGFDA08CG,南港段二小段921-2地號
QPPNMLMJRHJGFDA08CG,南港段二小段921-3地號
QPPNMLMJRHJGFDA08CG,南港段二小段921-5地號
QPPNMLMJRHJGFDA08CG,南港段二小段921-6地號
QPPNMLMJRHJGFDA08CG,南港段二小段921-7地號
QPPNMLMJRHJGFDA08CG,南港段二小段672-19地號
QPPNMLMJRHJGFDA08CG,南港段二小段921-8地號
QPPNMLMJRHJGFDA08CG,南港段二小段922地號
QPPNMLMJRHJGFDA08CG,南港段二小段922-1地號
QPPNMLMJRHJGFDA08CG,南港段二小段923地號
QPPNMLMJRHJGFDA08CG,南港段二小段923-1地號
QPPNMLMJRHJGFDA08CG,南港段二小段923-2地號
QPPNMLMJRHJGFDA08CG,南港段二小段923-3地號
QPPNMLMJRHJGFDA08CG,南港段二小段924地號
QPPNMLMJRHJGFDA08CG,南港段二小段925地號
QPPNMLMJRHJGFDA08CG,南港段二小段925-1地號
QPPNMLMJRHJGFDA08CG,南港段二小段672-20地號
QPPNMLMJRHJGFDA08CG,南港段二小段925-2地號
QPPNMLMJRHJGFDA08CG,南港段二小段926地號
QPPNMLMJRHJGFDA08CG,南港段二小段926-1地號
QPPNMLMJRHJGFDA08CG,南港段二小段926-2地號
QPPNMLMJRHJGFDA08CG,南港段二小段927地號
QPPNMLMJRHJGFDA08CG,南港段二小段927-1地號
QPPNMLMJRHJGFDA08CG,南港段二小段927-2地號
QPPNMLMJRHJGFDA08CG,南港段二小段928地號
QPPNMLMJRHJGFDA08CG,南港段二小段930地號
QPPNMLMJRHJGFDA08CG,南港段二小段931地號
QPPNMLMJRHJGFDA08CG,南港段二小段672-43地號
QPPNMLMJRHJGFDA08CG,南港段二小段931-1地號
QPPNMLMJRHJGFDA08CG,南港段二小段931-2地號
QPPNMLMJRHJGFDA08CG,南港段二小段931-7地號
QPPNMLMJRHJGFDA08CG,南港段二小段931-8地號
QPPNMLMJRHJGFDA08CG,南港段二小段931-9地號
QPPNMLMJRHJGFDA08CG,南港段二小段932地號
QPPNMLMJRHJGFDA08CG,南港段二小段932-1地號
QPPNMLMJRHJGFDA08CG,南港段二小段932-4地號
QPPNMLMJRHJGFDA08CG,南港段二小段933地號
QPPNMLMJRHJGFDA08CG,南港段二小段934地號
QPPNMLMJRHJGFDA08CG,南港段二小段919地號
QPPNMLMJRHJGFDA08CG,南港段二小段934-3地號
QPPNMLMJRHJGFDA08CG,南港段二小段935-1地號
QPPNMLMJRHJGFDA08CG,南港段二小段919-1地號
QPPNMLMJRHJGFDA08CG,南港段二小段920地號
QPPNMLMJRHJGFDA08CG,南港段二小段920-1地號
QPPNMLMJRHJGFDA08CG,南港段二小段920-6地號
QPPNMLPJRHJGFDA48DG,雅祥段四小段151地號
VPQNMLTJRHJGFDA86DG,大業段四小段57地號
VPQNMLTJRHJGFDA86DG,大業段四小段66地號
VPQNMLTJRHJGFDA86DG,大業段四小段67地號
VPQNMLTJRHJGFDA86DG,大業段四小段68地號
VPQNMLTJRHJGFDA86DG,大業段四小段69地號
VPQNMLTJRHJGFDA86DG,大業段四小段70地號
VPQNMLTJRHJGFDA86DG,大業段四小段71地號
VPQNMLTJRHJGFDA86DG,大業段四小段72地號
VPQNMLTJRHJGFDA86DG,大業段四小段73地號
VPQNMLTJRHJGFDA86DG,大業段四小段75地號
VPQNMLTJRHJGFDA86DG,大業段四小段76地號
VPQNMLTJRHJGFDA86DG,大業段四小段58地號
VPQNMLTJRHJGFDA86DG,大業段四小段77地號
VPQNMLTJRHJGFDA86DG,大業段四小段78地號
VPQNMLTJRHJGFDA86DG,大業段四小段59地號
VPQNMLTJRHJGFDA86DG,大業段四小段60地號
VPQNMLTJRHJGFDA86DG,大業段四小段61地號
VPQNMLTJRHJGFDA86DG,大業段四小段62地號
VPQNMLTJRHJGFDA86DG,大業段四小段63地號
VPQNMLTJRHJGFDA86DG,大業段四小段64地號
VPQNMLTJRHJGFDA86DG,大業段四小段65地號
QPPNMLMKRHJGFDA28DG,新民段三小段70地號
VQQNMLRKRHJGFDA86DG,百齡段一小段169-13地號
QPTNMLSKRHJGFDA66DG,懷生段一小段423地號
QPTNMLSKRHJGFDA66DG,懷生段一小段426地號
QPTNMLSKRHJGFDA66DG,懷生段一小段427地號
QPTNMLSKRHJGFDA66DG,懷生段一小段430地號
QPTNMLSKRHJGFDA66DG,懷生段一小段432地號
QPQNMLOJIIJGFDA67DG,永平段三小段2-3地號
SPRNMLOJIIJGFDA97DG,陽明段二小段225地號
SPRNMLOJIIJGFDA97DG,陽明段二小段226地號
QPPNMLQKIIJGFDA77CG,桃源段一小段62地號
QPPNMLQKIIJGFDA77CG,桃源段一小段63地號
QPPNMLQKIIJGFDA77CG,桃源段一小段64地號
QPPNMLQKIIJGFDA77CG,桃源段一小段65地號
QPPNMLQKIIJGFDA77CG,桃源段一小段66地號
QPPNMLQKIIJGFDA77CG,桃源段一小段67地號
QPPNMLQKIIJGFDA77CG,桃源段一小段68地號
QPPNMLQKIIJGFDA77CG,桃源段一小段69地號
QPPNMLLLIIJGFDA37CG,三玉段五小段700地號
QPPNMLLLIIJGFDA37CG,三玉段五小段701地號
QPPNMLLLIIJGFDA37CG,三玉段五小段703地號
QPPNMLLLIIJGFDA37CG,三玉段五小段704地號
QPPNMLLLIIJGFDA37CG,三玉段五小段709地號
SPPNMLLLIIJGFDA67DG,北安段一小段60-2地號
SPPNMLLLIIJGFDA67DG,北安段一小段60-3地號
SPPNMLLLIIJGFDA67DG,北安段一小段60-4地號
SPPNMLLLIIJGFDA67DG,北安段一小段65地號
SPPNMLLLIIJGFDA67DG,北安段一小段65-1地號
SPPNMLLLIIJGFDA67DG,北安段一小段66-2地號
SPPNMLLLIIJGFDA67DG,北安段一小段66-3地號
SPPNMLLLIIJGFDA67DG,北安段一小段66-4地號
SPPNMLLLIIJGFDA67DG,北安段一小段66-5地號
QPPNMLSLIIJGFDA08CG,莒光段三小段599-37地號
QPPNMLSLIIJGFDA08CG,莒光段三小段601-1地號
RPPNMLNJJIJGFDA57CG,木柵段三小段414地號
RPPNMLNJJIJGFDA57CG,木柵段三小段433地號
RPPNMLNJJIJGFDA57CG,木柵段三小段435地號
RPPNMLNJJIJGFDA57CG,木柵段三小段440地號
RPPNMLNJJIJGFDA57CG,木柵段三小段442地號
RPPNMLNJJIJGFDA57CG,木柵段三小段444地號
RPPNMLNJJIJGFDA57CG,木柵段三小段445地號
RPPNMLNJJIJGFDA57CG,木柵段三小段482地號
QPPNMLOJJIJGFDA57CG,芝山段一小段764-1地號
QPPNMLOJJIJGFDA57CG,芝山段一小段764-2地號
QPPNMLQJJIJGFDA87DG,福星段四小段371-2地號
QPPNMLQJJIJGFDA87DG,福星段四小段372地號
QPPNMLQJJIJGFDA87DG,福星段四小段373地號
QPQNMLQJJIJGFDA97DG,中正段二小段553地號
QPQNMLQJJIJGFDA97DG,中正段二小段554地號
QPQNMLQJJIJGFDA97DG,中正段二小段554-1地號
QPQNMLQJJIJGFDA97DG,中正段二小段565地號
QPQNMLQJJIJGFDA97DG,中正段二小段565-1地號
QPQNMLQJJIJGFDA97DG,中正段二小段565-2地號
QPQNMLQJJIJGFDA97DG,中正段二小段566地號
QPQNMLQJJIJGFDA97DG,中正段二小段567地號
QPPNMLRJJIJGFDA87CG,瑞安段三小段217地號
QPPNMLRJJIJGFDA87CG,瑞安段三小段222-4地號
QPPNMLRJJIJGFDA87CG,瑞安段三小段222-5地號
QPPNMLRJJIJGFDA87CG,瑞安段三小段222-6地號
QPPNMLRJJIJGFDA87CG,瑞安段三小段222-7地號
QPPNMLRJJIJGFDA87CG,瑞安段三小段222-8地號
QPPNMLRJJIJGFDA87CG,瑞安段三小段222-9地號
QPPNMLRJJIJGFDA87CG,瑞安段三小段222-10地號
QPPNMLRJJIJGFDA87CG,瑞安段三小段222-11地號
QPPNMLRJJIJGFDA87CG,瑞安段三小段222-12地號
QPPNMLRJJIJGFDA87CG,瑞安段三小段223地號
QPPNMLRJJIJGFDA87CG,瑞安段三小段218地號
QPPNMLRJJIJGFDA87CG,瑞安段三小段224地號
QPPNMLRJJIJGFDA87CG,瑞安段三小段224-3地號
QPPNMLRJJIJGFDA87CG,瑞安段三小段224-5地號
QPPNMLRJJIJGFDA87CG,瑞安段三小段224-6地號
QPPNMLRJJIJGFDA87CG,瑞安段三小段225地號
QPPNMLRJJIJGFDA87CG,瑞安段三小段219地號
QPPNMLRJJIJGFDA87CG,瑞安段三小段220地號
QPPNMLRJJIJGFDA87CG,瑞安段三小段221地號
QPPNMLRJJIJGFDA87CG,瑞安段三小段222地號
QPPNMLRJJIJGFDA87CG,瑞安段三小段222-1地號
QPPNMLRJJIJGFDA87CG,瑞安段三小段222-2地號
QPPNMLRJJIJGFDA87CG,瑞安段三小段222-3地號
QPQNMLRJJIJGFDA97CG,陽明段二小段291-1地號
QPQNMLRJJIJGFDA97CG,陽明段二小段292地號
QPQNMLRJJIJGFDA97CG,陽明段二小段293地號
QPQNMLRJJIJGFDA97CG,陽明段二小段294地號
QPPNMLNKJIJGFDA67DG,辛亥段四小段524-9地號
QPPNMLNKJIJGFDA67DG,辛亥段四小段526地號
QPPNMLNKJIJGFDA67DG,辛亥段四小段527-3地號
QPPNMLNKJIJGFDA67DG,辛亥段四小段528-2地號
QPPNMLNKJIJGFDA67DG,辛亥段四小段524-7地號
QPPNMLNKJIJGFDA67DG,辛亥段四小段525-4地號
QPPNMLNKJIJGFDA67DG,辛亥段四小段526-2地號
QPPNMLNKJIJGFDA67DG,辛亥段四小段527-6地號
QPPNMLNKJIJGFDA67DG,辛亥段四小段533-5地號
QPPNMLKLJIJGFDA37CG,大安段三小段389-1地號
QPPNMLKLJIJGFDA37CG,大安段三小段396地號
QPPNMLKLJIJGFDA37CG,大安段三小段396-1地號
QPPNMLKLJIJGFDA37CG,大安段三小段397-2地號
QPPNMLKLJIJGFDA37CG,大安段三小段397-3地號
QPPNMLKLJIJGFDA37CG,大安段三小段397-4地號
QPPNMLKLJIJGFDA37CG,大安段三小段397-5地號
QPPNMLKLJIJGFDA37CG,大安段三小段397-7地號
QPPNMLKLJIJGFDA37CG,大安段三小段397-8地號
QPPNMLKLJIJGFDA37CG,大安段三小段397-9地號
QPPNMLKLJIJGFDA37CG,大安段三小段397-10地號
QPPNMLKLJIJGFDA37CG,大安段三小段392地號
QPPNMLKLJIJGFDA37CG,大安段三小段425地號
QPPNMLKLJIJGFDA37CG,大安段三小段426地號
QPPNMLKLJIJGFDA37CG,大安段三小段427地號
QPPNMLKLJIJGFDA37CG,大安段三小段428地號
QPPNMLKLJIJGFDA37CG,大安段三小段429地號
QPPNMLKLJIJGFDA37CG,大安段三小段430地號
QPPNMLKLJIJGFDA37CG,大安段三小段392-1地號
QPPNMLKLJIJGFDA37CG,大安段三小段393地號
QPPNMLKLJIJGFDA37CG,大安段三小段393-1地號
QPPNMLKLJIJGFDA37CG,大安段三小段394地號
QPPNMLKLJIJGFDA37CG,大安段三小段394-1地號
QPPNMLKLJIJGFDA37CG,大安段三小段395地號
QPPNMLKLJIJGFDA37CG,大安段三小段395-1地號
QPQNMLPLJIJGFDA97CG,正義段三小段733地號
QPPNMLRLJIJGFDA08CG,玉泉段一小段676-2地號
QPPNMLRLJIJGFDA08CG,玉泉段一小段685地號
QPPNMLRLJIJGFDA08CG,玉泉段一小段687地號
QPPNMLRLJIJGFDA08CG,玉泉段一小段689地號
QPPNMLRLJIJGFDA08CG,玉泉段一小段690地號
QPPNMLRLJIJGFDA08CG,玉泉段一小段691地號
QPPNMLRLJIJGFDA08CG,玉泉段一小段692地號
QPPNMLRLJIJGFDA08CG,玉泉段一小段693地號
QPPNMLRLJIJGFDA08CG,玉泉段一小段694地號
QPPNMLRLJIJGFDA08CG,玉泉段一小段677-1地號
QPPNMLRLJIJGFDA08CG,玉泉段一小段678地號
QPPNMLRLJIJGFDA08CG,玉泉段一小段679地號
QPPNMLRLJIJGFDA08CG,玉泉段一小段680地號
QPPNMLRLJIJGFDA08CG,玉泉段一小段681地號
QPPNMLRLJIJGFDA08CG,玉泉段一小段682地號
QPPNMLRLJIJGFDA08CG,玉泉段一小段683地號
QPPNMLRLJIJGFDA08CG,玉泉段一小段684地號
QPPNMLSLJIJGFDA28DG,雙連段二小段518-48地號
QPPNMLSLJIJGFDA28DG,雙連段二小段518-57地號
QPPNMLSLJIJGFDA28DG,雙連段二小段518-58地號
QPPNMLSLJIJGFDA28DG,雙連段二小段518-61地號
QPPNMLSLJIJGFDA28DG,雙連段二小段518-70地號
QPPNMLSLJIJGFDA28DG,雙連段二小段518-71地號
QPPNMLSLJIJGFDA28DG,雙連段二小段518-72地號
QPPNMLSLJIJGFDA28DG,雙連段二小段518-73地號
QPPNMLSLJIJGFDA28DG,雙連段二小段518-74地號
QPPNMLSLJIJGFDA28DG,雙連段二小段518-75地號
QPPNMLSLJIJGFDA28DG,雙連段二小段518-76地號
QPPNMLSLJIJGFDA28DG,雙連段二小段518-49地號
QPPNMLSLJIJGFDA28DG,雙連段二小段518-50地號
QPPNMLSLJIJGFDA28DG,雙連段二小段518-51地號
QPPNMLSLJIJGFDA28DG,雙連段二小段518-52地號
QPPNMLSLJIJGFDA28DG,雙連段二小段518-53地號
QPPNMLSLJIJGFDA28DG,雙連段二小段518-54地號
QPPNMLSLJIJGFDA28DG,雙連段二小段518-55地號
QPPNMLSLJIJGFDA28DG,雙連段二小段518-56地號
QPPNMLTLJIJGFDA38DG,大安段三小段243-1地號
QPPNMLTLJIJGFDA38DG,大安段三小段251-3地號
QPPNMLTLJIJGFDA38DG,大安段三小段251-5地號
QPPNMLTLJIJGFDA38DG,大安段三小段252地號
QPPNMLTLJIJGFDA38DG,大安段三小段252-1地號
QPPNMLTLJIJGFDA38DG,大安段三小段252-2地號
QPPNMLTLJIJGFDA38DG,大安段三小段245地號
QPPNMLTLJIJGFDA38DG,大安段三小段245-1地號
QPPNMLTLJIJGFDA38DG,大安段三小段250地號
QPPNMLTLJIJGFDA38DG,大安段三小段250-1地號
QPPNMLTLJIJGFDA38DG,大安段三小段250-2地號
QPPNMLTLJIJGFDA38DG,大安段三小段251地號
QPPNMLTLJIJGFDA38DG,大安段三小段251-1地號
QPPNMLTLJIJGFDA38DG,大安段三小段251-2地號
QPPNMLNJKIJGFDA57CG,雙連段二小段591地號
QPPNMLNJKIJGFDA57CG,雙連段二小段593地號
QPPNMLNJKIJGFDA57CG,雙連段二小段597地號
QPPNMLNJKIJGFDA57CG,雙連段二小段597-2地號
QPPNMLNJKIJGFDA57CG,雙連段二小段590-1地號
QPPNMLNJKIJGFDA57CG,雙連段二小段592地號
QPPNMLNJKIJGFDA57CG,雙連段二小段593-1地號
QPPNMLNJKIJGFDA57CG,雙連段二小段597-1地號
QPPNMLNJKIJGFDA57CG,雙連段二小段597-4地號
QPPNMLSJKIJGFDA18DG,蘭雅段一小段553地號
QPPNMLSJKIJGFDA18DG,蘭雅段一小段554地號
QPPNMLSJKIJGFDA18DG,蘭雅段一小段559地號
TPPNMLMKKIJGFDA87CG,南港段二小段534-1地號
TPPNMLMKKIJGFDA87CG,南港段二小段535地號
TPPNMLMKKIJGFDA87CG,南港段二小段536地號
TPPNMLMKKIJGFDA87CG,南港段二小段553地號
TPPNMLMKKIJGFDA87CG,南港段二小段555地號
TPPNMLMKKIJGFDA87CG,南港段二小段555-1地號
TPPNMLMKKIJGFDA87CG,南港段二小段556地號
TPPNMLMKKIJGFDA87CG,南港段二小段557-4地號
QPPNMLRKKIJGFDA18DG,木柵段三小段666-4地號
SPPNMLSKKIJGFDA48DG,中南段四小段341地號
SPPNMLSKKIJGFDA48DG,中南段四小段342地號
SPPNMLSKKIJGFDA48DG,中南段四小段343地號
SPPNMLSKKIJGFDA48DG,中南段四小段344地號
QPPNMLMLKIJGFDA77DG,蘭雅段一小段540地號
QPPNMLMLKIJGFDA77DG,蘭雅段一小段541地號
QPPNMLMLKIJGFDA77DG,蘭雅段一小段542地號
QPPNMLPLKIJGFDA08DG,辛亥段四小段24-1地號
QPPNMLPLKIJGFDA08DG,辛亥段四小段24-2地號
QPPNMLPLKIJGFDA08DG,辛亥段四小段24-3地號
SPPNMLLMKIJGFDA87CG,軟橋段30地號
SPPNMLLMKIJGFDA87CG,軟橋段31地號
SPPNMLLMKIJGFDA87CG,軟橋段32地號
SPPNMLLMKIJGFDA87CG,軟橋段35地號
QPPNMLOKJHKGFDA77DG,石潭段三小段458地號
QPPNMLOKJHKGFDA77DG,石潭段三小段463地號
QPPNMLOKJHKGFDA77DG,石潭段三小段463-1地號
QPPNMLOKJHKGFDA77DG,石潭段三小段464地號
QPPNMLOKJHKGFDA77DG,石潭段三小段464-1地號
SPPNMLPKJHKGFDA08DG,漢中段二小段94地號
SPPNMLPKJHKGFDA08DG,漢中段二小段121地號
SPPNMLPKJHKGFDA08DG,漢中段二小段122地號
SPPNMLPKJHKGFDA08DG,漢中段二小段123地號
SPPNMLPKJHKGFDA08DG,漢中段二小段124地號
SPPNMLPKJHKGFDA08DG,漢中段二小段95地號
SPPNMLPKJHKGFDA08DG,漢中段二小段96地號
SPPNMLPKJHKGFDA08DG,漢中段二小段97地號
SPPNMLPKJHKGFDA08DG,漢中段二小段98地號
SPPNMLPKJHKGFDA08DG,漢中段二小段99地號
SPPNMLPKJHKGFDA08DG,漢中段二小段100地號
SPPNMLPKJHKGFDA08DG,漢中段二小段119地號
SPPNMLPKJHKGFDA08DG,漢中段二小段120地號
QPPNMLNLJHKGFDA67CG,延吉段三小段568地號
QPPNMLNLJHKGFDA67CG,延吉段三小段569地號
QPPNMLNLJHKGFDA67CG,延吉段三小段570-1地號
QPPNMLNLJHKGFDA67CG,延吉段三小段572-5地號
QPPNMLNLJHKGFDA67CG,延吉段三小段572-6地號
QPQNMLNLJHKGFDA77CG,迪化段二小段255地號
QPQNMLNLJHKGFDA77CG,迪化段二小段264地號
QPQNMLNLJHKGFDA77CG,迪化段二小段265地號
QPQNMLNLJHKGFDA77CG,迪化段二小段266地號
QPQNMLNLJHKGFDA77CG,迪化段二小段267地號
QPQNMLNLJHKGFDA77CG,迪化段二小段268地號
QPQNMLNLJHKGFDA77CG,迪化段二小段269地號
QPQNMLNLJHKGFDA77CG,迪化段二小段270地號
QPQNMLNLJHKGFDA77CG,迪化段二小段271地號
QPQNMLNLJHKGFDA77CG,迪化段二小段272地號
QPQNMLNLJHKGFDA77CG,迪化段二小段273地號
QPQNMLNLJHKGFDA77CG,迪化段二小段256地號
QPQNMLNLJHKGFDA77CG,迪化段二小段274地號
QPQNMLNLJHKGFDA77CG,迪化段二小段275地號
QPQNMLNLJHKGFDA77CG,迪化段二小段276地號
QPQNMLNLJHKGFDA77CG,迪化段二小段277地號
QPQNMLNLJHKGFDA77CG,迪化段二小段278地號
QPQNMLNLJHKGFDA77CG,迪化段二小段279地號
QPQNMLNLJHKGFDA77CG,迪化段二小段281地號
QPQNMLNLJHKGFDA77CG,迪化段二小段283地號
QPQNMLNLJHKGFDA77CG,迪化段二小段284地號
QPQNMLNLJHKGFDA77CG,迪化段二小段285地號
QPQNMLNLJHKGFDA77CG,迪化段二小段257地號
QPQNMLNLJHKGFDA77CG,迪化段二小段286地號
QPQNMLNLJHKGFDA77CG,迪化段二小段287地號
QPQNMLNLJHKGFDA77CG,迪化段二小段288地號
QPQNMLNLJHKGFDA77CG,迪化段二小段258地號
QPQNMLNLJHKGFDA77CG,迪化段二小段259地號
QPQNMLNLJHKGFDA77CG,迪化段二小段260地號
QPQNMLNLJHKGFDA77CG,迪化段二小段261地號
QPQNMLNLJHKGFDA77CG,迪化段二小段262地號
QPQNMLNLJHKGFDA77CG,迪化段二小段263地號
QPPNMLPJKHKGFDA77CG,中山段一小段574地號
QPPNMLPJKHKGFDA77CG,中山段一小段575地號
QPPNMLKKKHKGFDA37CG,玉成段二小段254-1地號
QPPNMLKKKHKGFDA37CG,玉成段二小段254-5地號
QPPNMLKKKHKGFDA37CG,玉成段二小段255-1地號
QPPNMLKKKHKGFDA37CG,玉成段二小段256-1地號
QPPNMLKKKHKGFDA37CG,玉成段二小段269-1地號
QPPNMLKKKHKGFDA37CG,玉成段二小段276-2地號
QPPNMLKKKHKGFDA37CG,玉成段二小段277地號
QPPNMLKKKHKGFDA37CG,玉成段二小段278地號
QPRNMLNKKHKGFDA97DG,信義段三小段43-1地號
QPRNMLNKKHKGFDA97DG,信義段三小段43-2地號
QPRNMLNKKHKGFDA97DG,信義段三小段43-3地號
QPRNMLNKKHKGFDA97DG,信義段三小段43-4地號
QPRNMLNKKHKGFDA97DG,信義段三小段43-5地號
QPQNMLNKKHKGFDA87DG,長安段四小段320地號
QPPNMLRKKHKGFDA08CG,碧湖段四小段189-1地號
QPPNMLRKKHKGFDA08CG,碧湖段四小段189-2地號
QPPNMLRKKHKGFDA08CG,碧湖段四小段189-3地號
QPPNMLRKKHKGFDA08CG,碧湖段四小段189-4地號
QPPNMLRKKHKGFDA08CG,碧湖段四小段189-5地號
QPPNMLRKKHKGFDA08CG,碧湖段四小段191地號
QPPNMLRKKHKGFDA08CG,碧湖段四小段191-1地號
QPPNMLSKKHKGFDA28DG,金泰段94-9地號
QPPNMLSKKHKGFDA28DG,金泰段94-10地號
QPPNMLSKKHKGFDA28DG,金泰段94-12地號
TPPNMLLLKHKGFDA87CG,南港段二小段529地號
TPPNMLLLKHKGFDA87CG,南港段二小段530地號
TPPNMLLLKHKGFDA87CG,南港段二小段531地號
TPPNMLLLKHKGFDA87CG,南港段二小段531-2地號
TPPNMLLLKHKGFDA87CG,南港段二小段532-3地號
TPPNMLLLKHKGFDA87CG,南港段二小段672-9地號
VPPNMLPLKHKGFDA48CG,百齡段三小段212-3地號
VPPNMLPLKHKGFDA48CG,百齡段三小段212-4地號
VPPNMLPLKHKGFDA48CG,百齡段三小段212-5地號
VPPNMLPLKHKGFDA48CG,百齡段三小段212-6地號
VPPNMLPLKHKGFDA48CG,百齡段三小段212-7地號
VPPNMLPLKHKGFDA48CG,百齡段三小段212-8地號
QPPNMLPLKHKGFDA08DG,橋北段三小段685地號
QPPNMLPLKHKGFDA08DG,橋北段三小段702地號
QPPNMLPLKHKGFDA08DG,橋北段三小段703地號
QPQNMLPLKHKGFDA08CG,萬華段一小段104-1地號
QPQNMLPLKHKGFDA08CG,萬華段一小段118地號
QPQNMLPLKHKGFDA08CG,萬華段一小段120地號
QPQNMLPLKHKGFDA08CG,萬華段一小段122地號
QPQNMLPLKHKGFDA08CG,萬華段一小段124地號
QPQNMLPLKHKGFDA08CG,萬華段一小段127地號
QPQNMLPLKHKGFDA08CG,萬華段一小段129地號
QPQNMLPLKHKGFDA08CG,萬華段一小段131地號
QPQNMLPLKHKGFDA08CG,萬華段一小段133地號
QPQNMLPLKHKGFDA08CG,萬華段一小段148-1地號
QPQNMLPLKHKGFDA08CG,萬華段一小段152地號
QPQNMLPLKHKGFDA08CG,萬華段一小段105-1地號
QPQNMLPLKHKGFDA08CG,萬華段一小段153地號
QPQNMLPLKHKGFDA08CG,萬華段一小段155地號
QPQNMLPLKHKGFDA08CG,萬華段一小段157地號
QPQNMLPLKHKGFDA08CG,萬華段一小段159地號
QPQNMLPLKHKGFDA08CG,萬華段一小段161地號
QPQNMLPLKHKGFDA08CG,萬華段一小段163地號
QPQNMLPLKHKGFDA08CG,萬華段一小段165地號
QPQNMLPLKHKGFDA08CG,萬華段一小段104地號
QPQNMLPLKHKGFDA08CG,萬華段一小段105地號
QPQNMLPLKHKGFDA08CG,萬華段一小段106地號
QPQNMLPLKHKGFDA08CG,萬華段一小段107地號
QPQNMLPLKHKGFDA08CG,萬華段一小段107-1地號
QPQNMLPLKHKGFDA08CG,萬華段一小段108-1地號
QPQNMLPLKHKGFDA08CG,萬華段一小段110地號
QPQNMLPLKHKGFDA08CG,萬華段一小段111-1地號
QPQNMLPLKHKGFDA08CG,萬華段一小段113地號
QPQNMLPLKHKGFDA08CG,萬華段一小段115地號
QPQNMLPLKHKGFDA08CG,萬華段一小段117地號
QPQNMLPLKHKGFDA08CG,萬華段一小段119地號
QPQNMLPLKHKGFDA08CG,萬華段一小段121地號
QPQNMLPLKHKGFDA08CG,萬華段一小段123地號
QPQNMLPLKHKGFDA08CG,萬華段一小段108地號
QPQNMLPLKHKGFDA08CG,萬華段一小段126-1地號
QPQNMLPLKHKGFDA08CG,萬華段一小段128地號
QPQNMLPLKHKGFDA08CG,萬華段一小段130地號
QPQNMLPLKHKGFDA08CG,萬華段一小段132地號
QPQNMLPLKHKGFDA08CG,萬華段一小段148地號
QPQNMLPLKHKGFDA08CG,萬華段一小段149地號
QPQNMLPLKHKGFDA08CG,萬華段一小段152-1地號
QPQNMLPLKHKGFDA08CG,萬華段一小段154地號
QPQNMLPLKHKGFDA08CG,萬華段一小段156地號
QPQNMLPLKHKGFDA08CG,萬華段一小段158地號
QPQNMLPLKHKGFDA08CG,萬華段一小段109地號
QPQNMLPLKHKGFDA08CG,萬華段一小段160地號
QPQNMLPLKHKGFDA08CG,萬華段一小段162地號
QPQNMLPLKHKGFDA08CG,萬華段一小段164地號
QPQNMLPLKHKGFDA08CG,萬華段一小段111地號
QPQNMLPLKHKGFDA08CG,萬華段一小段112地號
QPQNMLPLKHKGFDA08CG,萬華段一小段114地號
QPQNMLPLKHKGFDA08CG,萬華段一小段116地號
RPPNMLOJLHKGFDA87CG,長安段四小段141地號
RPPNMLOJLHKGFDA87CG,長安段四小段149-1地號
RPPNMLOJLHKGFDA87CG,長安段四小段157地號
RPPNMLOJLHKGFDA87CG,長安段四小段157-1地號
RPPNMLOJLHKGFDA87CG,長安段四小段158地號
RPPNMLOJLHKGFDA87CG,長安段四小段159地號
RPPNMLOJLHKGFDA87CG,長安段四小段160地號
RPPNMLOJLHKGFDA87CG,長安段四小段161地號
RPPNMLOJLHKGFDA87CG,長安段四小段162地號
RPPNMLOJLHKGFDA87CG,長安段四小段163地號
RPPNMLOJLHKGFDA87CG,長安段四小段164地號
RPPNMLOJLHKGFDA87CG,長安段四小段142地號
RPPNMLOJLHKGFDA87CG,長安段四小段165地號
RPPNMLOJLHKGFDA87CG,長安段四小段143地號
RPPNMLOJLHKGFDA87CG,長安段四小段144地號
RPPNMLOJLHKGFDA87CG,長安段四小段145地號
RPPNMLOJLHKGFDA87CG,長安段四小段146地號
RPPNMLOJLHKGFDA87CG,長安段四小段147地號
RPPNMLOJLHKGFDA87CG,長安段四小段148地號
RPPNMLOJLHKGFDA87CG,長安段四小段149地號
QPPNMLRJLHKGFDA18DG,蘭雅段三小段360-1地號
QPPNMLRJLHKGFDA18DG,蘭雅段三小段425地號
QPPNMLRJLHKGFDA18DG,蘭雅段三小段426地號
QPPNMLRJLHKGFDA18DG,蘭雅段三小段430地號
QPPNMLRJLHKGFDA18DG,蘭雅段三小段437地號
QPPNMLRJLHKGFDA18DG,蘭雅段三小段437-1地號
QPPNMLRJLHKGFDA18DG,蘭雅段三小段437-5地號
QPPNMLRJLHKGFDA18DG,蘭雅段三小段442-1地號
QPPNMLRJLHKGFDA18DG,蘭雅段三小段589地號
QPPNMLRJLHKGFDA18DG,蘭雅段三小段589-1地號
QPPNMLRJLHKGFDA18DG,蘭雅段三小段397地號
QPPNMLRJLHKGFDA18DG,蘭雅段三小段398地號
QPPNMLRJLHKGFDA18DG,蘭雅段三小段400-1地號
QPPNMLRJLHKGFDA18DG,蘭雅段三小段401地號
QPPNMLRJLHKGFDA18DG,蘭雅段三小段401-1地號
QPPNMLRJLHKGFDA18DG,蘭雅段三小段422地號
QPPNMLRJLHKGFDA18DG,蘭雅段三小段423地號
QPPNMLRJLHKGFDA18DG,蘭雅段三小段424地號
QPQNMLRJLHKGFDA18CG,景美段三小段144地號
QPQNMLRJLHKGFDA18CG,景美段三小段145地號
QPQNMLRJLHKGFDA18CG,景美段三小段146地號
QPQNMLRJLHKGFDA18CG,景美段三小段147地號
QPQNMLRJLHKGFDA18CG,景美段三小段148地號
QPQNMLRJLHKGFDA18CG,景美段三小段149地號
QPQNMLRJLHKGFDA18CG,景美段三小段150地號
QPQNMLKKLHKGFDA67DG,通化段六小段666地號
QPQNMLKKLHKGFDA67DG,通化段六小段670-2地號
QPQNMLKKLHKGFDA67DG,通化段六小段671地號
QPQNMLKKLHKGFDA67DG,通化段六小段671-1地號
QPQNMLKKLHKGFDA67DG,通化段六小段672地號
QPQNMLKKLHKGFDA67DG,通化段六小段672-1地號
QPQNMLKKLHKGFDA67DG,通化段六小段673地號
QPQNMLKKLHKGFDA67DG,通化段六小段673-1地號
QPQNMLKKLHKGFDA67DG,通化段六小段674地號
QPQNMLKKLHKGFDA67DG,通化段六小段674-1地號
QPQNMLKKLHKGFDA67DG,通化段六小段675地號
QPQNMLKKLHKGFDA67DG,通化段六小段666-1地號
QPQNMLKKLHKGFDA67DG,通化段六小段675-1地號
QPQNMLKKLHKGFDA67DG,通化段六小段676地號
QPQNMLKKLHKGFDA67DG,通化段六小段677地號
QPQNMLKKLHKGFDA67DG,通化段六小段678地號
QPQNMLKKLHKGFDA67DG,通化段六小段679地號
QPQNMLKKLHKGFDA67DG,通化段六小段680地號
QPQNMLKKLHKGFDA67DG,通化段六小段681地號
QPQNMLKKLHKGFDA67DG,通化段六小段682地號
QPQNMLKKLHKGFDA67DG,通化段六小段683地號
QPQNMLKKLHKGFDA67DG,通化段六小段684地號
QPQNMLKKLHKGFDA67DG,通化段六小段667地號
QPQNMLKKLHKGFDA67DG,通化段六小段685地號
QPQNMLKKLHKGFDA67DG,通化段六小段667-1地號
QPQNMLKKLHKGFDA67DG,通化段六小段668地號
QPQNMLKKLHKGFDA67DG,通化段六小段669地號
QPQNMLKKLHKGFDA67DG,通化段六小段669-1地號
QPQNMLKKLHKGFDA67DG,通化段六小段670地號
QPQNMLKKLHKGFDA67DG,通化段六小段670-1地號
QPQNMLLLLHKGFDA87DG,臨沂段三小段220地號
QPQNMLLLLHKGFDA87DG,臨沂段三小段221地號
QPQNMLLLLHKGFDA87DG,臨沂段三小段222地號
QPQNMLLLLHKGFDA87DG,臨沂段三小段239地號
QPQNMLLLLHKGFDA87DG,臨沂段三小段240地號
QPPNMLLLLHKGFDA77DG,長安段二小段581地號
QPPNMLLLLHKGFDA77DG,長安段二小段582地號
QPPNMLLMLHKGFDA87DG,天山段二小段279地號
QPPNMLLMLHKGFDA87DG,天山段二小段280-6地號
QPPNMLLMLHKGFDA87DG,天山段二小段321-2地號
QPPNMLLMLHKGFDA87DG,天山段二小段323-2地號
QPPNMLKKMHKGFDA67DG,寶清段二小段123地號
QPPNMLKKMHKGFDA67DG,寶清段二小段124地號
QPPNMLKKMHKGFDA67DG,寶清段二小段125地號
QPPNMLKKMHKGFDA67DG,寶清段二小段126地號
QPPNMLKKMHKGFDA67DG,寶清段二小段127地號
QPPNMLKKMHKGFDA67DG,寶清段二小段132地號
QPPNMLKKMHKGFDA67DG,寶清段二小段133地號
QPPNMLKKMHKGFDA67DG,寶清段二小段134地號
QPQNMLLKMHKGFDA77CG,雙連段二小段684地號
QPQNMLLKMHKGFDA77CG,雙連段二小段685地號
QPPNMLQKMHKGFDA18CG,軟橋段76地號
QPQNMLQKMHKGFDA28CG,吉林段四小段9地號
QPQNMLQKMHKGFDA28CG,吉林段四小段10地號
QPQNMLQKMHKGFDA28CG,吉林段四小段11地號
QPQNMLQKMHKGFDA28CG,吉林段四小段12地號
QPQNMLQKMHKGFDA28CG,吉林段四小段13地號
QPPNMLOLMHKGFDA08CG,永昌段四小段370地號
QPPNMLOLMHKGFDA08CG,永昌段四小段389地號
QPPNMLOLMHKGFDA08CG,永昌段四小段390地號
QPPNMLOLMHKGFDA08CG,永昌段四小段391地號
QPPNMLOLMHKGFDA08CG,永昌段四小段393地號
QPPNMLOLMHKGFDA08CG,永昌段四小段394地號
QPPNMLOLMHKGFDA08CG,永昌段四小段395地號
QPPNMLOLMHKGFDA08CG,永昌段四小段396地號
QPPNMLOLMHKGFDA08CG,永昌段四小段397地號
QPPNMLOLMHKGFDA08CG,永昌段四小段371地號
QPPNMLOLMHKGFDA08CG,永昌段四小段372地號
QPPNMLOLMHKGFDA08CG,永昌段四小段373地號
QPPNMLOLMHKGFDA08CG,永昌段四小段374地號
QPPNMLOLMHKGFDA08CG,永昌段四小段375地號
QPPNMLOLMHKGFDA08CG,永昌段四小段376地號
QPPNMLOLMHKGFDA08CG,永昌段四小段379地號
QPPNMLOLMHKGFDA08CG,永昌段四小段388地號
QPPNMLPLMHKGFDA18CG,西松段二小段557地號
QPPNMLMJNHKGFDA77CG,奇岩段五小段495-5地號
QPPNMLMJNHKGFDA77CG,奇岩段五小段533地號
QPPNMLMJNHKGFDA77CG,奇岩段五小段533-1地號
QPPNMLMJNHKGFDA77CG,奇岩段五小段533-2地號
QPPNMLMJNHKGFDA77CG,奇岩段五小段533-4地號
QPPNMLMJNHKGFDA77CG,奇岩段五小段534地號
QPPNMLMJNHKGFDA77CG,奇岩段五小段534-1地號
QPPNMLMJNHKGFDA77CG,奇岩段五小段543地號
QPPNMLMJNHKGFDA77CG,奇岩段五小段548地號
QPPNMLMJNHKGFDA77CG,奇岩段五小段548-1地號
QPPNMLMJNHKGFDA77CG,奇岩段五小段548-2地號
QPPNMLMJNHKGFDA77CG,奇岩段五小段525地號
QPPNMLMJNHKGFDA77CG,奇岩段五小段548-4地號
QPPNMLMJNHKGFDA77CG,奇岩段五小段525-7地號
QPPNMLMJNHKGFDA77CG,奇岩段五小段522-2地號
QPPNMLMJNHKGFDA77CG,奇岩段五小段523地號
QPPNMLMJNHKGFDA77CG,奇岩段五小段523-1地號
QPPNMLMJNHKGFDA77CG,奇岩段五小段523-3地號
QPPNMLMJNHKGFDA77CG,奇岩段五小段530地號
QPPNMLMJNHKGFDA77CG,奇岩段五小段531地號
QPPNMLPJNHKGFDA08CG,康寧段三小段547-15地號
QPPNMLPJNHKGFDA08CG,康寧段三小段547-30地號
QPSNMLTJNHKGFDA78CG,寶清段四小段479地號
QPSNMLTJNHKGFDA78CG,寶清段四小段490地號
QPSNMLTJNHKGFDA78CG,寶清段四小段479-1地號
QPSNMLTJNHKGFDA78CG,寶清段四小段483地號
QPSNMLTJNHKGFDA78CG,寶清段四小段484地號
QPSNMLTJNHKGFDA78CG,寶清段四小段485地號
QPSNMLTJNHKGFDA78CG,寶清段四小段485-1地號
QPSNMLTJNHKGFDA78CG,寶清段四小段488地號
QPSNMLTJNHKGFDA78CG,寶清段四小段488-1地號
QPSNMLTJNHKGFDA78CG,寶清段四小段489地號
RPRNMLTJNHKGFDA78CG,正義段三小段514地號
QPPNMLPKNHKGFDA18CG,敦化段二小段18地號
QPPNMLPKNHKGFDA18CG,敦化段二小段19地號
QPPNMLPKNHKGFDA18CG,敦化段二小段20地號
QPPNMLPKNHKGFDA18CG,敦化段二小段24地號
QPPNMLPKNHKGFDA18CG,敦化段二小段25地號
QPPNMLPKNHKGFDA18CG,敦化段二小段28地號
QPPNMLPKNHKGFDA18CG,敦化段二小段29地號
QPQNMLTKNHKGFDA68CG,金華段三小段14地號
QPPNMLTKNHKGFDA58CG,祥和段二小段101-1地號
QPPNMLTKNHKGFDA58CG,祥和段二小段101-2地號
QPPNMLTKNHKGFDA58CG,祥和段二小段102地號
QPPNMLTKNHKGFDA58CG,祥和段二小段102-1地號
QPPNMLTKNHKGFDA58CG,祥和段二小段102-2地號
QPPNMLTKNHKGFDA58CG,祥和段二小段104地號
QPPNMLTKNHKGFDA58CG,祥和段二小段104-2地號
QPPNMLTKNHKGFDA58CG,祥和段二小段105地號
QPPNMLTKNHKGFDA58CG,祥和段二小段106地號
QPPNMLLLNHKGFDA97DG,福林段一小段231地號
RPRNMLMLNHKGFDA28CG,雙連段二小段518-18地號
RPRNMLMLNHKGFDA28CG,雙連段二小段518-27地號
RPRNMLMLNHKGFDA28CG,雙連段二小段518-28地號
RPRNMLMLNHKGFDA28CG,雙連段二小段518-29地號
RPRNMLMLNHKGFDA28CG,雙連段二小段518-30地號
RPRNMLMLNHKGFDA28CG,雙連段二小段518-31地號
RPRNMLMLNHKGFDA28CG,雙連段二小段518-32地號
RPRNMLMLNHKGFDA28CG,雙連段二小段518-33地號
RPRNMLMLNHKGFDA28CG,雙連段二小段518-34地號
RPRNMLMLNHKGFDA28CG,雙連段二小段518-35地號
RPRNMLMLNHKGFDA28CG,雙連段二小段518-36地號
RPRNMLMLNHKGFDA28CG,雙連段二小段518-19地號
RPRNMLMLNHKGFDA28CG,雙連段二小段518-37地號
RPRNMLMLNHKGFDA28CG,雙連段二小段518-38地號
RPRNMLMLNHKGFDA28CG,雙連段二小段518-39地號
RPRNMLMLNHKGFDA28CG,雙連段二小段518-40地號
RPRNMLMLNHKGFDA28CG,雙連段二小段518-41地號
RPRNMLMLNHKGFDA28CG,雙連段二小段518-42地號
RPRNMLMLNHKGFDA28CG,雙連段二小段518-43地號
RPRNMLMLNHKGFDA28CG,雙連段二小段518-44地號
RPRNMLMLNHKGFDA28CG,雙連段二小段518-45地號
RPRNMLMLNHKGFDA28CG,雙連段二小段518-46地號
RPRNMLMLNHKGFDA28CG,雙連段二小段518-20地號
RPRNMLMLNHKGFDA28CG,雙連段二小段518-47地號
RPRNMLMLNHKGFDA28CG,雙連段二小段546地號
RPRNMLMLNHKGFDA28CG,雙連段二小段547地號
RPRNMLMLNHKGFDA28CG,雙連段二小段548地號
RPRNMLMLNHKGFDA28CG,雙連段二小段549地號
RPRNMLMLNHKGFDA28CG,雙連段二小段550地號
RPRNMLMLNHKGFDA28CG,雙連段二小段551地號
RPRNMLMLNHKGFDA28CG,雙連段二小段552地號
RPRNMLMLNHKGFDA28CG,雙連段二小段553地號
RPRNMLMLNHKGFDA28CG,雙連段二小段554地號
RPRNMLMLNHKGFDA28CG,雙連段二小段518-21地號
RPRNMLMLNHKGFDA28CG,雙連段二小段555地號
RPRNMLMLNHKGFDA28CG,雙連段二小段556地號
RPRNMLMLNHKGFDA28CG,雙連段二小段557地號
RPRNMLMLNHKGFDA28CG,雙連段二小段518-22地號
RPRNMLMLNHKGFDA28CG,雙連段二小段518-23地號
RPRNMLMLNHKGFDA28CG,雙連段二小段518-24地號
RPRNMLMLNHKGFDA28CG,雙連段二小段518-25地號
RPRNMLMLNHKGFDA28CG,雙連段二小段518-26地號
QPPNMLMLNHKGFDA97CG,南港段三小段319地號
QPPNMLMLNHKGFDA97CG,南港段三小段316-2地號
QPQNMLMLNHKGFDA08CG,中南段一小段254地號
QPQNMLMLNHKGFDA08CG,中南段一小段255地號
QPQNMLMLNHKGFDA08CG,中南段一小段256地號
QPQNMLMLNHKGFDA08CG,中南段一小段257地號
QPQNMLMLNHKGFDA08CG,中南段一小段258地號
QPPNMLRLNHKGFDA58DG,寶清段一小段583地號
QPPNMLRLNHKGFDA58DG,寶清段一小段584地號
QPPNMLRLNHKGFDA58DG,寶清段一小段585地號
QPPNMLRLNHKGFDA58DG,寶清段一小段586地號
QPPNMLRLNHKGFDA58DG,寶清段一小段591地號
QPPNMLRLNHKGFDA58DG,寶清段一小段592地號
QPPNMLRLNHKGFDA58DG,寶清段一小段593地號
QPPNMLRLNHKGFDA58DG,寶清段一小段594地號
QPPNMLRLNHKGFDA58DG,寶清段一小段595地號
QPQNMLTLNHKGFDA78CG,吉林段一小段279地號
QPRNMLTLNHKGFDA88CG,南港段二小段653地號
QPRNMLTLNHKGFDA88CG,南港段二小段662-2地號
QPRNMLTLNHKGFDA88CG,南港段二小段663-1地號
QPRNMLTLNHKGFDA88CG,南港段二小段664地號
QPRNMLTLNHKGFDA88CG,南港段二小段665地號
QPRNMLTLNHKGFDA88CG,南港段二小段667-1地號
QPRNMLTLNHKGFDA88CG,南港段二小段668地號
QPRNMLTLNHKGFDA88CG,南港段二小段669地號
QPRNMLTLNHKGFDA88CG,南港段二小段670地號
QPRNMLTLNHKGFDA88CG,南港段二小段670-1地號
QPRNMLTLNHKGFDA88CG,南港段二小段654地號
QPRNMLTLNHKGFDA88CG,南港段二小段659地號
QPRNMLTLNHKGFDA88CG,南港段二小段659-1地號
QPRNMLTLNHKGFDA88CG,南港段二小段659-2地號
QPRNMLTLNHKGFDA88CG,南港段二小段659-3地號
QPRNMLTLNHKGFDA88CG,南港段二小段659-4地號
QPRNMLTLNHKGFDA88CG,南港段二小段660地號
QPRNMLTLNHKGFDA88CG,南港段二小段662-1地號
QPPNMLTLNHKGFDA68CG,中山段一小段340地號
QPPNMLMJOHKGFDA97DG,西松段三小段693地號
QPPNMLOJOHKGFDA08CG,大安段一小段172地號
QPPNMLOJOHKGFDA08CG,大安段一小段173地號
QPPNMLOJOHKGFDA08CG,大安段一小段174地號
QPPNMLOJOHKGFDA08CG,大安段一小段175地號
QPPNMLOJOHKGFDA08CG,大安段一小段176地號
QPPNMLMKOHKGFDA08DG,華興段三小段238地號
QPPNMLMKOHKGFDA08DG,華興段三小段245-1地號
QPPNMLMKOHKGFDA08DG,華興段三小段246地號
QPPNMLMKOHKGFDA08DG,華興段三小段239地號
QPPNMLMKOHKGFDA08DG,華興段三小段240地號
QPPNMLMKOHKGFDA08DG,華興段三小段241地號
QPPNMLMKOHKGFDA08DG,華興段三小段241-1地號
QPPNMLMKOHKGFDA08DG,華興段三小段242地號
QPPNMLMKOHKGFDA08DG,華興段三小段243地號
QPPNMLMKOHKGFDA08DG,華興段三小段244地號
QPPNMLMKOHKGFDA08DG,華興段三小段245地號
QPPNMLRKOHKGFDA48CG,中山段二小段487地號
QPPNMLRKOHKGFDA48CG,中山段二小段494-2地號
QPPNMLRKOHKGFDA48CG,中山段二小段494-3地號
QPPNMLRKOHKGFDA48CG,中山段二小段494-4地號
QPPNMLRKOHKGFDA48CG,中山段二小段488地號
QPPNMLRKOHKGFDA48CG,中山段二小段489地號
QPPNMLRKOHKGFDA48CG,中山段二小段490地號
QPPNMLRKOHKGFDA48CG,中山段二小段491地號
QPPNMLRKOHKGFDA48CG,中山段二小段492地號
QPPNMLRKOHKGFDA48CG,中山段二小段493地號
QPPNMLRKOHKGFDA48CG,中山段二小段494地號
QPPNMLRKOHKGFDA48CG,中山段二小段494-1地號
QPPNMLTKOHKGFDA78DG,臨沂段三小段464-1地號
QPPNMLTKOHKGFDA78DG,臨沂段三小段465地號
QPPNMLTKOHKGFDA78DG,臨沂段三小段466地號
QPPNMLTKOHKGFDA78DG,臨沂段三小段466-1地號
QPPNMLTKOHKGFDA78DG,臨沂段三小段470地號
QPPNMLTKOHKGFDA78DG,臨沂段三小段471地號
QPPNMLTKOHKGFDA78DG,臨沂段三小段474-1地號
QPPNMLTKOHKGFDA78DG,臨沂段三小段474-5地號
QPPNMLTKOHKGFDA78DG,臨沂段三小段475地號
QPPNMLOLOHKGFDA38DG,天母段三小段43地號
QPPNMLOLOHKGFDA38DG,天母段三小段45地號
QPPNMLOLOHKGFDA38DG,天母段三小段46-2地號
QPPNMLQLOHKGFDA48CG,大同段一小段542地號
QPPNMLQLOHKGFDA48CG,大同段一小段543地號
QPPNMLQLOHKGFDA48CG,大同段一小段544地號
QPPNMLRLOHKGFDA58CG,仁愛段一小段96地號
QPPNMLRLOHKGFDA58CG,仁愛段一小段107地號
QPPNMLRLOHKGFDA58CG,仁愛段一小段97地號
QPPNMLRLOHKGFDA58CG,仁愛段一小段98地號
QPPNMLRLOHKGFDA58CG,仁愛段一小段99地號
QPPNMLRLOHKGFDA58CG,仁愛段一小段101地號
QPPNMLRLOHKGFDA58CG,仁愛段一小段102地號
QPPNMLRLOHKGFDA58CG,仁愛段一小段103地號
QPPNMLRLOHKGFDA58CG,仁愛段一小段104地號
QPPNMLRLOHKGFDA58CG,仁愛段一小段106地號
QPPNMLLJPHKGFDA87CG,新民段三小段74-6地號
QPPNMLMJPHKGFDA97CG,桃源段二小段413地號
QPPNMLMJPHKGFDA97CG,桃源段二小段416地號
QPPNMLMJPHKGFDA97CG,桃源段二小段417地號
QPPNMLMJPHKGFDA97CG,桃源段二小段418地號
QPPNMLMJPHKGFDA97CG,桃源段二小段421地號
QPPNMLMJPHKGFDA97CG,桃源段二小段422地號
QPPNMLMJPHKGFDA97CG,桃源段二小段423地號
QPPNMLMJPHKGFDA97CG,桃源段二小段424地號
RPPNMLNJPHKGFDA18CG,軟橋段6地號
QPPNMLTJPHKGFDA78DG,寶清段二小段168地號
QPPNMLTJPHKGFDA78DG,寶清段二小段169地號
QPPNMLLKPHKGFDA08DG,吉林段三小段137地號
QPPNMLLKPHKGFDA08DG,吉林段三小段146地號
QPPNMLLKPHKGFDA08DG,吉林段三小段147地號
QPPNMLLKPHKGFDA08DG,吉林段三小段148地號
QPPNMLLKPHKGFDA08DG,吉林段三小段149地號
QPPNMLLKPHKGFDA08DG,吉林段三小段150地號
QPPNMLLKPHKGFDA08DG,吉林段三小段151地號
QPPNMLLKPHKGFDA08DG,吉林段三小段152地號
QPPNMLLKPHKGFDA08DG,吉林段三小段155地號
QPPNMLLKPHKGFDA08DG,吉林段三小段156地號
QPPNMLLKPHKGFDA08DG,吉林段三小段159地號
QPPNMLLKPHKGFDA08DG,吉林段三小段138地號
QPPNMLLKPHKGFDA08DG,吉林段三小段160地號
QPPNMLLKPHKGFDA08DG,吉林段三小段161地號
QPPNMLLKPHKGFDA08DG,吉林段三小段161-1地號
QPPNMLLKPHKGFDA08DG,吉林段三小段162地號
QPPNMLLKPHKGFDA08DG,吉林段三小段162-1地號
QPPNMLLKPHKGFDA08DG,吉林段三小段163地號
QPPNMLLKPHKGFDA08DG,吉林段三小段163-1地號
QPPNMLLKPHKGFDA08DG,吉林段三小段164地號
QPPNMLLKPHKGFDA08DG,吉林段三小段164-1地號
QPPNMLLKPHKGFDA08DG,吉林段三小段165地號
QPPNMLLKPHKGFDA08DG,吉林段三小段139地號
QPPNMLLKPHKGFDA08DG,吉林段三小段165-1地號
QPPNMLLKPHKGFDA08DG,吉林段三小段166地號
QPPNMLLKPHKGFDA08DG,吉林段三小段166-1地號
QPPNMLLKPHKGFDA08DG,吉林段三小段167地號
QPPNMLLKPHKGFDA08DG,吉林段三小段167-1地號
QPPNMLLKPHKGFDA08DG,吉林段三小段168地號
QPPNMLLKPHKGFDA08DG,吉林段三小段168-1地號
QPPNMLLKPHKGFDA08DG,吉林段三小段169地號
QPPNMLLKPHKGFDA08DG,吉林段三小段169-1地號
QPPNMLLKPHKGFDA08DG,吉林段三小段140地號
QPPNMLLKPHKGFDA08DG,吉林段三小段141地號
QPPNMLLKPHKGFDA08DG,吉林段三小段142地號
QPPNMLLKPHKGFDA08DG,吉林段三小段143地號
QPPNMLLKPHKGFDA08DG,吉林段三小段144地號
QPPNMLLKPHKGFDA08DG,吉林段三小段145地號
QPPNMLOKPHKGFDA28CG,長安段四小段181-2地號
QPPNMLOKPHKGFDA28CG,長安段四小段181-3地號
QPPNMLOKPHKGFDA28CG,長安段四小段181-5地號
QPPNMLOKPHKGFDA28CG,長安段四小段182地號
QPPNMLOKPHKGFDA28CG,長安段四小段183地號
QPPNMLOKPHKGFDA28CG,長安段四小段184地號
QPQNMLOKPHKGFDA38CG,學府段四小段126地號
QPQNMLOKPHKGFDA38CG,學府段四小段127地號
QPQNMLPLPHKGFDA58CG,大安段一小段268地號
QPQNMLPLPHKGFDA58CG,大安段一小段318地號
QPQNMLPLPHKGFDA58CG,大安段一小段321地號
QPQNMLPLPHKGFDA58CG,大安段一小段322地號
QPQNMLPLPHKGFDA58CG,大安段一小段325地號
QPQNMLPLPHKGFDA58CG,大安段一小段326地號
QPQNMLPLPHKGFDA58CG,大安段一小段329地號
QPQNMLPLPHKGFDA58CG,大安段一小段330地號
QPQNMLPLPHKGFDA58CG,大安段一小段331地號
QPQNMLPLPHKGFDA58CG,大安段一小段334地號
QPQNMLPLPHKGFDA58CG,大安段一小段335地號
QPQNMLPLPHKGFDA58CG,大安段一小段269地號
QPQNMLPLPHKGFDA58CG,大安段一小段338地號
QPQNMLPLPHKGFDA58CG,大安段一小段339-1地號
QPQNMLPLPHKGFDA58CG,大安段一小段270地號
QPQNMLPLPHKGFDA58CG,大安段一小段313地號
QPQNMLPLPHKGFDA58CG,大安段一小段313-1地號
QPQNMLPLPHKGFDA58CG,大安段一小段313-2地號
QPQNMLPLPHKGFDA58CG,大安段一小段313-3地號
QPQNMLPLPHKGFDA58CG,大安段一小段314地號
QPQNMLPLPHKGFDA58CG,大安段一小段317地號
QPPNMLQJQHKGFDA48CG,立農段一小段392地號
QPPNMLQJQHKGFDA48CG,立農段一小段393地號
QPPNMLQJQHKGFDA48CG,立農段一小段394地號
QPQNMLPKQHKGFDA68DG,雙連段三小段707地號
QPQNMLPKQHKGFDA68DG,雙連段三小段708地號
QPQNMLPKQHKGFDA68DG,雙連段三小段709地號
QPQNMLPKQHKGFDA68DG,雙連段三小段710地號
QPQNMLPKQHKGFDA68DG,雙連段三小段711地號
QPQNMLPKQHKGFDA68DG,雙連段三小段712地號
QPPNMLKLQHKGFDA08CG,文林段五小段287地號
QPPNMLKLQHKGFDA08CG,文林段五小段288地號
QPPNMLKLQHKGFDA08CG,文林段五小段289地號
QPPNMLKLQHKGFDA08CG,文林段五小段290地號
QPPNMLKLQHKGFDA08CG,文林段五小段291地號
QPPNMLKLQHKGFDA08CG,文林段五小段292地號
QPPNMLKLQHKGFDA08CG,文林段五小段293地號
QPPNMLKLQHKGFDA08CG,文林段五小段294地號
QPPNMLKLQHKGFDA08CG,文林段五小段295地號
QPPNMLMLQHKGFDA28CG,桃源段四小段119地號
QPPNMLMLQHKGFDA28CG,桃源段四小段121地號
QPPNMLMLQHKGFDA28CG,桃源段四小段122地號
QPPNMLMLQHKGFDA28CG,桃源段四小段123地號
QPPNMLMLQHKGFDA28CG,桃源段四小段124地號
QPPNMLMLQHKGFDA28CG,桃源段四小段125地號
QPPNMLMLQHKGFDA28CG,桃源段四小段126地號
QPPNMLMLQHKGFDA28CG,桃源段四小段129地號
QPPNMLMLQHKGFDA28CG,桃源段四小段132地號
QPPNMLPLQHKGFDA68DG,碧湖段三小段79地號
RPQNMLTJRHKGFDA09CG,美仁段二小段501-1地號
RPQNMLTJRHKGFDA09CG,美仁段二小段503地號
RPQNMLTJRHKGFDA09CG,美仁段二小段503-1地號
RPQNMLTJRHKGFDA09CG,美仁段二小段506地號
RPQNMLTJRHKGFDA09CG,美仁段二小段507地號
RPQNMLTJRHKGFDA09CG,美仁段二小段508地號
RPQNMLTJRHKGFDA09CG,美仁段二小段510地號
RPQNMLTJRHKGFDA09CG,美仁段二小段511地號
RPQNMLTJRHKGFDA09CG,美仁段二小段512地號
QPPNMLSKRHKGFDA88CG,長春段一小段12-4地號
QPPNMLSKRHKGFDA88CG,長春段一小段48地號
QPPNMLSKRHKGFDA88CG,長春段一小段49地號
QPPNMLSKRHKGFDA88CG,長春段一小段50地號
QPPNMLSKRHKGFDA88CG,長春段一小段51地號
QPPNMLSKRHKGFDA88CG,長春段一小段56地號
QPPNMLSKRHKGFDA88CG,長春段一小段39地號
QPPNMLSKRHKGFDA88CG,長春段一小段41地號
QPPNMLSKRHKGFDA88CG,長春段一小段42地號
QPPNMLSKRHKGFDA88CG,長春段一小段43地號
QPPNMLSKRHKGFDA88CG,長春段一小段44地號
QPPNMLSKRHKGFDA88CG,長春段一小段45地號
QPPNMLSKRHKGFDA88CG,長春段一小段46地號
QPPNMLSKRHKGFDA88CG,長春段一小段47地號
QPPNMLPLRHKGFDA68CG,新洲美段101地號
QPPNMLRJIIKGFDA87CG,長安段一小段454-1地號
QPPNMLQKIIKGFDA87CG,海光段一小段253地號
QPPNMLQKIIKGFDA87CG,海光段一小段263地號
QPPNMLQKIIKGFDA87CG,海光段一小段264地號
QPPNMLQKIIKGFDA87CG,海光段一小段265地號
QPPNMLQKIIKGFDA87CG,海光段一小段266地號
QPPNMLQKIIKGFDA87CG,海光段一小段267地號
QPPNMLQKIIKGFDA87CG,海光段一小段268地號
QPPNMLQKIIKGFDA87CG,海光段一小段269地號
QPPNMLQKIIKGFDA87CG,海光段一小段271地號
QPPNMLQKIIKGFDA87CG,海光段一小段272地號
QPPNMLQKIIKGFDA87CG,海光段一小段274地號
QPPNMLQKIIKGFDA87CG,海光段一小段256地號
QPPNMLQKIIKGFDA87CG,海光段一小段257地號
QPPNMLQKIIKGFDA87CG,海光段一小段258地號
QPPNMLQKIIKGFDA87CG,海光段一小段259地號
QPPNMLQKIIKGFDA87CG,海光段一小段259-1地號
QPPNMLQKIIKGFDA87CG,海光段一小段260-1地號
QPPNMLQKIIKGFDA87CG,海光段一小段261地號
QPPNMLQKIIKGFDA87CG,海光段一小段262地號
QPQNMLRKIIKGFDA08CG,玉泉段一小段539-2地號
QPQNMLRKIIKGFDA08CG,玉泉段一小段547地號
QPQNMLRKIIKGFDA08CG,玉泉段一小段548地號
QPQNMLRKIIKGFDA08CG,玉泉段一小段549地號
QPQNMLRKIIKGFDA08CG,玉泉段一小段560-4地號
QPQNMLRKIIKGFDA08CG,玉泉段一小段560-7地號
QPQNMLRKIIKGFDA08CG,玉泉段二小段540地號
QPQNMLRKIIKGFDA08CG,玉泉段一小段541地號
QPQNMLRKIIKGFDA08CG,玉泉段一小段541-2地號
QPQNMLRKIIKGFDA08CG,玉泉段一小段542地號
QPQNMLRKIIKGFDA08CG,玉泉段一小段543地號
QPQNMLRKIIKGFDA08CG,玉泉段一小段544地號
QPQNMLRKIIKGFDA08CG,玉泉段一小段545地號
QPQNMLRKIIKGFDA08CG,玉泉段一小段546地號
QPPNMLLLIIKGFDA47CG,立農段四小段15-4地號
QPPNMLLLIIKGFDA47CG,立農段四小段16-2地號
QPPNMLLLIIKGFDA47CG,立農段四小段17地號
QPPNMLLLIIKGFDA47CG,立農段四小段18地號
QPPNMLLLIIKGFDA47CG,立農段四小段19地號
QPPNMLLLIIKGFDA47CG,立農段四小段20地號
QPPNMLLLIIKGFDA47CG,立農段四小段21地號
QPPNMLLLIIKGFDA47CG,立農段四小段22地號
QPPNMLLLIIKGFDA47CG,立農段四小段23地號
QPPNMLNLIIKGFDA77DG,康寧段四小段98地號
QPPNMLNLIIKGFDA77DG,康寧段四小段99地號
QPPNMLNLIIKGFDA77DG,康寧段四小段100地號
QPPNMLTLIIKGFDA28CG,萬華段二小段271地號
QPPNMLTLIIKGFDA28CG,萬華段二小段279-1地號
QPPNMLTLIIKGFDA28CG,萬華段二小段280地號
QPPNMLTLIIKGFDA28CG,萬華段二小段281地號
QPPNMLTLIIKGFDA28CG,萬華段二小段282地號
QPPNMLTLIIKGFDA28CG,萬華段二小段283地號
QPPNMLTLIIKGFDA28CG,萬華段二小段284地號
QPPNMLTLIIKGFDA28CG,萬華段二小段285地號
QPPNMLTLIIKGFDA28CG,萬華段二小段286地號
QPPNMLTLIIKGFDA28CG,萬華段二小段287地號
QPPNMLTLIIKGFDA28CG,萬華段二小段288地號
QPPNMLTLIIKGFDA28CG,萬華段二小段272地號
QPPNMLTLIIKGFDA28CG,萬華段二小段289地號
QPPNMLTLIIKGFDA28CG,萬華段二小段290地號
QPPNMLTLIIKGFDA28CG,萬華段二小段291地號
QPPNMLTLIIKGFDA28CG,萬華段二小段273地號
QPPNMLTLIIKGFDA28CG,萬華段二小段274地號
QPPNMLTLIIKGFDA28CG,萬華段二小段275地號
QPPNMLTLIIKGFDA28CG,萬華段二小段276地號
QPPNMLTLIIKGFDA28CG,萬華段二小段277地號
QPPNMLTLIIKGFDA28CG,萬華段二小段278地號
QPPNMLTLIIKGFDA28CG,萬華段二小段279地號
QPPNMLPJJIKGFDA77CG,康寧段二小段239地號
QPPNMLPJJIKGFDA77CG,康寧段二小段240地號
QPPNMLPJJIKGFDA77CG,康寧段二小段241地號
QPPNMLPJJIKGFDA77CG,康寧段二小段241-2地號
QPSNMLRJJIKGFDA38DG,河堤段六小段420地號
QPSNMLRJJIKGFDA38DG,河堤段六小段421地號
QPSNMLRJJIKGFDA38DG,河堤段六小段422地號
QPPNMLMKKIKGFDA67CG,漢中段二小段731地號
QPPNMLMKKIKGFDA67CG,漢中段二小段733地號
QPPNMLMKKIKGFDA67CG,漢中段二小段734地號
QPPNMLMKKIKGFDA67CG,漢中段二小段735地號
QPPNMLMKKIKGFDA67CG,漢中段二小段736地號
QPPNMLMKKIKGFDA67CG,漢中段二小段737地號
