鄉鎮市區,建案名稱,坐落街道,起造人,層棟戶數,使用分區,主要用途,主要建材,申報備查日期,銷售期間,坐落基地,建照核發日期,建造執照,第1次登記日期,編號
TOWN,BUILDCASE,LOCATION,BUILDER,HOUSEHOLD,USEZONING,MAINUSE,MAINMATERIAL,DECLAREDATE,SELLINGPERIOD,BUILDINGLANDS,BUILDINGPERMITDATE,BUILDINGPERMITNO,FIRST REGISTRATION DATE,NUMBER
鶯歌區,立瑾綻,鳳吉一街,立澄建設股份有限公司負責人:黃豐佐,10,住宅區,住宅,鋼筋混凝土造,1100701,自售:1100712~1101231;,鳳福段298地號,1100622,110鶯建字第00297號,1120919,G1FI1100701000103
中和區,璞陽科技大樓,中正路1178號,僑馥建築經理股份有限公司,22,乙種工業區,作業廠房,鋼骨鋼筋混凝土,1100701,自售:1100701~1130831;,新民段46地號,1121026,108中建字第00500-03號,1140303,YPPNMLLJPHGGFHF66DG
三重區,亞昕淳白,大有街與頂崁街210巷28弄交叉口,亞昕國際開發股份有限公司,211,住宅區,集合住宅(H2)、商場(B2),鋼筋混凝土造,1100702,自售:無;代銷:建照核發後開始銷售至本建案使用執照取得後六個月止;,三重段90地號,1100609,110重建字第00270號,1131211,QPPNMLMJPHGGFGF48DG
新莊區,A3寰宇一號,新北大道三段,?萊建設股份有限公司,91,第一種商業區,一般事務所G2、一般零售業G3,鋼筋混凝土造,,自售:1100707~1101130;,新知段90地號,1090423,108莊建字第00011-02號,1110419,G1FB1100706000100
淡水區,青澤,民權路,允鵬建設股份有限公司(負責人：邱福地),297,第四種住宅區,集合住宅、餐飲業、辦公室、商場,鋼筋混凝土造,1100708,自售:1100715~自完售止;110年7月15日起至銷售完畢;,馬偕段152地號,1090213,103淡建字第00162-1號,,TPPNMLSJPHGGFEF09CG
永和區,恆詠,中山路1段100號,恆岳建設股份有限公司 代表人:張中嶽,96,住宅區、商業區,店鋪 集合住宅,鋼筋混凝土造,,自售:無;代銷:1100705~1110131;取得建照至111年1月31日;,信義段1135地號,1100621,110永建字第00292號,,QPPNMLTJPHGGFHF56CG
淡水區,海鷗日光,中正東路一段111巷30號,合創開發股份有限公司負責人：林正偉,22,第四種住宅區,H2集合住宅,鋼筋混凝土構造,1100712,自售:1100727~1111231;,海鷗段1008地號,1100112,110淡建字第00020號,1140616,TPPNMLMKPHGGFEF58CG
林口區,竹林苑,竹林路606巷,金東興建設股份有限公司,22,第二種住宅區,集合住宅(H2),鋼筋混凝土造,1100714,自售:1100801~1130531;,佳林段151地號,1100201,110林建字第00120號,1130808,QPQNMLOKPHGGFBF28CG
永和區,比漾好境,永貞路,東家建設股份有限公司(負責人：邱福地),125,商業區,店鋪G-3住宅H-2一般事務所G-2,鋼筋混凝土造,1100727,自售:1100801~自完售止;110年08月01日至銷售完畢;,保平段266地號,1071113,107永建字第00498號,,SPQNMLRLPHGGFHF86CG
五股區,麗寶微風花園,新五路二段,寶贊開發事業股份有限公司,227,住宅區,集合住宅、店舖,鋼筋混凝土構造,1100729,自售:無;代銷:110年4月1日起承攬至100%完銷;,芳洲段249地號,1090409,106股建字第00351-02號,1111004,G1FB1100729000101
蘆洲區,大鑽蘆洲首席,信義路34巷,大鑽建設有限公司,13,住宅區,H2-集合住宅,鋼筋混凝土造,1100730,自售:1100817~1121205;,民義段462地號,1100625,110蘆建字第00133-01號,1130607,G1FG1100730000106
林口區,盛德富,惠民街,盛德建設股份有限公司 代表人:何慧君,75,第二種住宅區,(H2)集合住宅,鋼筋混凝土構造,1100802,自售:無;代銷:1100701~1130630;,建林段594地號,1100726,110林建字第00337號,1130116,QPPNMLMJQHGGFBF08DG
淡水區,新市二丁目,新市一路一段99巷,合嘉建設股份有限公司(負責人:李文介),116,第五之一種住宅區,G3:日用品零售或服務業，H2:集合住宅,鋼筋混凝土構造,1100803,自售:無;代銷:1100901~1111231;,新市段217地號,1090211,109淡建字第00062號,1121214,G2FE1100803000101
淡水區,好風光Ⅱ,紅樹林路82號對面,麗源建設股份有限公司(法定代理人:林君紋),276,第二種住宅區,H2集合住宅,鋼筋混凝土構造,1100803,自售:無;代銷:110401~1110331;售罄100%為止;,海天段171地號,1081009,105淡建字第00474-01號,1121012,QPPNMLNJQHGGFEF38CG
林口區,力璞學,興林一街82巷15號旁,力馥建設股份有限公司,95,鄰里商業區,日用品零售業，集合住宅,鋼筋混凝土構造,1100806,自售:無;代銷:110.03.29至全案銷售完畢;,新林段332地號,1100125,110林建字第00053號,1121218,QPPNMLQJQHGGFBF48DG
板橋區,馥華沐白,永翠路,馥麗建設股份有限公司代表人葉志?等1人,114,第二種住宅區,H2集合住宅,鋼筋混凝土構造,1100812,自售:無;代銷:1100814~1101231;,永翠段91地號,1100809,110板建字第00373號,,G2FA1100812000100
板橋區,三松 Jade Park,永翠路藝文一街交叉,三松開發建設股份有限公司,144,商業區,B2店鋪、F1診所、產後護理機構、H2集合住宅,鋼筋混凝土構造,1100813,自售:1100401~1110630;代銷:1100401~1110630;,永翠段50地號,1100224,110板建字第00105號,,QPQNMLNKQHGGFAF18CG
淡水區,聯硯繪,自強路,聯硯建設股份有限公司負責人:吳文福,42,第四種住宅區,G3店鋪 H2集合住宅,鋼筋混凝土造,1100813,自售:1100813~1130807;,關渡段479地號,1090922,109淡建字第00409號,1131104,G1FE1100813000100
三重區,漾時光,元富一街,華鼎建設開發股份有限公司(負責人：賴茂松),76,住宅區,店舖、集合住宅,鋼筋混凝土構造,1100816,自售:無;代銷:110年04月08日至全部完銷;,仁信段25地號,1081203,108重建字第00536號,,QPPNMLQKQHGGFGF09DG
金山區,築馨園,信義街64巷,宋寶建設有限公司,35,第二種住宅區,集合住宅,鋼筋混泥土構造,1100817,自售:1100901~1110831;,五福段546地號,1091127,109金建字第00529號,1130723,G2FD1100817000105
淡水區,台北灣銀河,新市一路一段,湯泉國際開發股份有限公司 負責人:趙子超,1467,第三種住宅區,住宅,鋼筋混凝土、鋼骨構造,1100823,自售:無;代銷:1100827~1120831;,公司田段184地號,1091117,106淡建字第00364-02號,1140704,G1FE1100823000101
汐止區,鉌田心境,大同路二段184巷1之6號,鉌田建設股份有限公司,68,第二種住宅區,住宅及店鋪,鋼筋混凝土,1100824,自售:1100809~1101231;,智興段259地號,1071113,107汐建字第00537號,1110511,G2FD1100824000100
林口區,福樺中央大樓,文化二路一段,福樺建設股份有限公司負責人:丁章權,65,中心商業區,金融、保險服務業及機構(G1)、事務所及工商服務業(G2)、一般零售業(G3),鋼骨構造,1100831,自售:無;代銷:1100801~1121231;,力行段781地號,1091015,108林建字第00030-01號,1140627,G1FB1100831000100
板橋區,樹學院,中正路與新月一街交叉口,和峻建設股份有限公司 負責人張展溢,61,第二種住宅區,H2集合住宅.G3店鋪,鋼筋混凝土造,1100903,自售:無;代銷:1100715~自完售止;至完銷為止;,新都段115地號,1090227,(108)板建字第00026-1號,1130503,G1FA1100903000200
板橋區,文化金鎂,漢生西路28號旁,皇勝建設股份有限公司(負責人:廖妙靜),93,住宅區,G2一般事務所，G3店鋪，H2集合住宅,鋼筋混凝土造,1100903,自售:無;代銷:1100801~1110430;,公館段698-8地號,1100507,110板建字第00223號,,QPQNMLNJRHGGFAF28DG
新店區,鈞豐御寶,中央七街,鈞豐建設股份有限公司代表人紀賢順等4人,29,第四種住宅區,H2集合住宅,鋼筋混凝土造,1100910,自售:1100910~1130331;,中央段542地號,1090825,109店建字第00029-01號,1130314,G1FC1100910000205
蘆洲區,御陽居,民權路142巷,昱陽開發有限公司,18,住宅區,集合住宅,鋼筋混凝土,1100910,自售:自110年9月10日起至完銷為止;,民生段522地號,1100215,110蘆建字第00123號,1130322,G2FG1100910000100
中和區,弘暉大禧,圓通路141巷9號旁,弘昇開發建設股份有限公司 負責人：鄭吟君,160,住宅區,H2:集合住宅,鋼筋混凝土造,1100917,自售:無;代銷:1100301~1120228;,大同段143地號,1090820,109中建字第00339-1號,,G2FH1100917000100
樹林區,北大品,學林路大成路口,富總建設股份有限公司 負責人：藍淑娟,33,住宅區,G3店舖H2集合住宅,鋼筋混凝土構造,1100922,自售:1100923~1110930;代銷:1100923~1110930;,大學段二小段35地號,1100819,110樹建字第00404號,1140203,G1FI1100922000100
新莊區,東進新莊苑,新莊路325號旁,東進開發建設股份有限公司(負責人:王國榮),46,住宅區、商業區,店鋪(G3).一般事務所(G2).集合住宅(H2),鋼筋混凝土造,1100923,自售:1101015~1150710;,文德段858地號,1100714,110莊建字第00321號,,QPPNMLNLRHGGFBF38CG
三重區,正義綻,正義北路275號,唐璽建設股份有限公司,33,商業區,集合住宅、店鋪、一般事務所,鋼筋混凝土造,1100928,自售:無;代銷:1101015~1110413;以甲方取得建築執照後且代銷正式進駐接待中心當日為主。;,正義段254地號,1100805,110重建字第00409號,1140922,QPPNMLSLRHGGFGF86DG
林口區,愛家匯,忠孝一路,家泰資產開發股份有限公司負責人:王維聖等三家,84,第二種住宅區,H2集合住宅、G3一般零售業,鋼筋混凝土構造,1100929,自售:無;代銷:1101001~1141231;人員進場後至使用執照取得日起計算九個月為止;,建林段152地號,1100916,110林建字第00445號,1131025,QPQNMLTLRHGGFBF56DG
林口區,宏樸18HOUSE,民族路,宏樸建設有限公司負責人:林建宏,19,第五種住宅區,(H2)集合住宅,鋼筋混凝土構造,1100929,自售:1101015~·;賣至完銷;,力行段1216地號,1100818,110林建字第00397號,1140122,QPQNMLTLRHGGFBF09CG
永和區,豐后,成功路一段125巷旁,瀚鼎國際建設股份有限公司    負責人 蘇文良等2人,80,住宅區,H2集合住宅,鋼筋混凝土構造,1100930,自售:無;代銷:1101001~1110620;,長堤段622-2地號,1100916,110永建字第00444號,,QPPNMLKMRHGGFHF88DG
新莊區,富都新向,新北大道七段,方圓開發建設股份有限公司 負責人:王玉鳳,65,住宅區,H2-集合住宅.G3-店鋪,鋼筋混凝土構造,1101001,自售:無;代銷:1100924~自完售止;至使用執照取得;,雙鳳段194地號,1100922,110莊建字第00458號,1140429,QPRNMLLJIIGGFBF37CG
林口區,富創得林口新創園區,工四路,富創得科技股份有限公司  負責人:吳明發,50,乙種工業區,C2作業廠房,鋼構造、鋼筋混凝土構造,1101001,自售:無;代銷:1101001~1101231;,工二段28-3地號,1090120,109林建字第00038號,,QPPNMLLJIIGGFBF17CG
淡水區,富麗欣,濱海路二段,富利興開發股份有限公司負責人：林志賢,133,第五之一種住宅區,G3：日用品零售或服務業，H2：集合住宅,鋼筋混凝土構造,1101004,自售:無;代銷:1101006~1120405;,新市段201地號,1090721,108淡建字第00518-01號,1121012,G1FE1101004000102
土城區,芊翠,清水路、青仁路口,皇翔建設股份有限公司(負責人:廖年吉),76,第二種住宅區,G3店鋪，H2集合住宅,鋼筋混凝土造,1101004,自售:公司自售;代銷:1100603~1110602;,明德段222地號,1100507,110土建字第00219號,1130726,G2FA1101004000100
泰山區,朗朗城心,新北市泰山區坡雅路與信華三街口,統一工商綜合開發股份有限公司/築億建設股份有限公司,124,第三種住宅區,G3店鋪、H2集合住宅、F3公益設施(幼兒園),鋼筋混凝土構造,1101004,自售:無;代銷:銷售完畢;,信華段三小段7地號,1100917,109泰建字第00192-1號,1131226,VPRNMLOJIIGGFBF28DG
新店區,碧澄三,華城路,襄澐建設有限公司,19,風景區,H2集合住宅,鋼筋混凝土構造,1101006,自售:1101006~1111231;,安康段1567-1地號,1090928,107店建字第00376-01號,1110708,QPPNMLQJIIGGFCF87DG
泰山區,新潤A5Ⅱ大道鎏域,新北大道五段與幸福路旁,新潤建設股份有限公司代表人：劉毅剛,199,第二種商業區,集合住宅(H2)、店鋪(G3)、一般事務所(G2),鋼筋混凝土構造,1101006,自售:無;代銷:1110506~1120930;,新泰段18地號,1120426,110泰建字第00480-3號,1140324,G1FB1101006000108
土城區,馥華城奕,金城路,欣羽股份有限公司負責人陳惠萍,91,第二種住宅區,H2集合住宅、G3店鋪,鋼筋混凝土構造,1101008,自售:無;代銷:1101011~1110331;,明德段6地號,1101005,110土建字第00482號,,QPPNMLSJIIGGFAF77CG
新莊區,永恆之新,福美街132號對面,亦臣有限公司等2位,49,第二種住宅區,G3:店鋪，G2一般事務所，H2:集合住宅,鋼筋混凝土構造,1101008,自售:1101010~1140430;提前售完提前截止;,中原段40地號,1090908,106莊建字第94-2號,,G1FB1101008000100
泰山區,築億峰尚,信華五街,築億建設股份有限公司負責人：何冠霖,69,第三種住宅區,G3-店鋪、H2-集合住宅,鋼筋混凝土構造,1101013,自售:無;代銷:1100501~自完售止;銷售結束;,信華段五小段61地號,1100923,110泰建字第00464號,1131223,UPPNMLNKIIGGFBF87CG
三重區,冠德天韻,清傳街、疏洪西路,冠德建設股份有限公司,180,住宅區,H2集合住宅,鋼筋混凝土構造,1101014,自售:1101014~1120301;,五谷王段199地號,1081203,106重建字第00206-01號,1120504,G1FG1101014000200
三重區,樺輝品世界,三賢街,樺輝建設股份有限公司  負責人：侯榮華,110,住宅區,集合住宅(H2)、店鋪(G3)、一般事務所(G2)、金融業分支機構(G1),鋼筋混凝土造,1101014,自售:無;代銷:1100925~1110924;,富貴段377地號,1101008,110重建字第00491號,1140627,QPPNMLOKIIGGFGF08CG
板橋區,鼎隆大苑,銘傳街,福隆建設股份有限公司 代表人趙恩博,143,商業區,G3-店鋪，H2-集合住宅，G2-一般事務所,鋼筋混凝土造,1101014,自售:無;代銷:1100801~1120131;,江子翠段溪頭小段121地號,1100126,108板建字第00316-1號,,QPPNMLOKIIGGFAF47CG
三峽區,荷蘊謙,大同路48巷與48巷17弄交叉口,荷蘊建設有限公司負責人郭雨焙,7,商業區,辦公室、集合住宅,鋼筋混凝土構造,1101019,自售:1101019~1131231;,介壽段18地號,1100726,110峽建字第00335號,1130103,G1FI1101019000100
板橋區,日健?,江翠段99-4地號華江六路,日健建設股份有限公司、代表人：連威霽,56,住宅區(二),G3-店舖、 H2集合住宅,鋼筋混凝土造,1101021,自售:無;代銷:1101001~1110531;,江翠段99-4地號,1100914,110板建字第00441號,1131030,G1FA1101021000100
永和區,詠大賞,文化路,大賞建設股份有限公司,65,住宅區,集合住宅.一般零售業.一般事務所,鋼筋混凝土造,1101022,自售:無;代銷:1090117~1140930;109年1月17日先簽委銷合約,110年10月7日建照才核發;,及人段463地號,1101007,110永建字第00490號,1141030,QPPNMLMLIIGGFHF18DG
林口區,九揚華都,文化三路一段、仁愛一路口,九誠建設股份有限公司  負責人：秦善明,295,中心商業區,H2：集合住宅、G3：一般零售或服務業,鋼筋混凝土構造,1101022,自售:無;代銷:1100901~1110831;,力行段722地號,1100513,109林建字第00004-01號,,QPPNMLMLIIGGFBF47CG
汐止區,耕謙?,中正路18號旁,耕薪都市更新股份有限公司(黃張維等2人),83,商業區、第二種住宅區,店鋪、集合住宅,鋼筋混凝土構造,1101026,自售:1101021~1120421;代銷:1101021~1120421;,中正段206地號,1101019,110汐建字第00505號,,QPPNMLQLIIGGFDF18DG
新莊區,富都匯,中央路旁,百邑建設企業有限公司  負責人：吳芳綾,190,第二種商業區,B4-旅館，G2-辦公室，B3-餐廳，G3-餐廳，H2-集合住宅,鋼筋混凝土造,1101028,自售:建商目前暫無自售。;代銷:1101006~自完售止;簽約日起正式公開日後12個月;,副都心段一小段20-1地號,1100517,110莊建字第00239號,1140626,QPRNMLSLIIGGFBF38DG
中和區,蒲陽·南山,南山路81巷,昌慶開發建設股份有限公司,119,住宅區,集合住宅,鋼筋混凝土造,1101029,自售:無;代銷:111/02/20起 6個月;,景華段791地號,1101025,110中建字第00517號,1141229,G2FH1101029000103
三重區,睿暘沁,神農街,睿暘建設股份有限公司,42,住宅區,H2集合住宅,鋼筋混凝土造,1101104,自售:無;代銷:1101101~1111031;,五谷王段166地號,1090910,109重建字第00388號,1140304,G2FG1101104000100
林口區,新潤Double,文化二路二段與文化二路二段113巷交叉口,新潤興業股份有限公司負責人:郭長庚,312,中心商業區,G3:一般零售業/H1:福利設施(老人福利機構)/G2:事務所及工商服務業/H2:集合住宅,鋼筋混凝土造,1101104,自售:無;代銷:1101015~1120731;委託銷售期共計21個月;,力行段145地號,1101013,110林建字第00496號,,QPPNMLOJJIGGFBF57CG
汐止區,帝利采極,福德一路160巷,帝利建設股份有限公司負責人:闕河生,12,第二種住宅區,集合住宅,鋼筋混凝土構造,1101105,自售:無;代銷:1101115~1110514;,福德段274地號,1100519,110汐建字第00244號,1140325,QPPNMLPJJIGGFDF87CG
土城區,風華藏峰,明德路一段,億德建設股份有限公司,4,第一種住宅區,集合住宅.店鋪,鋼筋混凝土造,1101109,自售:1101115~1111114;,冷水段98地號,1091104,109土建字第00473號,1120804,G1FA1101109000100
五股區,山水城州,成泰路三段,帝洋建設股份有限公司、建洋建設股份有限公司,184,住宅區,(G-3)一般零售業、(G-2)一般事務所、(H-2)集合住宅,鋼筋混凝土構造,1101112,自售:無;代銷:自1100928起至成立第一屆管委會為止;,成州段45地號,1090911,109股建字第00393號,,UPPNMLMKJIGGFBF97DG
新莊區,新潤興業新知段新建大樓,新知五路與新知八路交叉口,新潤興業股份有限公司 負責人:郭長庚,32,產業專用區,G3一般零售業、G2一般事務所、C2作業廠房,鋼筋混凝土構造,1101115,自售:無;代銷:1130520~1131231;,新知段54地號,1100923,110莊建字第00463號,1131112,TPPNMLPKJIGGFBF08CG
林口區,立軒天頤,仁愛二路,銘軒開發建設股份有限公司負責人：陳銘鴻,91,第五種住宅區,G3-一般零售業、H2-集合住宅,鋼筋混凝土構造,1101116,自售:自銷售完畢;,力行段1043地號,1101108,110林建字第00533號,1130913,G1FB1101116000104
八里區,勤樸天闊,龍形三街及龍形三街6巷口,勤樸開發有限公司負責人：萬久陽等17人,379,住宅區,H2集合住宅、公益設施(F3幼兒園)、公共服務空間,鋼筋混凝土構造,1101117,自售:無;代銷:1101101~自完售止;代銷期限至全案完銷;,龍米段1692地號,1100209,110八建字第00093號,,G2FE1101117000202
中和區,華鋐晴晨,安平路134巷,華鋐企業股份有限公司,26,住宅區,集合式住宅,鋼筋混凝土造,1101117,自售:無;代銷:1101215~1110816;自公開銷售日起算,預計約8個月;,安平段1090地號,1100716,106中建字第00321-02號,,TPPNMLRKJIGGFHF98DG
新莊區,雙橡園,昌德街與福壽街交叉口,精業建設股份有限公司 負責人:賴光榮,137,第二種住宅區,G3店鋪、H2集合住宅、公益設施(F3幼兒園),鋼筋混凝土構造,1101118,自售:無;代銷:1111120~1121119;,副都心段一小段144地號,1101112,110莊建字第00550號,1140415,WPPNMLSKJIGGFBF78DG
林口區,亞昕昕銀座,文化三路一段上,亞昕國際開發股份有限公司負責人:姚連地等二位,181,中心商業區,B2一般零售業、G2事務所及工商服務業、H2集合住宅,鋼筋混凝土構造,1101118,自售:無;代銷:自110年8月1日至使用執照取得六個月止;,力行段718地號,1101117,110林建字第00556號,,RPQNMLSKJIGGFBF38DG
新店區,大於靚,安康路二段159巷,吉米開發事業有限公司負責人：王立君,19,第三種住宅區,H2集合住宅,鋼筋混凝土造,1101119,自售:1101201~1111030;,安德段588-1地號,1080820,108店建字第00356號,1120927,QPPNMLTKJIGGFCF28CG
三重區,柏克萊,五華街,昌鴻國際建設股份有限公司,61,住宅區,集合住宅、店鋪,鋼筋混凝土造,1101122,自售:無;代銷:1101020~1110430;,五華段395地號,1101111,110重建字第00538號,,QPPNMLMLJIGGFGF08CG
淡水區,漫活時代1,竿蓁二街19巷,鐵冠建設股份有限公司負責人:沈宗翰,75,第四種住宅區,H2集合住宅,鋼筋混凝土構造,1101122,自售:無;代銷:1101117~1111231;,海鷗段717地號,1101109,110淡建字第00536號,1140904,G2FE1101122000100
蘆洲區,九揚盧登堡,光榮路120巷,盛泓開發股份有限公司,102,住宅區,G3店鋪、H2集合住宅,鋼筋混凝土造,1101123,自售:無;代銷:1101104~1111103;,正義段104地號,1101104,110蘆建字第00549號,,QPPNMLNLJIGGFGF18CG
新店區,安可,安康路2段262號與安德街口,鈞美建設股份有限公司,46,第三種住宅區,G3店舖H2集合住宅,鋼筋混凝土,1101201,自售:無;代銷:1101201~1111201;,安德段164地號,1100331,110店建字第00159號,,QPPNMLLJKIGGFCF47CG
鶯歌區,?站Ace,文化路,鈞美建設股份有限公司,69,第一種住宅區,G3店舖G2一般事務所H2集合住宅,鋼筋混凝土構造,1101201,自售:無;代銷:1101201~1121201;,中正段202地號,1101008,110鶯建字第00492號,,TPPNMLLJKIGGFIF38CG
林口區,合峰曜境,文化三路二段41巷,合峰建設股份有限公司(負責人:郭天麟),86,第五種住宅區,H2集合住宅,鋼筋混凝土構造,1101201,自售:1110101~ê.;,力行段592地號,1100111,110林建字第00017號,1131119,G1FB1101201001300
土城區,大同莊園III,莊園街,尚志資產開發股份有限公司,648,住宅區,住家用,鋼骨鋼筋混凝土造,1101202,自售:無;代銷:1101225~1131225;公開銷售後起算36個月;,員和段123地號,1100105,110土建字第00005號,,G1FA1101202000103
五股區,大道風尚,五股區新城一路,成盛發建設股份有限公司負責人：林志銘,106,住宅區,店鋪（G3)、集合住宅（H2)、公共服務空間,鋼筋混凝土構造,1101203,自售:無;代銷:1101120~1110630;,芳洲段263地號,1090401,109股建字第00148號,1111111,G2FB1101203000100
樹林區,長群樂樂,柑園街一段365巷,悅田建設股份有限公司負責人：楊涵雅,54,一般農業區甲種建築用地,H2集合住宅,鋼筋混凝土構造,1101206,自售:無;代銷:1101130~1111031;,東園段733地號,1101130,110樹建字第00586號,1131203,G2FI1101206000200
新店區,名毅吾山,安康路二段107巷與安康路二段133號旁,名毅建設股份有限公司,67,第三種住宅區,G3店鋪 與 H2集合住宅,鋼筋混凝土造,1101207,自售:無;代銷:1091101~1111031;,安德段844地號,1091113,108店建字第00245-01號,1140407,QPPNMLRJKIGGFCF08CG
板橋區,統創曜,環河西路四段,統能開發建設股份有限公司負責人:施俊偉,254,第二種住宅區,H2:集合住宅,鋼骨鋼筋混凝土造,1101207,自售:無;代銷:1101210~1111210;自正式公開銷售日起算12個月;,新都段48-1地號,1101126,110板建字第00583號,,UPPNMLRJKIGGFAF38DG
三重區,集英富琚,集賢路189號集賢路，集英路口,祥富龍實業有限公司,52,住宅區,集合住宅店鋪,鋼筋混凝土造,1101207,自售:1101220~1110530;目前結構完成鷹架拆除,預計111年1月申請使照;,富貴段695地號,1080913,108重建字第00088-01,1110728,QPPNMLRJKIGGFGF58DG
五股區,一抹綠,成泰路,乙陽建設股份有限公司,69,住宅區,集合住宅,鋼筋混凝土構造,1101213,自售:1101213~1131213;,五股段755地號,1090319,109股建字第00126號,,WPPNMLNKKIGGFBF28CG
鶯歌區,和耀．心綻,鳳五路117號對面,和耀建設股份有限公司,196,第二種住宅區,集合住宅及店舖,鋼筋混凝土造,1101213,自售:無;代銷:1101001~1121231;,鳳鳴段66地號,1100128,110鶯建字第00061號,1130621,G1FI1101213000102
三重區,久年.水玥,忠孝路三段158號,久年置地股份有限公司(負責人:郭彥君)等18名(詳見附表),67,住宅區,集合住宅,鋼筋混凝土造,1101214,自售:無;代銷:1101101~1110501;,三重段168地號,1100915,110重建字第00475號,1140609,QPPNMLOKKIGGFGF28CG
中和區,遠雄擎光,新民街與員山路466巷,遠雄建設事業股份有限公司,67,乙種工業區,G-3一般零售場所、C-2廠房,鋼筋混擬土構造,1101214,自售:無;代銷:1100625~1121231;委託代銷;,新民段371地號,1100811,110中建字第00379號,1130205,G1FH1101214000100
泰山區,文華閱,莊泰路上,遠宏開發股份有限公司負責人:嚴文遠,83,第三種住宅區,H2集合住宅、G3店鋪,鋼筋混凝土構造,1101216,自售:無;代銷:1101215~1111214;,信華段五小段33地號,1101210,110泰建字第00607號,1131122,G2FB1101216000100
新莊區,豐盛,豐盛二街,秀泰建設開發股份有限公司 負責人：陳秀蘭、向田建設有限公司　負責人：陳志宏,155,住宅區,G3店鋪、H2集合住宅、公益設施,鋼筋混凝土構造,1101220,自售:無;代銷:1110101~1121231;,新樹段362地號,1070907,107莊建字第00388-01號,,G2FB1101220000108
新店區,宏盛心中央,央北二路,宏盛建設股份有限公司,141,住宅區,G3店舖，H2集合住宅,鋼筋混凝土造,1101223,自售:無;代銷:1100628~1111228;,斯馨段86地號,1100721,109店建字第00312-01號,1131107,QPRNMLNLKIGGFCF08CG
土城區,芊樾,學海路、龍山一街,皇翔建設股份有限公司,108,住宅區(二),H2集合住宅、G3店舖,鋼筋混凝土造,1101223,自售:無;代銷:1100603~1110602;,明德段109地號,1100906,110土建字第00428號,1140409,QPPNMLNLKIGGFAF77DG
中和區,華固中原置地,新北市中和區中原街100號對面,華固建設股份有限公司,40,乙種工業區,C2作業廠房,鋼筋混凝土構造,1101223,自售:1110301~1130630;起始日為準備作業;代銷:1110301~1130630;起始日為準備作業;,中原段506地號,1101215,110中建字第00614號,1130611,RPPNMLNLKIGGFHF48CG
林口區,林口珍境,信義路,岱鋒建設股份有限公司 負責人:李文興,68,中心商業區,G3一般零售及服務業、G2事務所及工商服務業、H2集合住宅,鋼筋混凝土構造、鋼骨鋼筋混凝土構造,1101227,自售:11102~.;代銷:11101至使用執照取得日起計算一年;,力行段116地號,1060209,105林建字第00260-01號,1120504,QPPNMLRLKIGGFBF18CG
林口區,時尚One,文化北路1段299巷,康宸建設股份有限公司   負責人:李紹躍,21,第二種住宅區,(H2)集合住宅,鋼筋混凝土構造,1101230,自售:無;代銷:1110228~1120228;,建林段997地號,1100809,110林建字第00374號,1121123,G1FB1101230000100
淡水區,米蘭日光,坪頂路,富庭峰建設股份有限公司負責人：葉益成,34,第二種住宅區,G2辦公室，H2集合住宅,鋼筋混凝土構造,1110103,自售:還未確定，預計2022年2月8日開始;,米蘭段574地號,1101124,110淡建字第00573號,1141003,UPPNMLNJJHHGFEF18CG
新店區,唯我,日月街,鼎實建設股份有限公司負責人:謝仁偉,167,住宅區,集合住宅、商場,鋼筋混凝土造,1110103,自售:無;代銷:1101201~1110731;,斯馨段119地號,1101227,110店建字第00641號,,G1FC1110103000105
金山區,太川茗園,中山路401巷,太川國際開發有限公司,48,第二種住宅區,集合住宅,鋼筋混凝土結構,1110104,自售:1101215~1131231;,文化段844地號,1090930,109金建字第00426號,1141007,SPPNMLOJJHHGFDF08DG
淡水區,森原樹．樹之泉,竹林路與民富街口,興鴻暘建設股份有限公司(負責人:陳建宏),148,第一種住宅區,H2:集合住宅,鋼筋混凝土構造,1110105,自售:無;代銷:1101215~1121231;,馬偕段132-3地號,1100916,110淡建字第00451號,,SPPNMLPJJHHGFEF28DG
蘆洲區,九揚盧登堡(透天),光榮路120巷,盛泓開發股份有限公司,1,住宅區,G3店鋪、H2-透天住宅,鋼筋混凝土造,1110110,自售:無;代銷:1101104~1111103;,正義段105-1地號,1101105,110蘆建字00551號,,G1FG1110110000100
林口區,長耀里,富貴路,立鵬資產股份有限公司(負責人:林惠珠),201,中心商業區,G-3一般服務業、G-2事務所及工商服務業、H-2集合住宅,鋼筋混凝土構造,1110110,自售:無;代銷:1110215~1140930;,力行段137地號,1101222,110林建字第00628號,,G2FB1110110000107
三重區,國湛,仁義街及元信三街口,元富興建設股份有限公司（負責人：陳怡榮）等兩人,127,住宅區,店鋪、集合住宅,鋼筋混凝土造,1110119,自售:無;代銷:1101230~1130724;,仁信段9地號,1100406,110重建字第00164號,1140707,QPPNMLTKJHHGFGF78DG
中和區,擎天峰和,員山路266巷旁,騰泰建設股份有限公司(負責人:鄭志祥),262,商業區,B2:店鋪、G2:辦公室、H2:集合住宅,鋼骨鋼筋混凝土構造,1110120,自售:無;代銷:1111201~1121130;,民樂段878地號,1101105,110中建字第00530號,,YPPNMLKLJHHGFHF78CG
三重區,元富信城鼎,元富二街,元富信建設股份有限公司,105,住宅區,H2集合住宅、G3一般零售場所,鋼筋混凝土,1110120,自售:無;代銷:1110210~1120209;,仁信段90地號,1080923,108重建字第00036-01號,1120331,QPRNMLKLJHHGFGF18DG
新莊區,瀚羽蒔光,中正路384號,財團法人台灣省私立台灣盲人重建院-代表人:曾瀚霖,160,住宅區,B3商場、G3店鋪、H2集合住宅,鋼骨鋼筋混凝土構造,1110120,自售:1140501~自完售止;完工後招租使用。;代銷:1101001~1110930;,忠孝段473-2地號,1110114,108莊建字第00468-01號,,G2FB1110120000100
新店區,泉泓沐風,央北一路,泉泓建設有限公司負責人:廖清安等6人,13,第四種住宅區,G-3店鋪、H-2集合住宅,鋼筋混凝土造,1110126,自售:1110215~1111231;,斯馨段98地號,1100506,110店建字第00215號,1131015,G1FC1110126000100
蘆洲區,中興匯,中興街132號旁,竹禾實業有限公司   恆坤實業有限公司,72,住宅區,集合住宅店鋪,鋼筋混凝土造,1110127,自售:1110225~1140831;到銷售完畢;,集賢段151地號,1090929,109蘆建字第00425,1140916,G2FG1110127000103
八里區,蒔光．墅,賢一街,三琚建設股份有限公司 負責人：宋榮宗,17,第一種住宅區,住宅(H2),鋼筋混凝土構造,1110207,自售:無;代銷:1110220~1120220;,大堀段30地號,1110120,111八建字第00029號,1131014,G2FE1110207000101
中和區,昌田捷境,景平路719號,昌田建設有限公司,35,商業區,H2集合住宅、G3店鋪、G2辦公室,鋼筋混凝土造,1110208,自售:無;代銷:1110221~1120221;,橋和段423地號,1101227,110中建字第00637號,,QPPNMLSJKHHGFHF78DG
五股區,芳洲漾,新城八路,漢翔開發有限公司 負責人：范乾進,274,住宅區,G3店鋪、H2集合住宅,鋼筋混凝土構造,1110210,自售:無;代銷:1110101~1111231;,芳洲段19地號,1110119,111股建字00028號,1140605,ZPPNMLKKKHHGFBF38DG
新莊區,長虹 PARK 32,福美街,僑馥建築經理股份有限公司,352,商業區,G2辦公室、G3店鋪、H2集合住宅,鋼骨鋼筋混凝土構造,1110210,自售:無;代銷:1110115~1131015;,中原段148地號,1081231,102莊建字第366-2號,1120630,QPQNMLKKKHHGFBF57DG
土城區,天好運2,科技路正崴後方,福美國際建設股份有限公司,45,住宅區,住宅,鋼筋混凝土造,1110214,自售:1110201~1110701;,永福段6地號,1110128,111土建字第0049號,1140319,G1FA1110214000101
三重區,漾漾Taipei,疏洪東路一段與成功一街口,中德建設股份有限公司,133,住宅區,G3店鋪.H2集合住宅.F3公益設施(幼兒園),鋼筋混擬土構造,1110215,自售:無;代銷:1110211~1120211;,三重段373地號,1110211,111重建字第00056號,1140407,TPQNMLPKKHHGFGF88DG
新莊區,亞昕森中央,富貴路與昌仁路交接口,亞昕國際開發股份有限公司 代表人:姚連地等二位,339,第一種商業區,H2:集合住宅、G2:辦公室、G3:店舖(<500㎡),鋼筋混凝土構造,1110215,自售:無;代銷:使用執照取得6個月止;,副都心段一小段59地號,1110211,111莊建字第00057號,,TPRNMLPKKHHGFBF48DG
新莊區,國美珩月,福美街172巷,國聚開發股份有限公司,91,住宅區(二),H2集合住宅,鋼筋混凝土造,1110215,自售:無;代銷:111/2/15至使用執照取得6個月;,中原段36地號,1110106,108莊建字第00422-1號,1141008,QPPNMLPKKHHGFBF87CG
五股區,佳陞景漾,成泰路,佳陞建設股份有限公司負責人：彭仁煥,83,住宅區,H2集合住宅G3店鋪,鋼筋混凝土構造,1110215,自售:無;代銷:1110314~1120313;,成州段77-7地號,1081213,108股建字第00556號,1120523,G2FB1110215000100
鶯歌區,捷韻富境,文化路425號旁,冠?建設有限公司,25,鄉村區乙種建築用地,集合住宅H2,鋼筋混凝土造,1110216,自售:無;代銷:111年2月1日起,至使用執照核發後六個月終止;,南靖段211地號,1090925,(109)鶯建字第00416號,1120223,G2FI1110216000300
泰山區,潤見築,莊田路與信華三街交叉口,新潤建設股份有限公司 負責人：劉毅剛,202,第三種住宅區,H2集合住宅、G3店鋪,鋼筋混凝土構造,1110217,自售:1110217~1120217;代銷:1110217~1120216;,信華段五小段53地號,1110215,111泰建字第00064號,1130829,QPPNMLRKKHHGFBF08CG
八里區,天朗,商港一路、商港八路交叉口,龍井開發建設有限公司負責人：蔡龍井,138,第二種住宅區,店鋪，集合住宅,鋼骨鋼筋混凝土構造,1110218,自售:無;代銷:1110215~1130214;,臺北港段78地號,1050930,105八建字第00416號,1120106,QPQNMLSKKHHGFEF58CG
淡水區,合嘉素晴,新市二路三段,合嘉建設股份有限公司(負責人:李文介),146,第六種住宅區,G3:日用品零售或服務業，H2:集合住宅,鋼筋混凝土構造,1110218,自售:無;代銷:1110301~1120531;,新市段132地號,1090925,109淡建字第00418號,1130902,G2FE1110218000103
鶯歌區,學豐,尖山埔路,興城建設有限公司,12,第一種住宅區,店鋪，集合住宅,鋼筋混凝土造,1110218,自售:1110101~1111231;,陶瓷段668地號,1100226,110鶯建字第00115號,1130426,QPPNMLSKKHHGFIF98DG
三重區,新濠漾II-紐約公園,頂文路1-1號,新濠建設事業股份有限公司,168,住宅區,集合住宅,鋼骨鋼筋混凝土構造,1110221,自售:無;代銷:1110201~1141231;,五谷王段44地號,1110210,111重建字第00054號,,TPPNMLLLKHHGFGF38CG
中和區,虹爵琢悅,連城路75巷8、10號,安信建築經理股份有限公司,64,住宅區,G3店鋪、G2辦公室、H2住宅,鋼筋混凝土,1110221,自售:1110128~1130430;代銷:1110128~1130430;,連城段118地號,1110126,111中建字第00046號,,YPPNMLLLKHHGFHF09DG
林口區,松柏硯,文化北路二段550巷30弄,聿瑞建設股份有限公司負責人：徐明潔,71,第二種住宅區,H2集合住宅,鋼筋混凝土構造,1110225,自售:無;代銷:1110301~1130229;銷售人員進場後至全案銷售完畢;,麗林段547地號,1110214,111林建字第00060號,1140509,RPPNMLPLKHHGFBF08CG
新莊區,禾蓮心家園,公園一路69號,禾蓮開發股份有限公司 負責人：沈振興,174,住宅區,G3:店鋪、H2:集合住宅,鋼筋混凝土構造,1110301,自售:無;代銷:1100908~1111231;合約正式公開日後12個月為有效期限;,忠孝段409地號,1101220,110莊建字第00620號,,TPPNMLLJLHHGFBF87DG
樹林區,全邑興.美,中山路一段129.131.133號,全邑興建設股份有限公司,46,商業區,店鋪、一般事務所、住宅,鋼筋混凝土造、鋼骨鋼筋混凝土造,1110307,自售:1110308~1131231;,博愛段912地號,1110217,111樹建字第00066號,,SPPNMLRJLHHGFIF98CG
泰山區,雙捷大院,明志路三段145巷,興榮建設股份有限公司 負責人:伍郁琳,43,第一種住宅區,H2集合住宅,鋼筋混凝土構造,1110308,自售:無;代銷:1101101~1111231;,貴和段264地號,1100426,110泰建字第00201號,1140429,SPSNMLSJLHHGFBF78DG
板橋區,川琦,華江三路,益琦建設股份有限公司,117,第二種住宅區,G3店鋪.H2集合住宅,鋼筋混凝土造,1110308,自售:無;代銷:1110301~自完售止;111年3月1日起,銷售至使用執照核發後六個月;,板翠段19地號,1101230,110板建字第00647號,,SPPNMLSJLHHGFAF28CG
三重區,市政官邸1號,清傳街,愛山林建設開發股份有限公司,166,住宅區,G3:店鋪 H2:集合住宅,鋼筋混凝土構造,1110309,自售:無;代銷:1110401~自完售止;111年4月1日至使用執照取得後1個月止;,五谷王段283地號,1110301,111重建字第00086號,,UPWNMLTJLHHGFGF27CG
新莊區,新莊科達花園,中環路二段,科達建業建設股份有限公司負責人：賴建程,165,第三種住宅區,G3店鋪、H2集合住宅、F3公益設施-幼兒園,鋼筋混凝土構造,1110311,自售:無;代銷:1110329~1120331;,信華段二小段4地號,1110309,(111)莊建字第00099號,,SPPNMLLKLHHGFBF87DG
淡水區,文學苑,中山北路三段90號,鼎翊建設股份有限公司負責人:林朝源,61,第五種住宅區,診所，集合住宅，G3，H2類,鋼筋混凝土構造,1110311,自售:1110301~1120228;代銷:1110201~1120331;,新市段33地號,1080617,104淡建字第00616-01號,1110913,G2FE1110311000200
新店區,鳳翔,斯馨路與十四張路口,興遠建設有限公司,94,住宅區,集合住宅(H2類),鋼筋混凝土構造,1110314,自售:無;代銷:1110208~1111009;,斯馨段99地號,1100924,108店建字第00251-2號,1141215,G1FC1110314000100
新店區,江陵天碩中央特區,臨中央路、央北二路及順德街,江陵建設股份有限公司負責人:林美東,251,住宅區,H2集合住宅，G3一般零售業，G2一般事務所,鋼骨構造,1110315,自售:1110120~1210120;,斯馨段132地號,1110211,110店建字第00183-01號,,UPPNMLPKLHHGFCF58DG
林口區,敘日,文化二路一段,仟崎建設股份有限公司(負責人:林俞綺),44,第五種住宅區,G3一般零售業、G2事務所及工商服務業、H2集合住宅,鋼筋混凝土構造，鋼構造,1110315,自售:1110916~1120915;,國宅段6-1地號,1110225,111林建字第00084號,,G2FB1110315000207
蘆洲區,鴻悅微風,永安南路二段268號,鴻悅建設股份有限公司,34,住宅區,集合住宅，店鋪用,鋼筋混凝土造,1110317,自售:1110415~1121231;,光華段951地號,1090430,109蘆建字第00196號,1120104,G2FG1110317000100
新莊區,全坤峰碩,中正路382號,全坤建設開發股份有限公司 (負責人：李勇毅),383,住宅區,幼兒園.育幼院.托嬰中心.育幼院廚房.心理輔導或家庭諮詢機構，飲食店，等詳如附件其他,鋼筋混凝土,1110318,自售:無;代銷:1101006~1151231;,忠孝段474地號,1110314,109莊建字第00227-01號,,RPPNMLSKLHHGFBF38CG
新莊區,碧瑤菁品,中環路三段與坡雅路路口,翰鴻建設股份有限公司(負責人:邱一標),101,第三種住宅區,H2:集合住宅、G3:店鋪,鋼筋混凝土構造,1110323,自售:保留成屋後銷售;代銷:1110323~1130513;,信華段三小段2地號,1110215,111莊建字第00061號,,TPPNMLNLLHHGFBF28DG
三峽區,立信園中心,愛國路,立信建設股份有限公司,42,商業區,H2集合住宅.G2一般事務所,鋼筋混凝土造,1110324,自售:無;代銷:1110321~1130320;,安溪段689地號,1100928,110峽建字第00472號,,G2FI1110324000105
淡水區,森原樹．樹之岩,大同路28-6號旁,森原建設股份有限公司(負責人:曹尚憲),210,第一種住宅區,H2:集合住宅,鋼筋混凝土構造,1110325,自售:無;代銷:1110325~1121231;,馬偕段271地號,1101208,110淡建字第00600號,,RPPNMLPLLHHGFEF58DG
新莊區,合勤健康共生宅台北保健館,長青街15號,合勤建設股份有限公司 負責人：李柏憲,10,乙種工業區,C2作業廠房、F2公共托老中心,鋼骨鋼筋混凝土構造,1110328,自售:1110315~1131231;,鴻福段241地號,1110314,111莊建字第00107號,,G1FB1110328000101
新店區,三輝四季,順德街228號等65戶,僑馥建築經理股份有限公司,65,住宅區,H2集合住宅,鋼筋混凝土構造,1110329,自售:1110501~1111030;,斯馨段73地號,1090417,109店建字00180號,1120109,G1FC1110329000100
新莊區,宸熙丰悅,中正路260號,宸熙建設開發股份有限公司(負責人:洪貴玲),243,住宅區,H2集合住宅 F3幼兒園,鋼筋混凝土構造,1110329,自售:無;代銷:1100514至全案完售;,全安段768地號,1110225,111莊建字第00083號,,SPQNMLTLLHHGFBF88DG
三重區,玖長匯比壽,福隆路28號,玖長建設有限公司,47,商業區,G3店鋪、H2集合住宅,鋼筋混凝土造,1110330,自售:無;代銷:1110329~1120305;,仁愛段2127地號,1110304,111重建字第00115號,,QPPNMLKMLHHGFGF28DG
林口區,遇見,文化三路二段41巷,春宏建設有限公司,116,住宅區,住家用,鋼筋混凝土造,1110331,自售:1110501~1130430;,力行段598地號,1091023,109林建字第00465號,1140904,G1FB1110331000300
新莊區,仰?,副都心段一小段258地號,陳再河,48,第二種住宅區,集合住宅(H2),鋼骨鋼筋混凝土構造,1110331,自售:1110331~1130730;,副都心段一小段257地號,1090121,109莊建字第00043號,1140314,G1FB1110331000100
鶯歌區,森聯Life(森朗),鳳五路與鳳七路間,文森建設股份有限公司,115,第二種住宅區,店舖、集合住宅,鋼筋混凝土造,1110406,自售:無;代銷:1110301~1120731;,鳳鳴段175地號,1110126,111鶯建字第00045號,,G2FI1110406000100
林口區,聯太淳青,惠民街30巷,聯太建設股份有限公司,24,第二種住宅區,H2集合住宅、G3日用品零售業,鋼筋混凝土構造,1110412,自售:無;代銷:1110301~1120301;完銷為止;,建林段609地號,1100810,110林建字第00375號,1130926,G1FB1110412001603
中和區,華固得月,中原街26號旁,華固建設股份有限公司,114,住宅區,集合住宅,鋼筋混凝土構造,1110413,自售:1100501~1120430;起始日為準備作業;代銷:1100501~1120430;起始日為準備作業;,華中段13地號,1110411,111中建字第00139號,1140812,G1FH1110413000101
三峽區,北大富御,大德路,富域事業有限公司,40,住宅區,G-3店鋪H-2集合住宅,鋼筋混凝土造,1110415,自售:1110501~1111231;,大學段一小段154-10地號,1110103,111峽建字第00002號,,G1FI1110415000103
林口區,潤鴻日麗,文化二路二段,潤鴻建築股份有限公司   負責人：鄭志隆,187,第五種住宅區,G3日用品零售業、G2事務所及工商服務業、H2集合住宅,鋼筋混凝土構造,1110418,自售:無;代銷:1110501~1120430;以開案時間之後為期一年;,力行段60地號,1110329,111林建字第00125號,,QPPNMLSKMHHGFBF48DG
鶯歌區,僑駿響,鳳三路及鳳吉一街交叉口,僑駿建設股份有限公司,72,第一種住宅區,G3店鋪、H2集合住宅,鋼筋混凝土造,1110426,自售:無;代銷:1110325~1111124;,鳳鳴段3地號,1101221,110鶯建字第623號,1141121,G1FI1110426000100
樹林區,米蘭敦美,復興路,敦美建設股份有限公司(負責人:周淑惠),73,第一種住宅區,集合住宅 店舖,鋼筋混凝土造,1110427,自售:1110501~1180930;代銷:自公開日起至完銷止;,樹德段530-5地號,1110329,111樹建字第00126號,,RPPNMLRLMHHGFIF56CG
板橋區,立信-御景,環河西路四段,立信偉業股份有限公司,93,第二種住宅區,集合住宅H2，店鋪G3,鋼筋混凝土造,1110502,自售:無;代銷:1110328~自完售止;至全案銷售完畢;,新都段59地號,1110414,111板建字第00146號,,RPQNMLMJNHHGFAF97DG
樹林區,皇盛吉祥,中山路2段151巷,皇盛建設股份有限公司負責人：林春吉,43,乙種工業區,G3一般零售業、C2作業廠房,鋼筋混凝土構造,1110502,自售:1110520~1130520;,味王段387地號,1100818,110樹建字第00398號,1130909,QPQNMLMJNHHGFIF68DG
土城區,有富.彩玉,學海街,洪圓建設股份有限公司  負責人:洪村騫,64,第二種住宅區,G-3店鋪 ; H-2集合住宅,鋼筋混凝土造,1110503,自售:無;代銷:1110509~1141231;,明德段119地號,1110421,111土建字第00160號,,G1FA1110503000103
板橋區,誠果禾樂,國慶路124號旁,誠果建設股份有限公司,164,住宅區,集合住宅(H2),鋼筋混凝土造,1110504,自售:無;代銷:1110401~1120331;,和平段327地號,1070504,107板建字00193號,1111216,G2FA1110504000100
三重區,元利樂樺,仁義街與元信二街,樂樺建設股份有限公司,85,住宅區,集合住宅,鋼筋混凝土造,1110504,自售:無;代銷:1110520~1121231;自預售屋買賣契約書備查完成起18個月止。;,仁信段84地號,1101209,110重建字第00626號,1140905,G1FG1110504000203
新店區,雅藏,二十張路105巷30、32、36號,中實開發有限公司 負責人:何美玉,34,第四種住宅區,H2集合住宅,鋼筋混凝土構造,1110506,自售:無;代銷:1110601~1120131;,大豐段421地號,1091203,109店建字第00033-01號,1120427,QPPNMLQJNHHGFCF38DG
林口區,山業寓璽,民權路73號旁邊,山業建設股份有限公司  負責人:黃柏峰,18,第二種住宅區,(G3)一般零售業(H2)集合住宅,鋼筋混凝土構造,1110506,自售:無;代銷:1110501~1130430;,力行段631地號,1101214,110林建字第00612號,1141114,G2FB1110506000100
土城區,悅峰 I HOME,青福街,悅峰建設股份有限公司,26,第二種住宅區,集合住宅,鋼筋混凝土造,1110509,自售:1110508~1120508;,明德段286地號,1110421,111土建字第00158號,,TPPNMLTJNHHGFAF68CG
土城區,?暘城中央,中央路一段318巷,?暘建設股份有限公司,68,第一種住宅區,H2-集合住宅、G3-店鋪,鋼筋混凝土造,1110510,自售:無;代銷:1110514~1111113;公開後六個月;,員福段127地號,1110321,111土建字第00112號,,QPPNMLKKNHHGFAF57CG
淡水區,鴻灃青,濱海路一段306巷60弄,鴻灃建設股份有限公司(負責人：胡志鵬),187,住宅區,G3日用品零售或服務業，H2集合住宅,鋼筋混凝土構造,1110511,自售:無;代銷:1110415~1131231;,新市段63地號,1101229,110淡建字第00146-01號,1140904,G1FE1110511000101
三重區,米蘭花園,竹圍仔街跟成功路口,茂德建設股份有限公司,134,G3-店鋪、Ｈ2-集合住宅、公益設施(托老中心),住家用,鋼筋混凝土造,1110511,自售:無;代銷:1110415~1120414;,三重段346地號,1110415,111重建字第00151號,1141014,RPPNMLLKNHHGFGF48DG
五股區,美富.加倍家,新五路二段上芳洲路69號後方,美富建設股份有限公司負責人:王世龍,72,住宅區,集合住宅,鋼筋混凝土造,1110512,自售:無;代銷:1110411~1130410;,芳洲段221地號,1110411,111建字第00138號,,G1FB1110512000105
中和區,華鋐晴朗,安樂路191巷,中國建築經理股份有限公司,46,住宅區,集合住宅,鋼筋混凝土造,1110513,自售:無;代銷:1110611~1120211;自公開銷售日起算,預計約8個月.;,安平段813地號,1101018,107中建字第00399-01號,,SPPNMLNKNHHGFHF88DG
三峽區,心家家,中園街5號旁,家元建設股份有限公司,42,住宅區,店鋪(G3)集合住宅(H2),鋼筋混凝土造,1110517,自售:無;代銷:1110420~1120430;,民族段851地號,1071114,107峽建字第00500號,1141125,QPPNMLRKNHHGFIF56DG
永和區,星喬逸家人,永利路8號,星喬建設股份有限公司,28,住宅區,H-2集合住宅、G-3店鋪,鋼筋混凝土構造,1110520,自售:無;代銷:1110112~1120228;,永利段577地號,1101214,110永建字第225-1號,,UPPNMLKLNHHGFHF88DG
樹林區,泓昇原宿,千歲街6巷,泓昇建設股份有限公司 負責人:甘泓昇,40,第一種住宅區,集合住宅,鋼筋混凝土造,1110520,自售:1110601~1120531;,文林段1028地號,1101119,110樹建字第00565號,1140826,QPPNMLKLNHHGFIF48CG
土城區,耀承一品,金信街,耀承建設股份有限公司,53,住宅區,店舖及集合住宅,鋼筋混凝土構造,1110524,自售:無;代銷:1111101~1121130;.;,永福段37地號,1110516,111土建字第00185號,1140905,G2FA1110524000108
三重區,新美齊The Top,中正南路250巷,新美齊股份有限公司,184,住宅區,集合住宅(H2),鋼筋混凝土造,1110525,自售:1110701~1111231;供關係企業員工申購;代銷:1101212~1111231;建照取得前協助產品規劃;,集美段681地號,1110511,111重建字第00177號,,QPQNMLPLNHHGFGF88CG
土城區,新潤青樺,金城路二段,新潤興業股份有限公司負責人：郭長庚,299,住宅區,店鋪(G3)、集合住宅(H2),鋼筋混凝土造,1110526,自售:無;代銷:1110525~1131031;本案銷售期間，經雙方議定自本案接待中心完成並正式公開銷售日起算至全案執行完畢或廣告預算執行完畢。;,明德段65地號,1110519,111土建字第00192號,1140523,RPQNMLQLNHHGFAF48CG
泰山區,閱讀台灣,莊泰路,丞石建築開發有限公司負責人：彭智祺,200,第三種住宅區,集合住宅(H2),鋼筋混凝土構造,1110527,自售:無;代銷:1110601~1140531;,信華段五小段43地號,1100609,110泰建字第00269號,,QPPNMLRLNHHGFBF48CG
淡水區,合謙飛時代,濱海路一段,合謙建設股份有限公司(負責人：黃偉誠),153,第五種住宅區,G3:日用品零售或服務業，H2:集合住宅,鋼筋混凝土構造,1110527,自售:無;代銷:1110301~1131231;,新市段89地號,1100429,110淡建字第00211號,1140620,G2FE1110527000200
泰山區,碧瑤一品雋,仁德路.福興街口,碧瑤開發股份有限公司(負責人:邱一標),61,第二種住宅區,G3:店鋪. H2:集合住宅,鋼筋混凝土構造,1110529,自售:無;代銷:1110701~1111215;,同興段76地號,1110331,111泰建字第00129號,,TPPNMLTLNHHGFBF09DG
五股區,青沐,臨新五路二段、新城一路、芳洲一路,富總建設股份有限公司負責人藍淑娟,30,住宅區,G3店舖H2集合住宅,鋼筋混凝土構造,1110602,自售:1110603~1120630;,芳洲段255地號,1110517,111股建字第00186號,1140806,G1FB1110602000300
林口區,侘壹,文化一路一段135巷/文化一路一段83巷14弄交叉路口,立陽開發股份有限公司    負責人王韋翰(如附表),84,第二種住宅區,H2-集合住宅、G3日用品零售業,鋼筋混凝土構造,1110602,自售:無;代銷:1110516~自完售止;111年5月16日起至銷售結束;,國宅段24地號,1110530,111林建字第00207號,1141020,UPQNMLMJOHHGFBF38CG
土城區,仁基京品,中州路30巷旁,蔡明堂,123,住宅區,住宅區,鋼筋混凝土造,1110603,自售:無;代銷:1110412~1130331;,頂福段19地號,1110608,110土建字第00288-01號,,TQPNMLNJOHHGFAF28CG
林口區,聚美家,南勢一街17巷,聚美建設股份有限公司負責人李志傑,31,第二種住宅區,H2集合住宅,鋼筋混凝土造,1110607,自售:1110808~1120228;,建林段789地號,1110519,110林建字第00096-01號,1131202,G1FB1110607000100
淡水區,合陽齊美,新市二路三段,合陽建設股份有限公司負責人：張偉倫,110,第六種住宅區,G3日用品零售或服務業、H2集合住宅,鋼筋混凝土構造,1110608,自售:無;代銷:1110711~1121231;,新市段133地號,1090329,109淡建字第00398-01號,1130528,G2FE1110608000103
泰山區,華固一莊,莊田路及信華三街交叉口,華固建設股份有限公司 負責人:鍾榮昌,168,第三種住宅區,H2集合住宅,鋼筋混凝土造,1110608,自售:1110701~1150630;起始日為準備作業;代銷:1110701~1120630;起始日為準備作業;,信華段五小段76地號,1110601,111泰建字第00214號,,RPPNMLSJOHHGFBF58CG
泰山區,明志學,鄰工專路12巷,富麗旺建設有限公司 負責人:伍郁琳,69,住宅區,G3店鋪，H2集合住宅,鋼筋混凝土構造,1110609,自售:無;代銷:1110601~1120531;委託銷售;,中山段33地號,1101025,110泰建字第00516號,,QPPNMLTJOHHGFBF68DG
新店區,河樂榮榮,寶元路二段4號,市展建設股份有限公司等3人,34,第四種住宅區,店舖及集合住宅,鋼筋混凝土造,1110610,自售:無;代銷:1110618~1111017;預計4個月;,寶元段599-4地號,1110401,111店建字第00131號,,QPPNMLKKOHHGFCF97DG
淡水區,漫活時代2,竿蓁二街19巷,鐵冠建設股份有限公司負責人:沈宗翰,132,第四種住宅區,H2集合住宅,鋼筋混凝土構造、鋼骨鋼筋混凝土構造,1110613,自售:無;代銷:1110619~1121231;,海鷗段706地號,1110518,111淡建字第00189號,,G1FE1110613000101
中和區,寶和植青,南山路320巷6號旁,寶和建設股份有限公司,34,住宅區,集合住宅,鋼筋混凝土構造,1110616,自售:1110617~1121231;,南勢段557地號,1100120,110中建字第00040號,,G1FH1110616000103
泰山區,宏道豐?,中環路/莊田路口,豐?建設股份有限公司,186,第三種住宅區,H2集合住宅、G3店鋪,鋼筋混凝土構造,1110617,自售:無;代銷:自建照取得且完成法定建案資訊備查申報開始至使用執照取得後六個月止;,信華段一小段40地號,1110504,111泰建字第00171號,,SPQNMLRKOHHGFBF88DG
新店區,晴山?III期-香緹花園,青山路399巷路口,鈺宇建設股份有限公司,4,風景區,H2集合住宅,鋼筋混凝土造,1110620,自售:無;代銷:1110308~1120307;,安康段1327地號,1110111,111店建字第00014號,1131206,G2FC1110620000106
五股區,日進學B區,成州三路疏洪北路口,茂德建設股份有限公司,40,住宅區,G3店鋪，H2集合住宅,鋼筋混凝土構造,1110620,自售:無;代銷:1131014~1141014;,成州段52地號,1110531,111股建字第00210號,1140205,G2FB1110620000218
鶯歌區,馥春居,永和街56巷,臺億建築經理股份有限公司,16,住宅區,H2-集合住宅,鋼筋混凝土造,1110621,自售:1110701~1120301;,鳳祥段74地號,1100112,110鶯建字第00021號,1130628,G1FI1110621000100
中和區,永琦見璞,保健路50巷,永琦國際開發股份有限公司,20,住宅區,集合住宅,鋼筋混凝土造,1110621,自售:1120701~自完售止;至銷售完成;,保健段308地號,1101104,110中建字第00526號,,G1FH1110621000109
新莊區,Global Vip Park 全球貴賓園區,建國二路 接近建國一路口,吉順包裝工業股份有限公司 ( 李瑞財 ),18,乙種工業區,C2 工廠,鋼骨鋼筋混凝土構造,1110622,自售:1110701~1121231;,建國段492地號,1110323,110莊建字第00186-01號,,G2FB1110622000104
蘆洲區,長安幸福匯,永樂街27巷及長安街274巷巷口,協揚建設股份有限公司代表人:周韋翰,34,住宅區,G3店鋪、H2集合住宅,鋼筋混凝土構造,1110623,自售:無;代銷:1110501~1120430;,光華段522地號,1101220,110蘆建字第00622號,1141014,TPPNMLNLOHHGFGF09DG
淡水區,兆美萬海,淡海路及中正路二段路口,財團法人土地改革紀念館(代表人:蕭經)等3人,191,住宅區,H2：集合住宅、B4：旅館、G3：店舖,鋼筋混凝土構造,1110623,自售:1101012~1131011;代銷:1101012~1131011;,望高樓段535-1地號,1100104,110淡建字第00001號,,WPPNMLNLOHHGFEF09CG
中和區,永邦恆美,圓通路305巷5弄57~89號,永邦開發股份有限公司,187,住宅區,集合住宅,鋼筋混凝土造,1110623,自售:無;代銷:使照取得後12個月;,盛昌段155地號,1040126,104中建字第00050號,1140408,G2FH1110623000104
新莊區,長虹PARK32,思源路與中原東路交岔口,僑馥建築經理股份有限公司負責人:彭慶,352,商業區,H2集合住宅，G2辦公室，G3店鋪,鋼骨鋼筋混凝土構造,1110311,自售:無;代銷:1110701~1111231;,中原段148地號,1081231,102莊建字第00366-02號,1120630,G2FB1110628000100
三芝區,日初 不老莊園2,錫板路海尾14號旁後厝漁港旁,日勝生活科技股份有限公司 林榮顯,136,一般農業區甲種建築用地,G3-日用品零售及服務設施、H2-集合住宅，管理室，管委會使用空間,鋼筋混凝土構造,1110629,自售:無;代銷:1110401~1111031;,福海段508地號,1110610,109芝建字第00462-02號,,UPPNMLTLOHHGFEF86CG
三重區,久年快晴,清傳街,久年置地股份有限公司,78,住宅區,集合住宅,鋼筋混凝土造,1110630,自售:1120806~1141231;,五谷王段237地號,1110620,111重建字第00243號,,UPPNMLKMOHHGFGF88CG
中和區,漢皇里寓,景新街,漢吉建設股份有限公司,47,住宅區,店鋪G3.辦公室G2.集合住宅H2,鋼筋混凝土造,1110701,自售:無;代銷:1111001~1120930;,景華段51地號,1110408,111中建字第00136號,1140204,TPPNMLLJPHHGFHF78CG
林口區,原昕吾為,文化三路二段41巷,原昕建設股份有限公司 負責人：顏欣怡,60,第五種住宅區,G3：日用品零售業，H2：集合住宅,鋼筋混凝土構造,1110704,自售:無;代銷:1110420~自完售止;至全案完銷;,力行段610地號,1110407,111林建字第00133號,1131216,G1FB1110704000201
新店區,漢皇開雲,永安街,漢吉建設股份有限公司,112,第三種住宅區,H2集合住宅.G3店鋪,鋼筋混凝土造,1110704,自售:1110901~1120112;代銷:1110701~1120701;,新和段65地號,1110517,111店建字00187號,,WPPNMLOJPHHGFCF88CG
八里區,城市左岸,文心街,鑫鋐建設有限公司  負責人：鄭文章,11,第一種住宅區,H2-供特定人長期住宿之場所，G3-店鋪,鋼筋混凝土構造,1110706,自售:1110713~1121015;,大崁段122地號,1101021,110八建字第00508號,1130105,G2FE1110706000100
板橋區,立信天朗,中正路,立信建設股份有限公司,197,第二種住宅區,H2集合住宅、G3店鋪,鋼筋混凝土構造,1110707,自售:無;代銷:1110628~自完售止;至全案銷售完畢為止;,新都段100地號,1110503,111板建字第00168號,,SPPNMLRJPHHGFAF68DG
三重區,市政愛悅,穀保街及大有街口,愛山林建設開發股份有限公司及廣泰基建設股份有限公司,86,住宅區,店鋪、集合住宅,鋼筋混凝土構造,1110707,自售:無;代銷:1110601~自完售止;本案使用執照取得後一個月止;,三重段48地號,1110617,111重建字00240號,,SPPNMLRJPHHGFGF56CG
林口區,立軒天翠,仁愛二路,立軒開發建設股份有限公司 負責人:陳銘鴻,77,第五種住宅區,G3一般零售業、H2集合住宅,鋼筋混凝土構造,1110708,自售:無;代銷:1110707~1120706;,力行段1144地號,1110705,111年林建字第00265號,1140512,G1FB1110708000100
三重區,公園漾,力行路二段162巷、力行路二段136巷23弄路口,鋒勳建設股份有限公司  負責人:謝明勳,47,住宅區,G3店鋪，H2集合住宅,鋼筋混凝土構造，鋼骨構造,1110708,自售:1130408~1140407;,永安段1426地號,1120525,111重建字第00019號-02,,G1FG1110708000104
三重區,凱風久年,清傳街,久年置地股份有限公司,103,住宅區,集合住宅,鋼筋混凝土造,1110712,自售:1120806~1141231;,五谷王段276地號,1110707,111重建字第00268號,,UPPNMLMKPHHGFGF98CG
三重區,大將水硯,元富一街，仁義街79巷,大將開發股份有限公司 負責人:葉義雄,70,住宅區,集合住宅,鋼筋混凝土造,1110713,自售:無;代銷:1131130~1140930;申報建案資訊備查日起算10個月;,仁信段61地號,1110923,110重建字號第00361-2號,,G1FG1110713000100
汐止區,華鋐晴光,樟樹一路266號,華鋐企業股份有限公司,38,第二種住宅區,店舖G3.集合住宅H2,鋼筋混凝土構造,1110714,自售:無;代銷:1110903~1120503;111年09月3日?112年05月3日
自公開銷售日起算,預計約8個月;,厚德段222地號,1091209,109汐建字第00551號,,QPPNMLOKPHHGFDF58DG
板橋區,東瑩日光,重慶段673地號等15筆,東瑩建設股份有限公司 負責人：張天恩,143,住宅區,集合住宅、店鋪,鋼筋混凝土造,1110719,自售:無;代銷:1110715~1120414;,重慶段673地號,1110708,111板建字第00274號,,G2FA1110719000104
板橋區,花現,新北市板橋區信義路54巷17弄,和岩開發建設股份有限公司/信泰誠建設股份有限公司,6,住宅區,1樓店鋪，2~6樓集合住宅,鋼筋混凝土造,1110720,自售:1111001~1120931;,信義段393地號,1090609,109板建字第00245號,1121004,G2FA1110720000100
八里區,日初,中山路三段,陽億建設有限公司負責人：陳淑媛,92,第二種住宅區,H2-集合住宅G3：店鋪(<500M2)：飲食店(<300M2),鋼筋混凝土構造,1110721,自售:1110725~1120508;代銷:1120509~1130312;,訊塘段11地號,1110126,107八建字第00386-03號,1121211,G1FE1110721000101
林口區,雲天下,仁愛路一段,冠宸建設有限公司,23,第一種住宅區,H2 獨戶，雙拼住宅,鋼筋混凝土造,1110722,自售:1110801~1141231;,新林段167地號,1110519,111林建字第00193號,1140912,SPPNMLMLPHHGFBF38CG
三重區,潤泰左岸生活,清傳街及五谷王北街141巷交叉口,潤泰創新國際股份有限公司,135,住宅區,集合住宅,鋼筋混凝土構造,1110722,自售:2022/06~售完為止;代銷:2022/06-2024/12;,五谷王段200地號,1080329,108重建字第00128號,1131007,UPPNMLMLPHHGFGF09CG
淡水區,勝華v8,義山路一段與義山路一段401巷交叉口,勝華建設有限公司負責人:林文傑,78,第五種住宅區,G3:日用品零售或服務業，H2集合住宅,鋼筋混凝土構造,1110726,自售:無;代銷:1110704~1120703;,新市段108地號,1090721,109淡建字等00300號,1130129,G2FE1110726000101
三重區,璟銳青,穀保街100號斜對面,璟銳建設有限公司負責人:黃福源,51,住宅區,G3店鋪，H2集合住宅,鋼筋混凝土造,1110726,自售:無;代銷:1110901~1120630;,三重段13地號,1110117,109重建字第00128-2號,1140225,SPPNMLQLPHHGFGF66CG
新莊區,自由之丘,思源路與新北大道交叉路口,泰鼎建設股份有限公司(負責人：陳政義),125,第二種住宅區,G3-店鋪、H2集合住宅,鋼筋混凝土造,1110726,自售:無;代銷:1110701~自完售止;全案售磬;,中原段9地號,1110630,111莊建字第00259號,,TPPNMLQLPHHGFBF98DG
板橋區,樂晴,金門街369巷57弄,潤旺建設股份有限公司,46,第一種住宅區,H2集合住宅、G3一般零售業,鋼筋混凝土構造,1110728,自售:無;代銷:1110801~1120731;,成功段137地號,1091229,109板建字第00584號,,QPRNMLSLPHHGFAF98DG
新店區,宏普Grand Park,央北二路,宏普建設股份有限公司,130,住宅區,H2集合住宅,鋼筋混凝土構造,1110728,自售:1110815~1130420;待合約書內容審核完成後才自售;代銷:1110420~1130420;合約;,斯馨段40地號,1110525,111店建字第00200號,,SPPNMLSLPHHGFCF09CG
板橋區,樂晴2,金門街369巷57弄,潤旺建設股份有限公司,13,第一種住宅區,H2集合住宅、G3店鋪,鋼筋混凝土構造,1110728,自售:無;代銷:1110615~1120614;,成功段139地號,1091229,109板建字第00583號,,QPQNMLSLPHHGFAF88DG
淡水區,自遊城,中山北路一段247巷,溪福建設股份有限公司   負責人:林家慶,171,住宅區,G3店鋪，H2:集合住宅,鋼筋混凝土構造,1110728,自售:無;代銷:1110701~1150630;,大義段32地號,1091203,109淡建字第00539號,,G2FE1110728000106
中和區,南山大苑,南山路250巷旁,國賓大建設股份有限公司,136,住宅區,H2-集合住宅、G2-辦公室,鋼筋混凝土造,1110729,自售:無;代銷:1110401~1120331;,南勢段20-2地號,1110324,111中建字第00121號,,VPPNMLTLPHHGFHF37CG
土城區,頂埔綻,中州路27巷,永豐隆建設股份有限公司,17,住宅區,集合住宅,鋼筋混凝土造,1110802,自售:無;代銷:1110901~1120831;,頂福段494地號,1110124,111土建字第00041號,,UPPNMLMJQHHGFAF38CG
中和區,?和心,永和路8巷8號旁,龍瑩建設事業股份有限公司,129,住宅區、商業區,店鋪、一般事務所及集合住宅,鋼筋混凝土造,1110803,自售:無;代銷:1110801~1120331;,莊敬段517地號,1110330,新北市111中建字第00127號,,QPQNMLNJQHHGFHF88CG
三重區,勝旺升,重新路五段與清傳街口,勝旺建設股份有限公司負責人：謝伯倫,108,住宅區,H2：集合住宅,鋼筋混凝土造,1110803,自售:無;代銷:1110801~1120731;,五谷王段357地號,1081210,107重建字第00039-01號,1130401,G2FG1110803000100
鶯歌區,宏國青田,國中街,臺億建築經理股份有限公司,163,第一種住宅區,G3:店鋪，H2:集合住宅,鋼筋混凝土構造,1110808,自售:無;代銷:1110909~1130309;,尖山腳段985地號,1090413,109鶯建字第00166號,,TPPNMLSJQHHGFIF07CG
五股區,快樂王國-夢享城,成泰路三段,寶德建設股份有限公司負責人:范乾進,91,住宅區,集合住宅(H2)、店鋪(G3),鋼筋混凝土造,1110812,自售:無;代銷:1110914~1120913;,成州段28地號,1110808,111股建字00318號,1140829,TPQNMLMKQHHGFBF68DG
新莊區,台灣智匯總部,福慧路,德昇建設股份有限公司/洪村林,95,產業專用區,C-2工廠、G-2一般事務所、G-3一般零售業,鋼筋混凝土構造,1110816,自售:1110824~1131231;,新知段55地號,1100104,110莊建字第00003號,1140204,QPPNMLQKQHHGFBF58CG
八里區,翰林苑,龍米路一段,臺灣新光商業銀行負責人:李增昌,70,商業區,G3店鋪、G2辦公室、H2集合住宅,鋼筋混凝土構造,1110816,自售:1110823~1120930;待正式合約內政部審定後，再正式房屋銷售。;代銷:1111001~1120930;正式合約內政部審定後，再由代銷業者正式銷售。;,龍米段1863地號,1100823,109八建字第00363-01號,1131024,QPQNMLQKQHHGFEF09DG
土城區,馥華之丘-光茵,青福街青隆街口,欣羽股份有限公司,362,第二種住宅區,H2:集合住宅，G3:店舖,鋼筋混凝土構造,1110818,自售:1110812~1120811;代銷:1110812~1120811;,明德段240地號,1110812,111土建字第00335號,,RPPNMLSKQHHGFAF78CG
新店區,鈞豐御花園,中央六街,鈞豐建設股份有限公司代表人紀賢順,39,第四種住宅區,H2集合住宅,鋼筋混凝土構造,1110819,自售:1110901~1150701;,中央段611地號,1101021,110店建字第00236-01號,,G1FC1110819000109
新莊區,大將美樹,思源路128巷1號,大將開發股份有限公司負責人:葉義雄,19,第二種住宅區,G3-店舖＜500M2，H2-集合住宅,鋼筋混凝土造,1110822,自售:無;代銷:1110808~1120207;,中原段343-1地號,1080513,108莊建字第00198號,1120925,G1FB1110822000100
五股區,日進學A區,成泰路三段與成洲三路口,茂德建設股份有限公司,227,住宅區,G3店鋪.H2集合住宅,鋼筋混凝土,1110822,自售:無;代銷:1131014~1141014;,成州段54地號,1110811,111股建字第00332號,1140909,VQRNMLMLQHHGFBF56DG
三重區,家泰豐和,捷運路,家泰資產開發股份有限公司,126,住宅區、商業區,G3:店鋪、G2:辦公室、H2:集合住宅,鋼筋混凝土造,1110825,自售:無;代銷:1111007~1130406;,成功段931地號,1110810,111重建字00326號,,ZPPNMLPLQHHGFGF47DG
新店區,傳家堡,三民路94巷與三民路84巷交叉口之角地,中國建築經理股份有限公司  負責人:鄭重,23,第四種住宅區，住宅區(附),H2-集合住宅,鋼筋混凝土構造,1110831,自售:1111115~1120831;,中正段841地號,1120417,111店建字第00082-01號,,TPRNMLLMQHHGFCF98DG
土城區,德友植仁,中央路四段53號對面,德菱新建築股份有限公司,83,住宅區,集合住宅(H-2)、一般零售業(G-3),鋼筋混凝土造,1110901,自售:無;代銷:1110822~1120821;使照取得後12個月;,永福段30地號,1110822,111土建字第00347號,,QPPNMLLJRHHGFAF97CG
板橋區,新濠一閱,環河西路四段與文新路交叉口,新濠建設事業股份有限公司負責人：江春美,50,第二種住宅區,H2集合住宅,鋼筋混凝土造,1110905,自售:無;代銷:1110901~1140831;代銷期間說明;,環翠段30地號,1110607,111板建字第00228號,,WPPNMLPJRHHGFAF98CG
八里區,智寶好苑景,中山路三段,智寶建設股份有限公司負責人：楊國志,67,第二種住宅區,G3店鋪、H2集合住宅,鋼筋混凝土構造,1110905,自售:無;代銷:1110722~1120321;代理銷售;,訊塘段12地號,1110722,111八建字第00297號,,G2FE1110905000200
三重區,鴻華天?,環河北路三段,鴻晟建設股份有限公司,80,住宅區,集合住宅(H2)、公共服務空間,鋼筋混凝土構造,1110912,自售:1110912~1120911;,富貴段225地號,1071002,107重建字第00425號,1140208,G1FG1110912000109
土城區,天好運1,永福段28號,福美國際建設股份有限公司,62,住宅區,集合住宅、店鋪,鋼筋混凝土造,1110913,自售:1111001~1120331;,永福段28地號,1110714,111土建字第00283號,,G1FA1110913000203
林口區,長耀加,文化三路一段555巷,長耀國際興業有限公司(負責人:謝建國),114,第五種住宅區,H2集合住宅,鋼筋混凝土造,1110914,自售:無;代銷:1110913~1151231;,力行段1031地號,1110802,111林建字第00308號,,ZPPNMLOKRHHGFBF86DG
三重區,永悅天漾,元富一街元信一街口,永悅建設股份有限公司負責人:張旻雯,50,住宅區,H2:集合住宅 G3:店鋪,鋼筋混凝土造,1110915,自售:無;代銷:1131105~1140930;,仁信段49地號,1120309,111重建字第00360-1號,,G1FG1110915000107
林口區,侘極,民族路/民族路82巷交叉路口,立陽開發股份有限公司   負責人王韋翰(如附表),113,第五種住宅區,H2-集合住宅、G3-一般零售業,鋼筋混凝土構造,1110915,自售:無;代銷:111年9月7日起至銷售結束;,力行段1176地號,1110829,111林建字第00357號,,G1FB1110915000103
汐止區,寶亞新公?,新台五路二段28號旁邊,寶亞建設股份有限公司,100,第二種住宅區,H2集合住宅、G3店鋪/餐飲、G2辦公室,鋼筋混凝土構造,1110920,自售:無;代銷:1111015~1121015;,新峰段1045地號,1101217,110汐建字第00642號,,G2FD1110920000300
新店區,耑美,安康路一段195巷附近,大陸建設股份有限公司、漢德建設股份有限公司,64,農業區,集合住宅(H2)，店鋪(G3),鋼筋混凝土構造,1110922,自售:1120101~1121231;,安康段682地號,1110511,111店建字第00255號,,TPPNMLMLRHHGFCF78CG
三重區,府上,三和路四段44巷,僑馥建築經理股份有限公司,97,住宅區,H2:集合住宅、G3:店鋪,鋼筋混凝土造,1110923,自售:無;代銷:1110901~1120831;,忠孝段18地號,1110314,111重建字第00105號,,G2FG1110923000105
中和區,景安文匯,中興街263巷,潤隆建設股份有限公司,275,住宅區,集合住宅,鋼筋混凝土構造,1110923,自售:無;代銷:1110715~1130630;,圓通段267地號,1100409,110中建字第00176號,,VPRNMLNLRHHGFHF17CG
汐止區,星野之森-沐川,新台五路二段238巷1號旁,明緯建設股份有限公司,140,第二種住宅區,集合住宅.店鋪,鋼筋混凝土構造,1110923,自售:無;代銷:1110201~1130131;銷售期兩年;,水源段1076-1地號,1110119,108汐建字第00089-02號,1141017,QPPNMLNLRHHGFDF78DG
新店區,鈞豐綠苑,中央六街50號,鈞豐建設股份有限公司代表人：紀賢順,6,第四種住宅區,H2：集合住宅,鋼筋混凝土構造,1110926,自售:1111001~1130731;,中央段816地號,1101029,110店建字第00235-01,1131107,G1FC1110926000103
淡水區,佳昂新家,濱海路二段202巷65弄,佳昂建設股份有限公司 負責人:蘇文達,118,第六種住宅區,G3:日用品零售或服務業、H2:集合住宅,鋼筋混凝土構造,1110928,自售:無;代銷:1110901~1130831;代銷合約期間;,新市段166地號,1090915,109淡建字第00399號,1130819,G2FE1110928000103
淡水區,興格．御賞,新市二路四段,興格建設股份有限公司負責人:蔡秋雄,110,第五種住宅區,日用品零售或服務業(G3)、集合住宅(H2),鋼筋混凝土構造,1110928,自售:無;代銷:1111001~1140331;,新市段41地號,1110104,111淡建字第00003號,,YPPNMLSLRHHGFEF47CG
三重區,都廳大院,重新路五段和光復路口,國巨投資股份有限公司(負責人:簡士亮),2291,特定專用區,店鋪、集合住宅,鋼筋混凝土造,1110930,自售:無;代銷:1141101~1150228;,中興段1442-5地號,1130820,111重建字第00395-2號,,RRQNMLKMRHHGFGF66DG
林口區,璽來登日朗,民權路與文化三路二段41巷交叉口,家?建設股份有限公司（負責人：黃玉雪）等三家公司,183,第五種住宅區,D2教育設施、H2集合住宅,鋼筋混凝土造,1111004,自售:無;代銷:1110901~自完售止;111.09.01至銷售完畢;,力行段609地號,1110922,111林建字00392號,,WPQNMLOJIIHGFBF38DG
永和區,民有印象,民有街100號,利百加建設有限公司  負責人-廖紹普,22,住宅區,H2集合住宅,鋼筋混凝土構造,1111004,自售:1111220~1121220;代銷:1110411~1120410;,民權段873地號,1110927,111永建字第00397號,,G1FH1111004000103
五股區,盛溪八方,明德路,盈寶建設股份有限公司（負責人：林進財）,80,住宅區(特1),H2集合住宅 ， G2一般事務所,鋼筋混凝土造,1111004,自售:無;代銷:1110101~1111231;承攬包銷期間;,登林段197地號,1110913,111股建字第00381號,,G2FB1111004000100
土城區,新潤花路,中央路四段51號後方,華潤建設股份有限公司 代表人游啟仁,127,住宅區,集合住宅、公益設施(幼兒園),鋼筋混凝土構造,1111004,自售:1111001~自完售止;至售完;代銷:1110928~1130327;,永福段46地號,1110928,111土建字第401號,1140825,RPPNMLOJIIHGFAF57CG
板橋區,新板寶蒔,中正路139號,永泰鴻建設股份有限公司負責人：洪偉庭,47,住宅區,G3-店鋪、H2-集合住宅,鋼筋混凝土構造,1111005,自售:無;代銷:至使用執照取得後6個月止;,光華段255地號,1110928,111板建字第00399號,,QPPNMLPJIIHGFAF57CG
三重區,冠德心天匯,重新路五段613號旁,冠德建設股份有限公司,449,住宅區,集合住宅、圖書館(公益設施),鋼筋混凝土造,1111005,自售:1111001~1121231;,中興段796地號,1080927,108重建字第410號,,SPPNMLPJIIHGFGF38CG
淡水區,鉅陞ONE,濱海路一段53號旁,鉅陞建設股份有限公司代表人：褚學忠,532,第五種住宅區,第二組中高樓層住宅(H2)、第十四組日常用品零售業(G3),鋼筋混凝土構造,1111007,自售:無;代銷:1111007~1131006;,公司田段75地號,1111007,111淡建字第419號,,TPPNMLRJIIHGFEF48CG
板橋區,德鄰豊,華江一路,德鄰建設股份有限公司,171,第二種住宅區,H2：集合住宅、G3：店鋪,鋼筋混凝土造,1111007,自售:1111007~1121006;代銷:1111007~1121006;,江翠段98地號,1111005,111板建字第00413號,,QPPNMLRJIIHGFAF77CG
汐止區,明峰佳園,明峰街2巷,鋐宇建設股份有限公司代表人:陳秉勳,18,第二種住宅區,集合住宅,鋼筋混凝土構造,1111012,自售:無;代銷:1110930~1121031;,金龍段598地號,1110816,111汐建字第00337號,,RPPNMLMKIIHGFDF77CG
中和區,楓韻元山居,中山路2段449巷旁,楓韻開發股份有限公司(負責人:徐楓),133,住宅區,集合住宅、社會住宅,鋼骨鋼筋混凝土構造,1111014,自售:無;代銷:1120301~1130930;開始銷售起算18個月;,民樂段12地號,1080328,108中建字第00126號,,XPPNMLOKIIHGFHF98CG
泰山區,明志書苑,明志路二段298巷,茂德建設股份有限公司   負責人:范乾進,141,住宅區,H2集合住宅,鋼筋混凝土造,1111020,自售:無;代銷:1140906~1141231;自備查完成起算至年底;,南林段476地號,1111013,111泰建字00427,,WQSNMLKLIIHGFBF48DG
新莊區,河成湛,中華路二段71巷,河成生活科技建設股份有限公司,101,商業區,H2集合住宅、G3一般零售場所,鋼筋混凝土構造,1111020,自售:無;代銷:1120329~1130430;,自立段985地號,1110323,111莊建字第00119號,,TPQNMLKLIIHGFBF87DG
鶯歌區,四季琢硯,鶯歌路,合硯建設股份有限公司,191,第一種住宅區,G3:店鋪，H2:集合住宅,鋼筋混凝土構造,1111027,自售:無;代銷:1111101~1130630;,鳳鳴段317地號,1100727,110鶯建字第00340號,1131007,G2FI1111027000206
中和區,META PARK,板南路,板南置業開發股份有限公司(負責人:林清樑),457,住宅區,店鋪、飲食店及美容美髮業、集合住宅,鋼骨構造,1111031,自售:無;代銷:1110210~1161231;代銷契約期間為簽約日起至本案使照取得後六個月;,板南段619地號,1090416,109中建字第00178號,,UPPNMLLMIIHGFHF58CG
淡水區,飛鳥之丘,竹林路,臺億建築經理股份有限公司(負責人:紀玉枝),172,第一種住宅區,H2:集合住宅,鋼筋混凝土構造,1111101,自售:無;代銷:1111020~1131020;,馬偕段162地號,1111027,109淡建字第00459-01號,1140905,SPQNMLLJJIHGFEF08DG
土城區,合謙上謙城,青和街,合謙建設股份有限公司(負責人:黃偉誠),176,第一種住宅區，第二種住宅區,G3:日用品零售或服務業，H2:集合住宅,鋼筋混凝土構造,1111103,自售:無;代銷:1110801~1130731;,青雲段214地號,1110106,111土建字第00012號,1141127,SPPNMLNJJIHGFAF77DG
土城區,綠意順光天下,金城路一段8之1號旁,綠意開發股份有限公司,41,乙種工業區,C2廠房、G3一般零售場所、D2社區(村里)活動中心,鋼筋混凝土構造,1111104,自售:無;代銷:1100818~1130831;,大安段591地號,1100225,110土建字第00112號,1140204,G2FA1111104000100
板橋區,沅陞幸福PLUS,華江三路211號旁,沅陞建設股份有限公司,77,商業區,一般事務所、集合住宅,鋼筋混凝土造,1111107,自售:無;代銷:1110701~1120831;,江翠段8地號,1111025,111板建字第00442號,,G2FA1111107000204
汐止區,琢壹,康寧街中興路交叉口,鼎禾建設股份有限公司負責人:董宸瑋,42,商業區，第二種住宅區,H2-集合住宅、G3-店鋪,鋼筋混凝土構造,1111107,自售:1120101~1121231;,北山段186地號,1110822,111汐建字第00359號,,XPPNMLRJJIHGFDF98DG
林口區,森聯上上謙(森越),民權路110號對面,森寶開發股份有限公司,226,鄰里商業區,一般零售業、集合住宅,鋼筋混凝土造,1111110,自售:無;代銷:1111108~1131231;,力行段437地號,1110707,111林建字第00271號,,G2FB1111110000102
永和區,尊貴昕帝王,豫溪街57巷,建宏開發股份有限公司(負責人:劉?珠),70,住宅區,G3店舖.H2集合住宅,鋼筋混凝土構造,1111111,自售:1111025~1141031;,中興段526地號,1110905,111永建字第00371號,,G2FH1111111000101
新店區,名毅吾山 靚山區,安康路二段133號旁,名毅建設股份有限公司,169,第三種住宅區,G1 金融證券 ， G3 店鋪 ， H2 集合住宅,鋼筋混凝土構造,1111116,自售:1111109~1161109;代銷:1111109~1121031;,安德段805地號,1111021,109店建字號00122-01號,,VPPNMLQKJIHGFCF58CG
鶯歌區,家自慢,尖山路276-5號旁,合嘉建設股份有限公司,54,第一種住宅區,G3：店舖，H2：集合住宅,鋼筋混凝土構造,1111118,自售:無;代銷:1111203~1121027;,尖山腳段593地號,1101105,110鶯建字第00531號,1131210,G2FI1111118000206
五股區,快樂王國-理享城,成泰路三段,德裕建設股份有限公司,233,住宅區,集合住宅(H2)、店鋪(G3),鋼筋混凝土造,1111121,自售:無;代銷:1120601~1130601;,成州段17地號,1110811,111股建字第00331號,,XPPNMLLLJIHGFBF38DG
板橋區,佳元植,莊敬路248號旁,蔡錫全,110,住宅區,(H2)集合住宅(G3)店鋪(G2)辦公室,鋼筋混凝土構造,1111121,自售:無;代銷:1111107~1121107;,文化段404地號,1111107,111板建字第00460號,,TPRNMLLLJIHGFAF08DG
新莊區,西勝時星,文藝路、富貴路交叉口,美勝美開發股份有限公司,57,第一種商業區,G2一般事務所、G3一般零售業,鋼筋混凝土構造,1111122,自售:無;代銷:1120301~1130228;,副都心段一小段388地號,1101210,110莊建字第00604號,1140828,G2FB1111122000200
鶯歌區,巨東‧藏,國光街62號旁,京城國際建築經理股份有限公司,19,第一種住宅區,集合住宅,鋼筋混凝土造,1111123,自售:無;代銷:1111001~1120930;,昌福段151地號,1100406,110鶯建字第00163號,1141008,SPPNMLNLJIHGFIF68CG
三重區,東村淳峰,三重區五谷王北街95巷口,東冠建設股份有限公司,49,住宅區,集合住宅,鋼筋混凝土造,1111124,自售:無;代銷:自代銷合約簽約日起至使用執照取得後6個月;,五谷王段221地號,1110504,111重建字第00170號,,G1FG1111124000105
土城區,皇翔MRT,永和段207地號,皇翔建設股份有限公司,368,住宅區,B2:一般零售業;H2:集合住宅,鋼筋混凝土,1111125,自售:無;代銷:1110520~1121119;,永和段207地號,1080611,108土建字第00238號,1130222,G2FA1111125000106
淡水區,樹里?,八勢路50巷,山石興業股份有限公司負責人:蔡春湧,26,第一種住宅區,H-2集合住宅,鋼筋混凝土構造,1111126,自售:無;代銷:1110801~1130311;,水仙段147地號,1111027,111淡建字第00444號,,G1FE1111126000111
三重區,安慶首澤,安慶街36號,勝泰豐建設股份有限公司,25,都市計畫內住宅區,集合住宅店鋪,鋼筋混凝土,1111129,自售:無;代銷:1110901~1120831;期滿後雙方得經協議後再行延長之;,正義段573地號,1110708,111重建字第00284號,,RPPNMLTLJIHGFGF09DG
淡水區,森原樹．樹之森,民生路117巷旁,陞鴻興業股份有限公司(負責人:田文珠),174,第一種住宅區,H2:集合住宅,鋼筋混凝土構造,1111130,自售:無;代銷:1110901~1121231;,馬偕段408-3地號,1110803,111淡建字第00311號,,RPPNMLKMJIHGFEF08DG
板橋區,帝景6號,華江三路,愛山林建設開發股份有限公司、立信偉業股份有限公司,213,第二種住宅區,集合住宅、店鋪,鋼筋混凝土構造,1111202,自售:1111201~1121201;,板翠段74地號,1111003,111板建字第408號,,SPUNMLMJKIHGFAF18CG
土城區,品山月,永安街,周道開發建設有限公司,13,住宅區,H2集合住宅，G3店鋪,鋼筋混凝土造,1111202,自售:1120101~1131212;,永寧段165地號,1080723,108土建字第00298號,,TPPNMLMJKIHGFAF87DG
汐止區,東煒大局,保長路,東煒建設股份有限公司負責人趙國祥,65,乙種工業區,工廠,鋼筋混凝土構造,1111205,自售:無;代銷:1111101~1141031;36個月;,保安段509-3地號,1110503,111汐建字第00166號,,G2FD1111205000100
中和區,藏富HOUSE,景平路159巷旁,巨東開發建設股份有限公司負責人：劉育維;安眾建設股份有限公司負責人：?豪霖,46,住宅區,H2:集合住宅,鋼筋混凝土構造,1111205,自售:1130805~1170831;,景平段227地號,1110609,111中建字第00229號,,ZPQNMLPJKIHGFHF96DG
土城區,紅布朗花園,明德路一段、青雲路,眾德建設股份有限公司,373,第二種住宅區,G3店鋪、H2集合住宅,鋼筋混凝土構造,1111205,自售:無;代銷:1141201~1150531;,明德段327地號,1111130,111土建字第00488號,,XPQNMLPJKIHGFAF68DG
板橋區,家泰豐澤,忠孝路80巷,家泰建設開發股份有限公司(負責人:王維聖),85,住宅區,集合住宅、店鋪、辦公室、住宅,鋼筋混凝土構造,1111207,自售:無;代銷:111.12.01至使用執照取得日起計算九個月止;,仁愛段5地號,1111116,111板建字第00477號,,UPPNMLRJKIHGFAF48DG
板橋區,日健芯,懷仁街,日健建設股份有限公司,85,住宅區,H2集合住宅，G3店舖,鋼筋混凝土造,1111209,自售:無;代銷:1120201~1130131;,光仁段796-26地號,1100617,110板建字第00289號,1140108,TPPNMLTJKIHGFAF48CG
土城區,和毅明金,金城路二段跟明德路二段路口,和毅建設股份有限公司,57,第二種住宅區,G3店鋪，H2集合住宅,鋼筋混凝土造,1111212,自售:無;代銷:111年11月1日起至銷售完畢止;,明德段15地號,1090313,109土建字第00121號,1121124,G1FA1111212000103
板橋區,板橋璞園的家,田單北街,璞石建設股份有限公司,46,第二種住宅區,集合住宅,鋼筋混凝土構造,1111216,自售:無;代銷:1111216~1130229;,環翠段106地號,1090121,109板建字第00045號,1120817,G1FA1111216000102
土城區,慕軒,立仁街,德佑建設股份有限公司 負責人：吳文進,115,第二種商業區,H2-集合住宅、G3-店鋪,鋼筋混凝土構造,1111219,自售:無;代銷:1111108~1130531;,清水段645地號,1101223,110土建字第00632號,,RPPNMLTKKIHGFAF38CG
淡水區,佳瑞心公園,義山路一段401巷,佳瑞建設股份有限公司（負責人：廖盈貴）,138,第五種住宅區,G3:日用品零售或服務業，H2集合住宅,鋼筋混凝土構造,1111222,自售:無;代銷:1111101~1131231;,新市段101地號,1110930,110淡建字第00355-01號,1140910,G2FE1111222000108
新店區,知馨,中央三街、中央四街,三馨建設股份有限公司 負責人：陳馨鍾,47,第四種住宅區,H-2集合住宅.G-3店舖,鋼筋混凝土構造,1111222,自售:1120123~1160101;,中央段936地號,1110826,111店建字第00377號,,VPPNMLMLKIHGFCF38CG
泰山區,佳鋐運,信華五街,佳鋐建設股份有限公司(負責人:陳柏宏),81,第三種住宅區,G3店舖、H2集合住宅,鋼筋混凝土構造,1111226,自售:無;代銷:1120306~1121231;,信華段五小段21地號,1090221,109泰建字第00082號,1131104,G2FB1111226000103
三重區,永峰上鈺,福德南路,永峰開發建設股份有限公司負責人:陳柏亦,119,住宅區、商業區,店鋪、集合住宅,鋼筋混凝土構造,1111227,自售:無;代銷:1110715~1120714;委託銷售合約期間;,福德南段386地號,1110908,111重建字第00376號,,TPPNMLRLKIHGFGF56DG
中和區,欣聯和心,水源路,欣聯建設開發股份有限公司(負責人:林榮三),97,住宅區,H2集合住宅、G3店鋪,鋼筋混凝土構造,1111228,自售:無;代銷:1120115~自完售止;全案銷售完畢;,南工段483地號,1111226,111中建字第00507號,,TPQNMLSLKIHGFHF86DG
板橋區,禮御,忠孝路218號旁,禮滿建設股份有限公司負責人：郭淑敏,176,住宅區,H2：集合住宅 G3：店鋪.飲食店,鋼筋混凝土造,1111228,自售:1120201~1171201;無;,重慶段4地號,1090908,109板建字第00381號,1141014,RQPNMLSLKIHGFAF58DG
三峽區,青松安家,大同路286巷,僑馥建築經理股份有限公司,133,住宅區,H2集合住宅  G3一般零售業,鋼筋混凝土構造,1111230,自售:1130701~1160630;,中園段622地號,1091028,109峽建字第00458號,,QPPNMLKMKIHGFIF38CG
新店區,忠泰蘊,央北二路、斯馨路口,忠泰建設股份有限公司 負責人:李忠義,83,住宅區,H-2集合住宅G-3店鋪G-2一般事務所,鋼筋混凝土構造,1120101,自售:無;代銷:111/12/5至使照取得日後6個月止;,斯馨段87地號,1111111,111店建字第00466號,,UPPNMLLJJHIGFCF87CG
三峽區,青鳥之森,橫溪路99巷,群揚建設有限公司（代表人：葉火乾）,67,山坡地保育區丙種建築用地,集合住宅(H2),鋼筋混凝土構造,1120107,自售:無;代銷:1110830~1131014;不動產銷售迄日自轉定日起算18個月;,佳興段5地號,1100817,110峽建字第00391號,1140827,VPPNMLRJJHIGFIF56CG
淡水區,山河帝寶,紅樹林路及中正東路25巷,甲士林建設股份有限公司(負責人:謝秉翰),374,第一種住宅區,集合住宅(H2),鋼筋混凝土構造,1120109,自售:無;代銷:1120106~自完售止;至本案使用執照取得後六個月;,海天段71地號,1111111,111淡建字第00465號,,RPPNMLTJJHIGFEF58CG
板橋區,心晴好,縣民大道一段,右成建設開發有限公司(負責人:蔡耀郎),64,商業區,集合住宅,鋼筋混凝土造,1120112,自售:1120601~1160630;,新興段130地號,1111128,111板建字第00484號,,SPPNMLMKJHIGFAF77DG
林口區,頤昌松琚,中山路、文林三街交叉口,頤昌建設股份有限公司,78,第二種住宅區,一般零售業、日用品零售業、集合住宅,鋼筋混凝土構造,1120113,自售:無;代銷:1111201~使照取得後1年;,麗林段902地號,1111129,111林建字第00485號,1140825,G1FB1120113000102
新莊區,漢寶幸福綻,幸福東路,漢堡開發建設股份有限公司(負責人：張慶忠),84,第二種住宅區,G3店舖、H2集合住宅,鋼筋混凝土構造,1120118,自售:無;代銷:公開日起12個月;,中原段291地號,1110622,111莊建字第00249號,1140912,G2FB1120118000205
新莊區,日和淳,思源路166巷,豐健建設股份有限公司,35,第二種住宅區,集合住宅、店舖,鋼筋混凝土造,1120118,自售:無;代銷:1120201~1121031;,中原段343地號,1090305,109莊建字第00105號,1131014,QPPNMLSKJHIGFBF18CG
三重區,極綻,大智街,台新建築經理股份有限公司負責人:刁建生,150,住宅區,H2集合住宅G3店鋪,鋼筋混凝土造,1120119,自售:無;代銷:1111215~1121214;,大智段328地號,1120111,108重建字第430-2號,1130910,G1FG1120119000202
新店區,德孚曉碧,中央段1099地號等一筆,德孚建設股份有限公司,18,第四種住宅區,H2-集合住宅,鋼筋混凝土構造,1120119,自售:無;代銷:1120120~1120719;,中央段1099地號,1111110,111店建字第00463號,,VPPNMLTKJHIGFCF88CG
三重區,萊茵水花園,水漾路二段,漢翔開發股份有限公司,178,住宅區,G3:店鋪.H2:集合住宅,鋼筋混凝土造,1120131,自售:無;代銷:1140623~1141231;,三重段35地號,1110926,111重建字第00394號,1140918,G2FG1120131000116
新莊區,松Tower,榮華路二段與中平路交叉口,中悅建設開發股份有限公司,131,第二種商業區,店舖、一般事務所,鋼骨鋼筋混凝土構造、鋼筋混凝土構造,1120201,自售:1120201~1130201;,副都心段一小段421地號,1100420,108莊建字第0341-1號,1130216,G1FB1120201000100
八里區,全坤家宜,頂罟一路69號對面,全坤建設開發股份有限公司 負責人：李勇毅,152,第三種商業區,店舖、集合住宅,鋼筋混凝土構造,1120201,自售:無;代銷:1120107~1121231;,臺北港段72地號,1110307,108八建字第00554-02號,1130509,G1FE1120201000103
新莊區,?Tower,榮華路二段,中悅建設開發股份有限公司,76,第二種商業區,店舖、一般事務所,鋼骨鋼筋混凝土構造、鋼骨構造,1120201,自售:1120201~1130201;,副都心段一小段380地號,1111222,103莊建字第00664-05號,1130123,G1FB1120201000200
林口區,立軒天玥,吉祥路,樂軒開發建設股份有限公司,103,中心商業區,G3一般零售業、G2事務所及工商服務業、H2集合住宅,鋼筋混凝土構造,,自售:無;代銷:1120113~1130112;,力行段246地號,1120107,112林建字第00006號,,QPQNMLMJKHIGFBF67CG
泰山區,新潤 THE RICH,新北大道五段與幸福路口,新潤建設股份有限公司代表人：劉毅剛,199,第二種商業區,集合住宅(H2)、店鋪(G3)、一般事務所(G2),鋼筋混凝土造,1120203,自售:無;代銷:1120401~1130930;,新泰段18地號,1120426,110泰建字第00480-3號,1140324,G1FB1120203000201
新莊區,?TOWER,中央路及昌仁路交叉口,新世茂資產開發股份有限公司,43,第一種商業區,一般零售業、餐飲業、一般事務所,鋼筋混凝土構造、鋼骨鋼筋混凝土構造,1120203,自售:1120203~1131231;,副都心段一小段47地號,1111121,108莊建字第0374-02號,,G1FB1120203000101
林口區,森聯上上謙(森治),民權路172號對面,森寶開發股份有限公司、森築開發股份有限公司,226,第五種住宅區,一般零售業、集合住宅,鋼筋混凝土造,1120203,自售:無;代銷:1120131~1141231;,力行段338地號,1111122,111林建字第00479號,,G2FB1120203000102
新店區,馥御NO.7,中央五街,華太開發建設有限公司等2人,8,第四種住宅區,H-2集合住宅,鋼筋混凝土構造,1120217,自售:1120218~1120531;,中央段799地號,1111223,109店建字466-01號,1140915,G1FC1120217000100
淡水區,明日晴,中正東路二段143巷12弄天外天社區旁,兆頡建設股份有限公司(負責人:賴良政),112,第一種住宅區,H2: 集合住宅,鋼筋混凝土構造,1120218,自售:1111001~1130930;至完銷;代銷:1111001~1130930;合約約定;,水仙段628地號,1120113,105淡建字第00449-01號,1141208,G1FE1120218000203
淡水區,景上汀,民權路12-3號,鐵冠建設股份有限公司（負責人：沈宗翰）,64,特定農業區甲種建築用地,H2 集合住宅,鋼筋混凝土構造,1120302,自售:無;代銷:1111201~1121231;,竹圍段59地號,1110708,111淡建字第00273號,,RPPNMLMJLHIGFEF08CG
林口區,川弘INSIGHT,興林路151巷10號旁,晟銘建設有限公司    負責人:洪瑪莉(如附表),27,鄰里商業區,(H2)集合住宅,鋼筋混凝土造,1120306,自售:112年3月15至銷售結束;,新林段330地號,1111011,111林建字第00421號,1140415,G2FB1120306000103
土城區,金城帝寶1號,中央路三段89巷,甲山林建設股份有限公司,182,住宅區,住家用,鋼筋混凝土造,1120307,自售:無;代銷:自112年04月01日起至使照取得;,大安段731-6地號,1071204,107土建字第00544號,,G1FA1120307000102
土城區,力璞紘-日莘,中央路4段125巷27之1號旁,力馥建設股份有限公司,127,住宅區,集合住宅,鋼筋混凝土構造,1120310,自售:無;代銷:全案銷售完畢;,永福段92地號,1110419,111土建字第00154號,1140710,UPRNMLKKLHIGFAF18DG
土城區,力璞紘-月藝,中央路4段125巷27之1號旁,力馥建設股份有限公司,50,住宅區,集合住宅,鋼筋混凝土構造,1120310,自售:無;代銷:全案銷售完畢;,永福段77地號,1110419,111土建字第00153號,1140521,G2FA1120310000406
新莊區,「築。滿滿」,中環路二段,?達土地開發股份有限公司,406,第三種住宅區,集合住宅、店鋪,鋼筋混凝土造,1120310,自售:無;代銷:1111031~1141103;,信華段二小段28-1地號,1120222,112泰建字第00046號,,VPPNMLKKLHIGFBF18DG
林口區,聿德觀璟,文化北路二段,聿德企業股份有限公司負責人：徐明潔,93,第二種住宅區,H2集合住宅、G3一般零售業,鋼筋混凝土造,1120314,自售:無;代銷:1120501~自完售止;銷售人員進場後至全案銷售完畢;,麗林段911-1地號,1120207,112林建字第00030號,,SPPNMLOKLHIGFBF18CG
林口區,頤昌柏舍,中山路、文林三街交叉口,頤昌建設股份有限公司,80,第二種住宅區,一般零售業、日用品零售業、集合住宅,鋼筋混凝土造,1120320,自售:無;代銷:1120401~使照取得後一年;,麗林段905地號,1120202,112林建字第00028號,1140715,G1FB1120320000102
淡水區,嘉潤家泰氧森,坪頂路82號,嘉潤建設開發股份有限公司(負責人：賴嘉鴻)、家泰建設開發股份有限公司(負責人：王維聖),237,第二種住宅區,H2:集合住宅,鋼筋混凝土構造,1120321,自售:無;代銷:1120501~1131231;,米蘭段475地號,1121227,111淡建字第00406-02號,,XPPNMLLLLHIGFEF88DG
新莊區,永雄薪傳,中正路,永雄建設股份有限公司 負責人：陳永奇,68,住宅區,Ｇ3店鋪、Ｈ2集合住宅,鋼筋混凝土構造,1120322,自售:無;代銷:1120301~1130430;,龍鳳段337地號,1101007,108莊建字第00580-02號,1130527,G2FB1120322000201
土城區,美德市,忠承路,國美建設股份有限公司,288,住宅區,住家用,鋼筋混凝土造,1120323,自售:無;代銷:1120215~1160531;,大安段742-1地號,1110907,111土建字第00374號,,SPPNMLNLLHIGFAF08CG
三重區,天麗,文化南路13號,元泰鼎開發股份有限公司(負責人:蔡榮蔚),23,住宅區,一般事務所、店舖、集合住宅,鋼筋混凝土構造,1120324,自售:無;代銷:1120306~1130430;,光興段257-1地號,1100114,107重建字第00084-01號,1141027,UPQNMLOLLHIGFGF09CG
樹林區,北大?,學成路及大成路口,富總建設股份有限公司,100,住宅區,G3店鋪、G2一般事務所、H2集合住宅,鋼筋混凝土造,1120325,自售:1120327~1121231;代銷:1120327~1121231;,大學段二小段110地號,1120314,112樹建字第00064號,,G1FI1120325000106
林口區,泓昇昇美,南勢三街1巷,泓昇建設股份有限公司,40,第二種住宅區,集合住宅,鋼筋混凝土構造,1120325,自售:1120401~1131230;,建林段903地號,1101130,110林建字第00589號,1131024,G1FB1120325000101
淡水區,鴻灃COMO,新市二路一段崁頂五路交叉口,鴻灃建設股份有限公司(負責人：胡志鵬),487,第五種住宅區,G3日用品零售業、H2集合住宅,鋼筋混凝土構造,1120327,自售:無;代銷:1120501~1150430;,淡海段140地號,1110106,109淡建字第00522-01號,,G1FE1120327000103
板橋區,新板樂睦,成都街9號旁,臺億建築經理股份有限公司,77,商業區,G2供商談、接洽、處理一般事務之場所。H2集合住宅,鋼筋混凝土造,1120328,自售:無;代銷:1120301~1120831;,介壽段543地號,1061130,106板建字第00422號,1130109,G2FA1120328000103
鶯歌區,鳳鳴欣苑,鳳五路靠近鳳福路路口,台欣建設股份有限公司,84,第二種住宅區,H2集合住宅、G3店舖,鋼筋混凝土造,1120329,自售:無;代銷:1120302~1130301;,鳳鳴段73地號,1110921,111鶯建字第00389號,1140204,G2FI1120329000104
林口區,聯廣闊境,文化二路一段309巷,聯廣建設股份有限公司,119,中心商業區,G3一般零售業、G2事務所及工商服務業、H2集合住宅,鋼筋混凝土構造,1120329,自售:無;代銷:1120220~1170220;,力行段871地號,1111103,111林建字第00455號,,TPPNMLTLLHIGFBF88CG
八里區,四季Lavie,商港三路與商港六路交叉口,和毅建設股份有限公司 負責人:許明棟,94,第三種商業區,G3店鋪，G2辦公室，H2集合住宅,鋼筋混凝土構造,1120330,自售:無;代銷:1120329~1140328;,商港段22地號,1110301,106八建字第00279-01號,1140103,G1FE1120330000102
板橋區,新濠一?,環河西路四段699巷,新濠建設事業股份有限公司,512,商業區,住商用,鋼骨鋼筋混凝土造,1120406,自售:無;代銷:1110601~1120930;如遇工程延誤，則合約期限依序順延;,環翠段52-2地號,1120321,112板建字第00077號,,TPPNMLQJMHIGFAF38CG
林口區,宏樸日心說,民享路,宏樸建設有限公司負責人:林建宏,22,第二種住宅區,(G3)一般零售業、(H2)集合住宅,鋼筋混凝土構造,1120406,自售:1120610~·;,麗林段342地號,1111020,111林建字第00443號,,G1FB1120406000600
三重區,晴空大地,仁義街,中德建設股份有限公司,1297,住宅區,G3店鋪、H2集合住宅、公益設施(G2警察局),鋼筋混凝土造,1120411,自售:無;代銷:1141101~1141130;1月;,仁義段731-2地號,1120410,112重建字第00110號,,G2FG1120411000105
板橋區,尚新板,南雅南路一段31號,東亞建築經理股份有限公司,38,商業區,集合住宅、店鋪,鋼筋混凝土造,1120414,自售:1130601~自完售止;自113/6/1至完銷;代銷:1120104~1130531;,新興段108地號,1111115,111板建字第00473號,,SQPNMLOKMHIGFAF38DG
新莊區,至賦,化成路507巷,昌瑞建設有限公司  負責人李?義,22,第二種住宅區,H2集合住宅G2一般事務所G3一般零售業,鋼筋混凝土構造,1120417,自售:1120420~1150420;,新知段13地號,1100811,110莊建字第00380號,,QPPNMLRKMHIGFBF48DG
三重區,益欣湛陽,成功二街,益欣建設股份有限公司  (負責人:蔡威漢),72,住宅區,集合住宅；店鋪,鋼筋混凝土構造,1120417,自售:無;代銷:1120301~1130428;,三重段406地號,1100603,110重建字第00264號,1131024,TPPNMLRKMHIGFGF56CG
三重區,國揚數位科技大樓,光復路一段,國揚實業股份有限公司（負責人：林子?）等5人,51,乙種工業區,一般廠房、一般零售業、一般事務所,鋼筋混凝土造,1120418,自售:無;代銷:1120415~自完售止;建照取得後至取得使照後6個月;,中興段28地號,1120414,112重建字第00121號,,QPPNMLSKMHIGFGF98CG
板橋區,福林沄典,華江三路60號旁,福典建設有限公司負責人：蔡建福,58,第二種住宅區,H2集合住宅,鋼筋混凝土構造,1120419,自售:1120419~1121231;自合約審查通過起開始自售;,板翠段35地號,1120414,112板建字第124號,,G2FA1120419000103
林口區,和洲艾美,文化一路二段、寶林路交叉口,和洲建設股份有限公司  負責人馮敦承,208,第二種住宅區,H2集合住宅、G3日用品零售業、G2事務所及工商服務業,鋼筋混凝土構造,1120419,自售:無;代銷:1120401~1140531;,佳林段84地號,1111012,111林建字第00425號,,G1FB1120419000104
淡水區,台北別墅,尚頂一街、尚頂二街,新貴開發股份有限公司負責人：高貴美,57,鄉村區乙種建築用地,H2：獨棟住宅、雙併住宅。 D2社區活動中心、D1健身房、G3店鋪,鋼筋混凝土構造,1120419,自售:無;代銷:自各區領得建造執造日起至結構體完成(以各區最後一棟為主)後8個月為銷售期;,坪頂段1470地號,1120214,112淡建字第00036號,,SPPNMLTKMHIGFEF56DG
新店區,大廣豊仁,中正路329巷自由街,大廣建設股份有限公司負責人：卓建仲,149,第四種住宅區,集合住宅(H-2）,鋼筋混凝土構造,1120421,自售:無;代銷:1120315~1130315;,中正段971地號,1120411,112店建字第00112號,,VPPNMLLLMHIGFCF48CG
鶯歌區,微笑海悅2,龍五路,悅大建設股份有限公司 負責人：王俊傑,83,第二種住宅區,G3店鋪，H2集合住宅,鋼筋混凝土造,1120421,自售:無;代銷:1120410~;至全數售完為止;,鳳鳴段207地號,1120410,112鶯建字第00106號,,QPSNMLLLMHIGFIF88CG
林口區,蒔山晏,麗園二街89巷口,柏潤建設開發事業股份有限公司 負責人:謝瑞真,13,第一種住宅區,H2，獨戶住宅,鋼筋混凝土構造,1120421,自售:無;代銷:至全案完銷;,國宅段60地號,1120111,112林建字第00013號,,G2FB1120421000103
三峽區,女王萬歲(2),大德路,家豪建設有限公司,41,住宅區,H2集合住宅.G3店鋪,鋼筋混凝土造,1120421,自售:1120421~1121231;家豪建設業務部銷售;,大學段一小段163地號,1100831,110峽建字第00421號,1131114,G1FI1120421000500
土城區,勝翔-九鼎,中華段480地號等2筆,勝翔開發股份有限公司負責人:陳文良,9,乙種工業區,C-2工廠、G-3一般零售業,鋼筋混凝土造,1120424,自售:無;代銷:1111004~自完售止;111年10月4日至全案完銷;,中華段480地號,1110901,111土建字第00364號,,QPPNMLOLMHIGFAF18DG
土城區,中工雲宇宙AI園區,中山路,中華工程股份有限公司,273,乙種工業區,工廠C2、托嬰中心F3,鋼骨構造,1120425,自售:無;代銷:1120328~1160327;,沛陂段106地號,1120322,109土建00185-1,,QPPNMLPLMHIGFAF28DG
淡水區,琢渼,崁頂五路,鼎禾建設股份有限公司  負責人:董宸瑋,65,第三種住宅區,H-2集合住宅,鋼筋混凝土構造,1120426,自售:1120601~1140531;,淡海段210地號,1120313,112淡建字第00062號,,VPPNMLQLMHIGFEF56CG
泰山區,景賀,信華五街,富利興開發股份有限公司,130,第三種住宅區,H2集合住宅、G3店鋪,鋼筋混凝土構造,1120426,自售:無;代銷:1120501~1131231;,信華段五小段24地號,1100316,110泰建字第00141號,1140506,RPPNMLQLMHIGFBF48CG
板橋區,新潤RIVER ONE,環河西路四段及華江九路附近,新潤興業股份有限公司負責人：郭長庚,259,商業區,G3店舖、G2一般事務所、H-2集合住宅,鋼筋混凝土造,1120427,自售:無;代銷:正式進場銷售日起算兩年;,江翠段160地號,1120331,112板建字第00102號,,RPPNMLRLMHIGFAF48CG
三重區,潤泰峰左岸,疏洪西路及興德路交叉口,潤泰創新國際股份有限公司,351,住宅區、商業區,店鋪(G-3)、飲食店(G-3)、集合住宅(H-2),鋼筋混凝土構造,1120428,自售:2023/03~售完為止;代銷:2023/03/20-2025/12/31;,五谷王段136地號,1081017,108重建字第00441號,1140828,UPPNMLSLMHIGFGF86CG
板橋區,馥華原真,大觀段,馥華開發建設股份有限公司 負責人周俊文,224,住宅區(再發展區),H2集合住宅、F3幼兒園,鋼骨鋼筋混凝土構造、鋼筋混凝土構造,1120428,自售:無;代銷:1120401~1120930;,大觀段864-2地號,1120426,112板建字第00141號,,QPPNMLSLMHIGFAF48CG
板橋區,勝輝一邸,中山路一段與新站路路口,勝輝地產開發股份有限公司,36,第一種特定專用區,G3一般商業設施(一般零售業)，H2集合住宅,鋼骨鋼筋混凝土構造,1120502,自售:無;代銷:1120101~1130131;1120101~1130131;,中山段598-46地號,1120329,112板建字第00093號,,SPPNMLMJNHIGFAF97CG
新莊區,亞昕商匯中心,富貴路與昌仁路交接口,亞昕國際開發股份有限公司 代表人:姚連地等二位,339,第一種商業區,H2:集合住宅、G2:辦公室、G3:店舖(<500㎡),鋼筋混凝土構造,1120503,自售:無;代銷:使用執照取得6個月止;,副都心段一小段59地號,1110211,111莊建字第00057號,,QPPNMLNJNHIGFBF97CG
淡水區,水悅日光,中正東路二段50巷,富庭峰建設股份有限公司負責人：葉益成,47,商業區,G3店鋪，H2集合住宅,鋼筋混凝土構造,1120503,自售:1120601~1130514;建商自售;代銷:1130515~1140514;,沙崙段530地號,1111226,111淡建字第00505號,,VPPNMLNJNHIGFEF78CG
新店區,逸馨,中央八街,三馨建設股份有限公司,18,第四種住宅區,H2-集合住宅,鋼筋混凝土構造,1120505,自售:1120510~1130501;,中央段566地號,1100225,110店建字第00110號,1131126,UPPNMLPJNHIGFCF68CG
土城區,金城帝寶2號,中央路三段89巷與忠承路口,甲山林建設股份有限公司,577,住宅區,住家用、商業用(H2集合住宅、G3店鋪),鋼筋混凝土造,1120505,自售:無;代銷:1120501~1170430;或至使用執照取得後六個月;,大安段729-1地號,1071221,107土建字00574號,,RPPNMLPJNHIGFAF18CG
林口區,立軒天語,文化二路二段,樂軒開發建設股份有限公司,57,第五種住宅區,G3一般零售業、G2事務所及工商服務業、H2集合住宅,鋼筋混凝土構造,1120508,自售:無;代銷:1120427~1130426;,力行段39地號,1120426,112林建字第00140號,,RPPNMLSJNHIGFBF58CG
淡水區,天生卓閱,中正路一段62巷,興格建設股份有限公司負責人:蔡秋雄,85,住宅區,店鋪G3、集合住宅H2,鋼筋混凝土構造,1120510,自售:無;代銷:1120601~1140531;,天生段1323地號,1100127,110淡建字第00057號,,UPPNMLKKNHIGFEF48CG
淡水區,萬企君品-厚德區,新民街32號旁邊,鴻陞建設股份有限公司負責人：吳萬得,55,住宅區,G3:店鋪H2:集合住宅,鋼筋混凝土構造,1120511,自售:無;代銷:1120201~自完售止;至取得使用執照;,大義段917地號,1110928,111淡建字第00400號,,TPRNMLLKNHIGFEF78DG
板橋區,永康芬揚,文化段243地號,安信建築經理股份有限公司 負責人:周俊吉,49,住宅區,集合住宅、店鋪,鋼筋混凝土造,1120512,自售:無;代銷:1120220~1130219;,文化段243地號,1100518,109板建字第00482-01號,1140926,G2FA1120512000102
土城區,綠意永寧1號,中央路三段92號旁,綠意開發股份有限公司,142,乙種工業區,工廠,鋼筋混凝土造,1120515,自售:無;代銷:1100417~1151231;,員仁段588地號,1101126,110土建字第00581號,,SPQNMLPKNHIGFAF58DG
三重區,惠大國際科技總部,中興北街232巷,富嘉開發股份有限公司,59,工業區,C-2工廠,鋼筋混凝土造,1120515,自售:1121228~1141231;代銷:1120130~1151231;,頂崁段631地號,1120131,112重建字第00026,,RPPNMLPKNHIGFGF98DG
永和區,周泰詠安,中和路501巷13號,周泰建設有限公司,42,住宅區,店鋪.集合住宅,鋼筋混凝土造,1120516,自售:無;代銷:1120601~1150531;自委託銷售合約及預售屋買賣合約備查完成後，起算3年;,雙和段281地號,1120509,112永建字第00161號,,UPPNMLQKNHIGFHF76CG
林口區,森鉅旭,南勢一街36號旁,森鉅建設股份有限公司、聯合安豐股份有限公司,77,第二種住宅區,一般零售業、集合住宅,鋼筋混凝土構造,1120516,自售:無;代銷:1120515~1141231;,建林段750地號,1120309,112林建字第00057號,,G2FB1120516000203
永和區,國泰民樂,民樂街35巷1~6號,國泰建設股份有限公司,64,住宅區,住家用,鋼筋混凝土造,1120517,自售:無;代銷:1110831~1160414;,長堤段241地號,1120515,112永建字第00165號,,SPPNMLRKNHIGFHF66CG
林口區,CLASSY HOME,忠孝路69號對面,森築開發股份有限公司,510,第五種住宅區,一般零售業、集合住宅,鋼筋混凝土構造,1120523,自售:無;代銷:1120510~1141231;,建林段80地號,1120331,112林建字第00101號,,G2FB1120523000102
林口區,中光極,東湖路75巷,中光建設股份有限公司負責人:林季漢,4,第一種住宅區,(H-2)獨戶住宅,鋼筋混凝土構造,1120523,自售:1120616~1130630;,新林段921地號,1110802,111林建字第00310號,1141110,G1FB1120523000200
三重區,左岸瀾庭,興德路,璞園建設股份有限公司,79,住宅區、商業區,G3：店舖，G2：辦公室，H2：集合住宅,鋼筋混凝土造,1120526,自售:1120601~1131231;,五谷王段106地號,1090526,107重建字第00352-1號,,QPPNMLQLNHIGFGF09DG
中和區,昱建PARK,中安段,臺億築經理股份有限公司,6,商業區,一般事務所,鋼筋混凝土構造,1120530,自售:1120601~1121231;,中安段42-1地號,1101018,110中建字第00502號,1140724,QPPNMLKMNHIGFHF68DG
三重區,自由綠洲,頂崁街210巷66弄,德裕建設股份有限公司,327,住宅區,G3店鋪、H2集合住宅,鋼筋混凝土造,1120604,自售:無;代銷:1120602~1130601;,三重段57地號,1120601,112重建字第00188號,,UPPNMLOJOHIGFGF56DG
板橋區,晶合豐川,長安街168巷10弄,晶合建設股份有限公司負責人:簡榮耀,61,住宅區,H2集合住宅,鋼筋混凝土造,1120605,自售:無;代銷:1120524~1130523;現場可銷售起算12個月;,海山段1269地號,1120526,112板建字第00180號,,QPPNMLPJOHIGFAF28DG
泰山區,地景富邑,明志路一段213號,富麗旺建設股份有限公司,136,商業區,店鋪、住宅,鋼筋混凝土構造、鋼骨鋼筋混凝土構造,1120614,自售:無;代銷:1120501~1130430;,黎明段69地號,1111124,111泰建字第00483號,,RPPNMLOKOHIGFBF48DG
三重區,拾初明昕,福德北路,拾初建設有限公司,21,商業區,G-3店鋪、H-2集合住宅,鋼筋混凝土造,1120614,自售:1120614~1140630;,福德北段1257地號,1120418,112重建字第00129號,,G1FG1120614000100
三重區,大有豐光,頂崁街210巷與中正北路560巷100弄,安信建築經理股份有限公司,66,住宅區,G-3:一般零售業、H-2:集合住宅,鋼筋混凝土造,1120615,自售:無;代銷:1120501~1130430;,三重段4地號,1090311,109重建字第00118號,1140715,QPPNMLPKOHIGFGF98DG
三重區,陸江澐莊,環河北路二段及元信二街交叉口,陸江建設股份有限公司,84,住宅區,H2集合住宅,鋼筋混凝土構造,1120615,自售:無;代銷:1111019~1121231;,仁信段3地號,1120530,112重建字第00182號,,G1FG1120615000100
板橋區,觀翠,華江一路,九泰欣業股份有限公司,58,商業區,集合住宅(H2)，店鋪(G3)，一般事務所(G2),鋼筋混凝土造,1120616,自售:1120717~1121231;,江翠段178地號,1110323,111板建字第00120號,1130926,G1FA1120616000100
林口區,長耀 i PARK,民族路與文化三路617巷口,立鵬資產股份有限公司,117,第五種住宅區,G3日用品零售業、H2集合住宅,鋼筋混凝土構造,1120626,自售:無;代銷:1120630~1151231;,力行段983地號,1120526,112林建字第00179號,,QPPNMLQLOHIGFBF68DG
五股區,新花開,登林路67號,佳榮泰建設開發股份有限公司,70,住宅區,集合住宅、店鋪,鋼筋混凝土造,1120628,自售:無;代銷:1120630~1130629;,登林段837地號,1120626,112股建字第00219號,,QPQNMLSLOHIGFBF88CG
三重區,市政官邸2號,神農街256號對面,愛山林建設開發股份有限公司,241,住宅區,G3-店鋪、H2-集合住宅,鋼筋混凝土造,1120703,自售:無;代銷:自申報核准後至售罄;,五谷王段160地號,1120621,112重建字第214號,,TPTNMLNJPHIGFGF76CG
土城區,有富藍玉,學府路二段,有富資產管理股份有限公司,60,第二種住宅區,G3店鋪、H2集合住宅,鋼筋混凝土造,1120704,自售:無;代銷:1120701~1131231;112~113年;,明德段98地號,1111006,111土建字第00415號,,QPPNMLOJPHIGFAF28DG
土城區,一品學苑,青福街,統一工商綜合區開發股份有限公司,170,第二種住宅區,H2集合住宅,鋼筋混凝土造,1120707,自售:無;代銷:1120705~1130704;建照取得日起計壹年;,明德段288地號,1120705,112年土建字第00229號,,TPQNMLRJPHIGFAF98DG
中和區,宜安三六,保健路76巷,廣鴻建設股份有限公司,37,住宅區,見其他登記事項集合住宅店鋪,鋼筋混凝土造,1120711,自售:無;代銷:1120601~1130531;店面式銷售;,安平段603地號,1120703,112中建字第00228號,,RPPNMLLKPHIGFHF78CG
三芝區,山之花墅B區,忠孝街,合漢建設股份有限公司(負責人:楊貴女),24,住宅區,住宅(H2),鋼筋混凝土構造,1120712,自售:1120730~1150729;,茂長段1271-16地號,1120327,112芝建字第00086號,,G1FE1120712000100
三重區,莘聖沐光居,六張街188號,莘聖建設股份有限公司,16,住宅區,社區住宅,RC,1120714,自售:1120715~1130731;無;,新海段805地號,1120627,112年重建字第00222號,,QPPNMLOKPHIGFGF88CG
新莊區,曉西園,碧江街18號旁,新大房建設股份有限公司負責人:賴瑞昌,44,住宅區、商業區,(H2)集合住宅,鋼筋混凝土造,1120719,自售:無;代銷:1120801~1130731;,文德段235地號,1120224,111莊建字第00106-01號,,TPQNMLTKPHIGFBF76DG
林口區,盛德藝,八德路500巷,盛德建設股份有限公司,63,第二種住宅區,集合住宅,鋼筋混凝土構造,1120721,自售:無;代銷:1120701~1130930;,建林段640地號,1120717,112林建字第000245號,1141121,QPRNMLLLPHIGFBF38CG
新莊區,嘉學.,富貴路,信義開發股份有限公司,100,第二種住宅區,H2集合住宅、G3店鋪,鋼筋混凝土造,1120721,自售:無;代銷:1120801~1130430;,副都心段一小段110地號,1110620,111莊建字第00241號,,G1FB1120721000400
中和區,忠孝芯城,忠孝街62巷,臺億建築經理股份有限公司,113,住宅區,集合住宅,鋼筋混凝土造,1120721,自售:無;代銷:1120801~1121231;,華新段239地號,1110519,111中建字第00226號,,QPPNMLLLPHIGFHF88DG
淡水區,佳瑞向上,義山路一段401巷,佳瑞建設股份有限公司(負責人：廖盈貴),166,第六種住宅區,G3：日用品零售或服務業，H2：集合住宅,鋼筋混凝土構造,1120726,自售:無;代銷:1120525~1140525;,新市段111地號,1110302,111淡建字第00089號,,G2FE1120726000302
三重區,富麗天景,水漾路一段與捷運路22巷交叉口,元泰鼎開發股份有限公司,167,商業區,一般事務所、店舖、集合住宅,鋼筋混凝土造、鋼骨鋼筋混凝土造,1120727,自售:即日起至銷售完成;,三重段275地號,1100526,110重建字第00252-01號,,TPPNMLRLPHIGFGF96CG
三重區,風華雙城匯,成功路50巷及成功二街交叉口,億德建設股份有限公司,76,住宅區,(H2)集合住宅,鋼筋混凝土,1120807,自售:1120804~1140803;,三重段418地號,1120802,112重建字第00270號,,RPPNMLRJQHIGFGF66CG
淡水區,伊豆莊園,竹林路161號旁,東泰國際建設股份有限公司(代表人:李瑞珠),169,第一種住宅區,集合住宅,鋼筋混凝土構造,1120810,自售:無;代銷:1101015~1130731;,馬偕段91地號,1120414,111淡建字第00263-01號,,SPQNMLKKQHIGFEF78DG
新莊區,是東騰,昌德街,東騰開發股份有限公司,64,新北市,集合住宅(第二種住宅區),鋼筋混凝土構造,1120816,自售:無;代銷:1120820~;全棟委託銷售;,副都心段一小段140地號,1120728,112莊建字第260號,,QPPNMLQKQHIGFBF68CG
金山區,築麗園,文化段1046地號,毅錩建設股份有限公司,67,第二種住宅區,集合住宅,鋼骨鋼筋混凝土構造,1120823,自售:1120913~1130912;,文化段1046地號,1120719,112金建字第00247號,,G1FD1120823000100
板橋區,謙和文化博,民生路二段226巷6弄1號,謙和資產管理顧問股份有限公司,111,住宅區,住家用,鋼筋混凝土造,1120824,自售:無;代銷:1120401~1121231;,文化段993地號,1120815,112板建字第00290號,,QPPNMLOLQHIGFAF48CG
淡水區,水美慕河,中正東路一段47號旁,崇陽開發股份有限公司負責人：周水美,126,住宅區(四),集合住宅,鋼筋混凝土構造,1120825,自售:無;代銷:進場日起16個月內;,海鷗段763地號,1120811,112淡建字第00277號,,QPPNMLPLQHIGFEF98CG
八里區,馥桂園,龍米路二段117巷22-26號,秉蓁建設開發有限公司負責人：吳進山,14,住宅區,H2集合住宅,鋼筋混凝土構造,1120825,自售:無;代銷:1120825~1131231;,龍米段572地號,1080329,108八建字第00127號,,G1FE1120825000200
汐止區,金湖漾,民族二街30巷22號,力德建設股份有限公司,13,第二種住宅區,住家用,鋼骨構造,1120830,自售:1120915~1121031;,金龍段476地號,1120518,112汐建字第00171號,,SPQNMLKMQHIGFDF88DG
淡水區,水天靚2,沙崙路331號旁,麥當勞建設股份有限公司(負責人:林家慶),52,住宅區,集合住宅(H2)，店鋪(G3),鋼筋混凝土構造,1120830,自售:無;代銷:1120706~自完售止;至領取使照6個月止;,望高樓段100地號,1070403,107淡建字第00150號,1140408,G2FE1120830000202
淡水區,Park99,義山路401巷,佳陞建設股份有限公司 負責人:彭仁煥,99,第六種住宅區,G3:日用品零售或服務業、H2:集合住宅,鋼筋混凝土構造,1120830,自售:無;代銷:1120807~1130806;,新市段113地號,1110120,109淡建字第00589-01號,1131204,G2FE1120830000400
淡水區,水天靚,沙崙路331號旁,麥當勞建設股份有限公司(負責人:林家慶),71,住宅區,集合住宅(H2)，住宅(H2)，店鋪(G3),鋼筋混凝土構造,1120830,自售:無;代銷:1120706~自完售止;至領取使照6個月止;,望高樓段97地號,1100205,107淡建字第00276-01號,1140505,SPPNMLKMQHIGFEF88DG
永和區,樂華新苑,自強街1巷,合眾建築經理股份有限公司,12,住宅區,集合住宅,鋼筋混凝土造,1120901,自售:1120710~1130710;,大新段478地號,1120106,112永建字第00003號,,G2FH1120901000200
泰山區,勝輝凰邸,坡雅路,冠弈建設股份有限公司,32,第三種住宅區,集合住宅(H2)、店鋪(G3),鋼筋混凝土構造,1120904,自售:無;代銷:1120621~1130620;建照取得後日起算一年止;,信華段五小段5地號,1120612,112泰建字第00207號,,SPRNMLOJRHIGFBF98DG
林口區,長虹雲創科技商務大樓,文化三路2段,長虹建設股份有限公司,140,中心商業區,商業用,鋼骨構造,1120905,自售:無;代銷:1120823~1140930;至取得使用執照後6個月;,力行段206地號,1110118,111林建字第00025號,,G1FB1120905000100
樹林區,米蘭大苑,復興路,成美開發建設有限公司代表人胡思僩,16,乙種工業區,工廠、一般零售業,鋼筋混凝土構造,1120905,自售:無;代銷:自公開日起算一年止;,復興段451地號,1110316,111樹建字第00110號,1140519,G1FI1120905000100
板橋區,日安 TOKYO,板城路與藝文二街交叉口,茂德建設股份有限公司負責人:林則奘,328,商業區,G2一般事務所、G3店鋪、H2集合住宅,鋼筋混凝土構造,1120907,自售:無;代銷:1121001~1130930;,永翠段28地號,1120802,112板建字第00264號,,G2FA1120907000103
五股區,紘盛逸居,御成路5號等,紘盛建設股份有限公司,96,住宅區,集合住宅、公共服務空間、停車空間、店鋪,鋼筋混凝土構造,1120908,自售:1120908~1130908;,御史段460地號,1090330,109股建第00141號,1130119,G1FB1120908000100
新店區,築康安安,安康路三段128號旁,築康建設股份有限公司,46,已開發建築密集地區,H2集合住宅、G3店鋪,鋼筋混凝土構造,1120911,自售:無;代銷:112.08.26~全案銷售完畢止;,安城段762-1地號,1121127,111店建字第00256-2號,,SPPNMLLKRHIGFCF68DG
新莊區,蒲陽富都心,中原路中富街口,蒲陽建設股份有限公司,170,第一種住宅區,集合住宅.店鋪,鋼筋混凝土造,1120911,自售:無;代銷:1120916~1140916;,副都心段六小段23地號,1120829,112莊建字第00309號,,RPSNMLLKRHIGFBF68CG
淡水區,築家,沙崙路201巷,富庭峰建設股份有限公司負責人：葉益成,14,住宅區,H2集合住宅,鋼筋混凝土構造,1120912,自售:合約書審查通過後;,仁愛段16地號,1120619,112淡建字第00208號,1141201,G1FE1120912000100
三重區,世界芯A棟,捷運路19巷,中興電工機械股份有限公司,59,住宅區,店面.住宅,鋼筋混凝土造.鋼骨造,1120913,自售:無;代銷:1120717~1140716;到完銷;,成功段749地號,1101227,110重建字第00640號,,QPPNMLNKRHIGFGF98CG
淡水區,森原樹?樹之丘,民生路117巷,森原建設股份有限公司(負責人:曹尚憲),152,第一種住宅區,H2:集合住宅,鋼筋混凝土構造,1120913,自售:無;代銷:1120915~1131231;,馬偕段425地號,1111230,111淡建字第00517號,,QPPNMLNKRHIGFEF88DG
三重區,世界芯B棟,捷運路19巷,中興電工機械股份有限公司,79,住宅區,店面.住宅,鋼筋混凝土造.鋼骨造,1120915,自售:無;代銷:1120717~1140716;到完銷;,成功段714地號,1100924,110重建字第00470號,,QPPNMLPKRHIGFGF56CG
土城區,泱美,中央路四段52巷,皇翔建設股份有限公司,281,住宅區,G3店舖、G2一般事務所、H2集合住宅,鋼筋混凝土造,1120915,自售:無;代銷:1120901~1140831;,運校段505地號,1110621,111土建字第00245號,,QPPNMLPKRHIGFAF68DG
三重區,都廳大院2,五谷王南街1號旁,頂率開發股份有限公司,1626,特定專用區,店鋪、集合住宅,鋼筋混凝土造,1120918,自售:無;代銷:1120915~1140914;,中興段1441地號,1120915,112重建字第00321號,,UPPNMLSKRHIGFGF37DG
新店區,馥桂吉第,自由街19、21號,馥桂建設股份有限公司,27,住宅區,H2集合住宅,鋼筋混凝土造,1120920,自售:無;代銷:1120902~1130803;,中正段580-1地號,1120804,112店建字00269號,,QPPNMLKLRHIGFCF48DG
新莊區,勝旺居,福前街63巷、中原東路89巷交叉路口,勝旺建設股份有限公司,153,第二種住宅區,H2集合住宅、G3店鋪,鋼筋混凝土造,1120923,自售:無;代銷:1121002~1130930;,中原段207地號,1101203,110莊建字第00609號,1141119,G2FB1120923000100
永和區,詠和頌,中正路662巷1號,琉璃居建設有限公司,26,商業區,G3店鋪、G2一般事務所、H2集合住宅,鋼筋混凝土造,1120925,自售:1121001~1130331;,國光段652地號,1120112,112永建字第00015號,,SPPNMLPLRHIGFHF07DG
土城區,馥華之丘-四季,青福街,馥羽開發建設股份有限公司,467,第二種住宅區,H2集合住宅、G3店鋪、G3飲食店,鋼筋混凝土構造,1120925,自售:無;代銷:1121015~1140330;,明德段235地號,1111226,111土建字第00509號,,TPQNMLPLRHIGFAF56DG
板橋區,久泰宸品,新北市板橋區文化路二段、仁化街口,久泰建設股份有限公司,264,第二種住宅區,集合住宅(H2),鋼筋混凝土造,1120926,自售:1121016~1131015;,環翠段12地號,1110927,111板建字第00398-01號,,G1FA1120926000202
新莊區,國泰·旭,榮華路一段/昌學街口,國泰建設股份有限公司,93,第二種住宅區,G3店舖、H2集合住宅,鋼筋混凝土構造,1120926,自售:無;代銷:1130101~1140101;,副都心段一小段102地號,1120607,112莊建字第00192號,,TPPNMLQLRHIGFBF56CG
新店區,湯泉綠中海2,安祥路,寶源開發股份有限公司,131,山坡保育區丙種建築用地,H2集合住宅,鋼筋混凝土造,1120927,自售:無;代銷:1120915~1130914;,香坡段308-5地號,1120713,112店建字第00181號,,QPPNMLRLRHIGFCF09CG
林口區,福樺富貴莊園,富貴路,福樺建設股份有限公司負責人:丁章權,65,中心商業區,住商用,鋼筋混凝土造,1120928,自售:無;代銷:1121216~1140615;,力行段167地號,1120814,112林建字第00278號,,QPPNMLSLRHIGFBF09CG
三重區,日日囍,長榮路55號,群豐開發股份有限公司,48,住宅區,集合住宅、一般事務所,鋼筋混凝土造,1121002,自售:無;代銷:1120916~1130731;,長壽段1107地號,1090330,109重建字第00143號,1140304,G2FG1121002000400
林口區,優學,佳林路,合軒建設有限公司       林瑩珊,93,鄰里商業區、第二種住宅區,G3一般零售業、H2集合住宅,鋼筋混凝土造,1121004,自售:1130401~1150401;,新林段1095地號,1111018,111林建字第00452號,,QPPNMLOJIIIGFBF67CG
三重區,寶和妍稙,正德街67號,寶和建設股份有限公司，，負責人:張應偉,18,住宅區,H2:集合住宅  G3:店鋪,鋼筋混凝土構造,1121004,自售:無;代銷:1120901~1130131;112/8/15~113/1/145個月;,德新段138地號,1120818,112重建字第00283號,,RPQNMLOJIIIGFGF38CG
汐止區,星野之森-沐嵐,新台五路二段238巷1號對面,臺億建築經理股份有限公司,68,住宅區,住商用,鋼筋混凝土造,1121004,自售:無;代銷:1120901~1130831;,水源段1063地號,1120614,108汐建字第00108-02號,,QPPNMLOJIIIGFDF87CG
泰山區,國鉅興,信華六街與莊泰路交叉口,國鉅開發建設股份有限公司,114,第三種住宅區,G3:店鋪，H2:集合住宅,鋼筋混凝土構造,1121005,自售:無;代銷:1120501~1130430;,信華段五小段39地號,1120901,112泰建字第00306號,,QPPNMLPJIIIGFBF87DG
新店區,幸福?,安康路三段571巷,及福建設股份有限公司,68,住宅區,H2集合住宅,鋼筋混凝土造,1121006,自售:無;代銷:1120701~1131231;,錦秀段763地號,1110916,106店建字第00352-01號,1140208,QPPNMLQJIIIGFCF97CG
板橋區,科達琢真文化,新北市板橋區民治街49號旁,科達建業建設股份有限公司,96,住宅區,住家用,鋼筋混凝土造,1121011,自售:無;代銷:1121201~1131231;承攬期間已完銷為準僅銷售地主分回之戶別;,江子翠段第三崁小段163地號,1120418,112板建字第00127號,,SPPNMLLKIIIGFAF67DG
新店區,晴山?V期四季莊園,青山路399巷路口,鈺宇建設股份有限公司,11,風景區,H2集合住宅,鋼筋混凝土造,1121018,自售:無;代銷:1121015~1131014;,安康段1286地號,1120721,112店建字00267號,1140925,G2FC1121018000100
新店區,恆合文?,三民路,恆合建設股份有限公司,54,第四種住宅區,H2集合住宅、G3店鋪,鋼筋混凝土造,1121024,自售:1121023~1151023;代銷:1121023~1130501;,中正段169地號,1120914,112店建字第00335號,,QPPNMLOLIIIGFCF97CG
新店區,碧澄市,青山路,合眾建築經理股份有限公司,18,風景區,集合住宅,鋼筋混凝土構造,1121026,自售:1121026~1141025;,安康段1601地號,1120915,108店建字第00314號,,TPQNMLQLIIIGFCF68DG
五股區,成泰美,成泰路一段189巷,合登建設股份有限公司,183,住宅區,集合住宅,鋼筋混凝土構造,1121026,自售:無;代銷:1121001~1140930;,德音段110地號,1110818,111股建字第00342號,,G1FB1121026000100
林口區,寶閣,中北三街138巷與中北三街交接口,擇林建設股份有限公司負責人:羅國棟,35,第二種住宅區,(G3)一般零售業、(H2)集合住宅,鋼筋混凝土構造,1121027,自售:無;代銷:1121001~1130930;,麗林段278地號,1120809,112林建字第00275號,,G1FB1121027000100
土城區,寶磊3,千歲路,北陸開發有限公司,75,乙種工業區,C2:工廠,鋼筋混泥土,1121101,自售:無;代銷:1130501~1140630;,忠義段388地號,1100719,110土建字第00329號,1141021,G2FA1121101000103
淡水區,萬企君品-上善區,新民街32號旁邊,萬企建設股份有限公司負責人：吳佳璋,83,住宅區,G3:店鋪H2:集合住宅,鋼筋混凝土構造,1121108,自售:無;代銷:至取得使用執照;,大義段923地號,1120713,112淡建字第00237號,,QPPNMLSJJIIGFEF58DG
蘆洲區,喜福匯六期,三民路483~493號,祥旭龍實業有限公司,58,住宅區,H2-集合住宅 G3-店舖,鋼筋混凝土造,1121109,自售:本案結構體已完成預計113年8月可取得使用執照
自完成備查之日起至完銷之日止;,正義段16地號,1100823,110蘆建字第00407號,1131007,QPQNMLTJJIIGFGF88CG
鶯歌區,富御昕,鳳五路與龍五路路口,新月建設股份有限公司,40,第二種住宅區,H2:集合住宅、G3:一般零售業,鋼筋混凝土構造,1121111,自售:無;代銷:1121001~1130930;,鳳鳴段177地號,1100706,110鶯建字第00313號,,G2FI1121111000200
板橋區,和岩誼居,存德街,僑馥建築經理股份有限公司,13,第一種住宅區,集合住宅,鋼筋混凝土構造,1121113,自售:1130101~1141231;,民生段75地號,1100324,110板建字第00149號,,QPQNMLNKJIIGFAF77CG
土城區,和耀美居,中央路4段125巷內,和耀建設股份有限公司,60,住宅區,G3:店鋪，H2:集合住宅,鋼筋混凝土構造,1121117,自售:無;代銷:1120901~1131101;,永福段90地號,1110803,111土建字第00312號,1141001,G1FA1121117000200
永和區,頂溪大苑,中山路一段,永邑豐建設股份有限公司,268,住宅區、商業區,店舖、辦公室、集合住宅,鋼骨構造,1121122,自售:無;代銷:1120901~1150531;112年09月01日?115年05月31日;,信義段422地號,1121113,112永建字第00386號,,RPPNMLMLJIIGFHF58DG
蘆洲區,中山．極,中山二路46巷9號,極鼎建聯股份有限公司,22,住宅區、商業區,Ｇ３店鋪、Ｈ２集合住宅,鋼筋混凝土構造,1121122,自售:無;代銷:1120726~1140731;,成功段664地號,1121025,112蘆建字第00363號,,TPPNMLMLJIIGFGF58CG
新店區,中央一邸,中央一街41號,天鈺開發建設有限公司,8,第四種住宅區,H2集合住宅,鋼筋混凝土造,1121129,自售:1121121~1141121;,中央段1223地號,1120911,110店建字第00138-01號,,TPPNMLTLJIIGFCF88CG
板橋區,J12,重慶路93巷,喬邦開發股份有限公司,89,商業區,H2：集合住宅，G2：一般事務所，G3店鋪（＜500平方米）,鋼筋混凝土,1121201,自售:無;代銷:1121201~1130229;,介壽段1061地號,1121129,112板建字第00410號,,QPQNMLLJKIIGFAF67DG
板橋區,海山皇郡,漢生東路279巷,皇郡建設股份有限公司,51,住宅區,日用品零售業、集合住宅,鋼筋混凝土構造,1121201,自售:無;代銷:1130101~1130930;依預售屋定型化契約備查核准之日起;,海山段1721地號,1120609,112板建字第00191號,,SPPNMLLJKIIGFAF67CG
淡水區,山河帝寶2號,紅樹林路及中正東路25巷,甲山林建設股份有限公司,46,第一種住宅區,H2集合住宅,鋼筋混凝土構造,1121211,自售:無;代銷:1121211~自完售止;至本案使用執照取得後六個月;,海天段67-2地號,1120804,112淡建字第00268號,,QPPNMLLKKIIGFEF97CG
土城區,台信琢岳,明德段11-1地號等5筆,台信建設有限公司,128,第二種住宅區,H2集合住宅、G3店鋪,鋼筋混凝土造,1121219,自售:1130101~1141231;,明德段11-1地號,1121101,112土建字第00368號,,RPPNMLTKKIIGFAF48CG
三重區,市政官邸3號,五谷王北街、五谷王北街75巷交叉口,愛山林建設開發有限公司；乾富建設股份有限公司,345,住宅區,G3-店鋪、H2-集合住宅,鋼筋混凝土構造,1121220,自售:無;代銷:至使照取得後六個月。;,五谷王段310地號,1121020,112重建字第357號,,QPPNMLKLKIIGFGF18CG
鶯歌區,宏苑 The One,龍七路,宏瑋基建設股份有限公司負責人:林紀宏,116,第二種住宅區,G3-店鋪、H2-集合住宅,鋼筋混凝土構造,1121222,自售:無;代銷:1121201~自完售止;全數售完為止;,鳳鳴段290-1地號,1111216,111鶯建字第00497號,,RPRNMLMLKIIGFIF98DG
三重區,陸江和,永福街232號旁,鷺江建設股份有限公司 負責人：簡來發,52,住宅區,集合住宅,鋼筋混凝土構造,1130102,自售:1130102~1150101;,永安段1102地號,1120203,112重建字第00029號,,TPPNMLMJJHJGFGF38CG
林口區,亞昕森匯·天匯(森匯),信義路與吉祥路交叉口,亞昕國際開發股份有限公司及益昕投資股份有限公司,364,中心商業區,G2：一般事務所、G3：店舖（≦500 m?）、H2：集合住宅,鋼筋混凝土構造,1130105,自售:無;代銷:至使用執照取得6個月止;,力行段174地號,1121229,112林建字第00453號,,QPPNMLPJJHJGFBF97DG
三重區,RiVER PARK,新北大道一段 忠孝路三段口,三重置業地產股份有限公司,301,住宅區,G3店鋪 H2集合住宅,鋼筋混凝土造,1130108,自售:無;代銷:1110518~1150520;自簽約日起至115年5月20日止契約期間屆滿得經雙方協議延長之;,三重段174地號,1120505,112重建字第00155號,,G1FG1130108000200
林口區,亞昕森匯·天匯(天匯),信義路與吉祥路交叉口,亞昕國際開發股份有限公司及益昕投資股份有限公司,364,中心商業區,G2：一般事務所、G3：店舖（≦500 m?）、H2：集合住宅,鋼筋混凝土構造,1130109,自售:無;代銷:使用執照取得6個月止;,力行段174地號,1121229,112林建字第00453號,,QPPNMLTJJHJGFBF38DG
新莊區,勝華寓,福美街128巷25號旁,勝華建設有限公司,62,第二種住宅區,H2集合住宅,鋼筋混凝土造,1130112,自售:無;代銷:1130101~1131231;,中原段65地號,1101219,110莊建字第00648號,1140610,G2FB1130112000102
林口區,立軒天邸,文化三路二段與文化三路二段41巷交叉口,玥軒開發建設股份有限公司負責人：陳銘鴻,144,第五種住宅區,H2集合住宅、G2日用品零售業、G3一般零售業,鋼筋混凝土造,1130116,自售:無;代銷:1130110~1140109;,力行段570地號,1130115,113林建字第00010號,,G1FB1130116000100
鶯歌區,金和昌仰沐,鶯歌路,金和昌建設有限公司,49,第二種住宅區,集合住宅(H2)、店鋪(G3),鋼筋混凝土構造,1130118,自售:1130601~自完售止;全案售罄;,鳳鳴段271地號,1120719,112鶯建字第00246號,,G1FI1130118000202
新店區,德孚琉玉,中央四街,德孚建設股份有限公司,6,第四種住宅區,集合住宅,鋼筋混凝土構造,1130123,自售:1130124~1140131;,中央段1092地號,1120627,112店建字第00022-01號,,G1FC1130123000108
林口區,長虹天聚,中山路與民權路路口,長虹建設股份有限公司 等四人,486,第五種住宅區,集合住宅、一般零售業、日用品零售,鋼筋混凝土造,1130124,自售:無;代銷:1120922~1140930;,力行段281地號,1110624,111林建字第00253號,,G2FB1130124000202
三重區,寶石睿岳,成功路,甲鴻建設股份有限公司,121,住宅區,H2:集合住宅,鋼筋混凝土構造,1130125,自售:無;代銷:1130301~1150831;公設完成日後起算兩年止;,三重段307地號,1060918,106重建字第00317號,1140430,G2FG1130125000203
板橋區,Hello Win 迎家,松柏街22巷2號,鈞美建設股份有限公司,38,住宅區,店鋪、集合住宅,鋼筋混凝土造,1130125,自售:無;代銷:1130113~1140112;,江子翠段第二崁小段156-30地號,1121218,112板建字第00447號,,QPPNMLPLJHJGFAF97CG
五股區,蒔光,新城八路,三多立建設開發股份有限公司,47,商業區,店鋪 集合住宅,鋼筋混凝土造,1130126,自售:無;代銷:1130115~銷售完畢
代理銷售;,芳洲段94地號,1091230,106股建字第00411-01號,1140919,G2FB1130126000200
五股區,香寓,新城八路,仙都建設有限公司負責人:游愷瑩,70,住宅區,一般零售業，辦公室，集合住宅,鋼筋混凝土造,1130126,自售:無;代銷:1130115~銷售完畢
代理銷售;,芳洲段27地號,1090727,107股建字第00252-01號,,G2FB1130126000100
金山區,合唐焞晶,忠孝一路與福德街交叉口,合唐工程顧問有限公司,27,第二種住宅區,H2集合住宅、G3店舖,鋼筋混凝土構造,1130129,自售:1130315~1131231;,金山二段3地號,1100609,110金建字第00262號,,G2FD1130129000107
新莊區,碧瑤敦灃,榮華路一段.昌德街,帝寶開發股份有限公司,188,第二種住宅區,G3:店鋪、F3:幼兒園、H2:集合住宅,鋼筋混凝土構造,1130131,自售:無;代銷:1130125~1141231;,副都心段一小段228地號,1130123,113莊建字第00039號,,TPPNMLLMJHJGFBF18DG
板橋區,樂富家,中正段432及433地號,忠茂建設開發股份有限公司,18,第一種住宅區,集合住宅,鋼筋混泥土構造,1130131,自售:1130101~1131231;無;,中正段432地號,1120428,112板建字第00142號,,SPPNMLLMJHJGFAF87CG
土城區,AIT禾運智價園區,沛陂段150地號,禾運開發股份有限公司,36,甲種工業區,工業用廠辦(C-2工廠),鋼筋混凝土造,1130205,自售:無;代銷:1140801~1150731;至銷售完畢;,沛陂段150地號,1121019,112土建字第355號,,G1FA1130205000103
五股區,幸福享享,成泰路577巷80弄,茂德建設股份有限公司、德裕建設股份有限公司,111,住宅區,G3店鋪 H2集合住宅,鋼筋混凝土造,1130205,自售:無;代銷:1130201~1150221;二年;,成蘆段958地號,1121120,112年股建字第00396號,,ZPPNMLPJKHJGFBF98DG
三重區,敦美集,重陽路一段43巷,敦美開發建設股份有限公司,149,商業區,集合住宅、店舖,鋼筋混凝土構造,1130206,自售:無;代銷:1130206~1150205;,過田段895地號,1120717,112重建字第00241號,,UPPNMLQJKHJGFGF98CG
新莊區,文華苑,中原路與中華路交叉口,中德建設股份有限公司 負責人:吳永乾,170,第二種住宅區,G3店鋪、H1公益設施(托老中心)、H2集合住宅,鋼筋混凝土造,1130207,自售:無;代銷:1130318~1140318;,副都心段一小段202地號,1130123,113莊建字第00028號,,G2FB1130207000100
林口區,聿翔沐風,民族路,聿翔建設股份有限公司負責人：徐明潔,51,第二種住宅區,G3一般零售業、G2事務所及工商服務業、H2集合住宅,鋼筋混凝土造,1130221,自售:銷售人員進場後至全案銷售完畢;代銷:銷售人員進場後至全案銷售完畢;,力行段1233地號,1121122,112林建字第00400號,,QPQNMLLLKHJGFBF87CG
五股區,微風水漾,成洲七路,福茂開發股份有限公司,90,住宅區,集合住宅(H-2),鋼筋混凝土構造,1130221,自售:無;代銷:1130101~1141231;,成州段5地號,1110120,111股建字第00031號,1141114,G1FB1130221000100
三重區,鼎藏豐碩,集賢路,築億建設股份有限公司 負責人何冠霖等四人,99,住宅區,店鋪集合住宅,鋼筋混凝土構造,1130227,自售:無;代銷:1130501~1150501;至銷售結束;,富貴段721地號,1121225,112重建字第00439號,,UPUNMLRLKHJGFGF27DG
蘆洲區,鴻悅玖馥,九芎街102號旁,鴻悅建設股份有限公司,33,住宅區,店鋪、集合住宅,鋼筋混凝土造,1130306,自售:1130315~1150315;,光華段1388地號,1111227,112蘆建字第00014號,,QPPNMLQJLHJGFGF78DG
泰山區,寶偉遇花園,明志路二段74巷,寶偉建設有限公司，負責人:魏鴻素,84,住宅區,集合住宅(H2),鋼筋混凝土構造,1130307,自售:無;代銷:1111115~1131231;,明志段159地號,1130226,113泰建字00066號,,SPPNMLRJLHJGFBF58DG
林口區,富堡晶鑄,文化三路一段39巷,富棠建設股份有限公司,186,第五種住宅區,G3一般零售業、G3日用品零售業、H2集合住宅,鋼筋混凝土構造,1130308,自售:無;代銷:1130301~1150831;,建林段444地號,1120714,112林建字第00239號,,RPPNMLSJLHJGFBF58DG
三重區,公園66,水漾路二段,茂德建設股份有限公司、德裕建設股份有限公司,337,住宅區,G3店鋪、H2集合住宅,鋼筋混凝土造,1130311,自售:無;代銷:1140417~1150417;,三重段66地號,1120718,112重建字第00249號,,ZPQNMLLKLHJGFGF76DG
三重區,公園yoyo,頂崁街206巷,漢翔開發股份有限公司、樂利開發股份有限公司,207,住宅區,H2集合住宅、G3店鋪,鋼筋混凝土造,1130311,自售:無;代銷:1140417~1150417;,三重段82地號,1120619,112重建字第00212號,,YPPNMLLKLHJGFGF56DG
土城區,彩桐莊園,南天母路67號對面,宏燊投資有限公司(負責人:李志中),29,風景區,H2集合住宅,鋼筋混凝土構造,1130312,自售:無;代銷:1130101~1131231;,南天母段709地號,1120501,112土建字00144號,,G2FA1130312000300
三重區,光曜,正義南路與電信街口,光世代建設開發股份有限公司（負責人：張世忠）,84,住宅區（特）,店鋪、集合住宅,鋼筋混凝土構造,1130312,自售:無;代銷:1130301~1140331;,大同南段1316地號,1101115,110重建字第00552號,,TPPNMLMKLHJGFGF78DG
土城區,花王企業智慧科技廠辦,中山路,花王企業股份有限公司,49,甲種工業區,C2-工廠,鋼筋混凝土構造,1130313,自售:無;代銷:1130401~1131231;,沛陂段141地號,1120727,112土建字第00254號,,G2FA1130313000101
三重區,新濠漾III-巴黎公園,頂文二街,合眾建築經理股份有限公司負責人：顏文澤,300,住宅區,H2集合住宅,鋼骨鋼筋混凝土構造,1130315,自售:無;代銷:1130401~1141231;代銷期間說明;,五谷王段109地號,1090526,109重建字第00230號,,QPPNMLPKLHJGFGF68CG
板橋區,耑芃,南雅南路二段,大陸建設股份有限公司，負責人:欣陸投資控股股份有限公司,158,住宅區,(H-2)集合住宅、社會住宅,鋼筋混凝土造,1130315,自售:無;代銷:簽約日至本標的全數銷售完成時止，並經雙方辦理完成結算時為合約期滿日;,新雅段1175地號,1130313,113板建字第00088號,,QPPNMLPKLHJGFAF08CG
三重區,謙宇玥華,田安里4鄰新北大道一段100巷,謙宇建設股份有限公司負責人:王儀諠,19,住宅區,H2-集合住宅,鋼筋混凝土構造,1130319,自售:1130401~1140331;,田安段220地號,1120410,112重建字第00149號,,QPPNMLTKLHJGFGF09CG
鶯歌區,國家新美院,育英街17巷,皇普建設股份有限公司,171,第一種住宅區,G3店鋪，H2集合住宅,鋼筋混凝土造,1130319,自售:無;代銷:1121121-全案售罄;,國慶段1321地號,1111115,111鶯建字第00474號,,G2FI1130319000200
中和區,METRO PARK,板南路,板南置業開發股份有限公司(負責人：林清樑),502,住宅區,店鋪、集合住宅、健身休閒、兒童福利、文教設施,鋼骨構造,1130320,自售:無;代銷:1110210~1161231;代銷契約期間為簽約日起至本案使照取得後六個月;,板南段621地號,1090416,109中建字第00179-01號,,QPPNMLKLLHJGFHF38CG
土城區,寶佳淳青,青和街,寶佳建設股份有限公司,240,第二種住宅區,H2集合住宅、G2店鋪,鋼骨鋼筋混凝土造,1130321,自售:無;代銷:1130320~1161231;,明德段360地號,1110729,109土建字第00450-01號,,G1FA1130321000200
板橋區,立信雙星,華江一路,立信建設股份有限公司,303,商業區,店鋪(G3)一般事務所(G2)集合住宅(H2),鋼筋混凝土造,1130321,自售:無;代銷:1130401~1150331;,江翠段182地號,1120718,112板建字第00243號,,QPPNMLLLLHJGFAF77CG
八里區,星禾苑,龍米路一段195巷旁,大漢建設股份有限公司負責人:賴銘煌,46,商業區,H2:住宅，G3:店鋪,鋼筋混凝土構造,1130322,自售:1130501~自完售止;自完售止;,龍米段1869地號,1140816,111八建字第00499-01號,,G1FE1130322000110
淡水區,伊豆莊園II,馬階段87地號等8筆,東建國際建設股份有限公司,236,第一種住宅區,H2:集合住宅,鋼筋混凝土構造,1130325,自售:無;代銷:1130301~1140731;,馬偕段87地號,1120823,112淡建字第00292號,,QPPNMLPLLHJGFEF58CG
土城區,新濠岳,福田路、中央路四段125巷交叉口,新濠建設事業股份有限公司負責人:江春美,693,住宅區,H2集合住宅,鋼骨混凝土造,1130325,自售:無;代銷:1130301~1141031;自1130301至可售戶銷售完畢;,永福段99地號,1121225,112土建字第00442號,,XPPNMLPLLHJGFAF88CG
五股區,立信-珠洲醴,新五路三段,立信建設股份有限公司,187,商業區,G3店鋪，G2一般事務所，H2集合住宅,鋼筋混凝土造,1130325,自售:無;代銷:1130401~1150331;,芳洲段105-2地號,1130130,113股建字第00036號,,QPPNMLPLLHJGFBF28CG
土城區,心上城2,中央路三段,晟元欣業股份有限公司,20,第一種住宅區,住家用,鋼筋混凝土造,1130326,自售:無;代銷:1130319~1140318;,大安段504地號,1110118,111土建字第00026號,,VPPNMLQLLHJGFAF78CG
蘆洲區,金世金典,長興路,僑馥建築經理股份有限公司,44,住宅區,店鋪集合住宅,鋼筋混凝土構造,1130402,自售:無;代銷:1130501~1140430;,正義段614地號,1111004,111蘆建字第431號,,G2FG1130402000105
鶯歌區,森鉅承,鳳福路  鳳七路口 鳳福路上,森鉅建設股份有限公司、安宏股份有限公司,218,第一種住宅區,G3店鋪、H2集合住宅,鋼筋混凝土構造,1130403,自售:1130301~1130430;代銷:1121101~1140331;,鳳鳴段26地號,1130118,113鶯建字第00018號,,G1FI1130403000103
土城區,有富寶玉,明德路1段,富義建設股份有限公司,76,第一種商業區,店舖  辦公室  集合住宅,鋼筋混凝土構造,1130412,自售:無;代銷:1130601~1140531;,明德段323地號,1121113,112土建字第00383號,,G1FA1130412000101
新莊區,妙佳人,新莊路276號,金東興建設股份有限公司,16,住宅區、商業區,店鋪.集合住宅,鋼筋混凝土構造,1130412,自售:1130412~1150630;,文德段652地號,1120808,112莊建字第00265號,,QPPNMLMKMHJGFBF97CG
板橋區,德鄰織樺,溪頭街,德鄰開發股份有限公司,25,住宅區,住家用,鋼筋混凝土造,1130415,自售:無;代銷:1130415~1141014;,江子翠段溪頭小段243-114地號,1120410,112板建字第00113號,,QPQNMLPKMHJGFAF28CG
三重區,大盛麗,頂崁街,冠弈建設股份有限公司,63,住宅區,G3:店鋪、G2辦公室、H2:集合住宅,鋼筋混凝土造,1130417,自售:無;代銷:建造執照取得起至全案銷售完畢為止;,三重段117地號,1130308,113重建字第0079號,,QPPNMLRKMHJGFGF09DG
三重區,信銓星宇廣場,重新路五段,信銓建設股份有限公司,235,商業區 乙種工業區,C2一般廠庫，G2辦公室，G3店鋪，H2集合住宅,鋼筋混凝土構造、鋼骨鋼筋混凝土構造,1130419,自售:無;代銷:雙方議定自本案接待中心完成之日或建造執照取得日(以最遲完成日起算日)起至本案使照取得後十二個月為止。;,中興段57地號,1130123,113重建字第00022號,,QPPNMLTKMHJGFGF56CG
中和區,大同新紀元,連城路與錦和路交叉口,大同資產開發股份有限公司,1384,捷運開發區,住家用、商業用,鋼骨,1130419,自售:無;代銷:正式公開日起36個月;,健康段478地號,1120824,112中建字第00289號,,SPPNMLTKMHJGFHF86CG
三峽區,青鳥之美,橫溪路99巷,嘉福開發股份有限公司(負責人：黃仁?),40,山坡地保育區丙種建築用地,集合住宅(H2),鋼筋混凝土構造,1130419,自售:無;代銷:1130327~1140131;正式銷售轉定日起8個月;,佳興段7-1地號,1120619,112峽建字第00210號,,QPPNMLTKMHJGFIF76CG
土城區,旭?SKY16時代廣場,承天路,旭?建設有限公司,62,乙種工業區,工廠,鋼筋混凝土造,1130422,自售:自113年4月10日起至使照取得翌日起滿3個月之日止;代銷:自113年4月10日起至使照取得翌日起滿3個月之日止;,永和段258-1地號,1120317,112土建字第00071號,,QPPNMLMLMHJGFAF97CG
淡水區,合謙耀時代,濱海路二段202巷、202巷65弄路口,合謙建設股份有限公司(負責人：黃偉誠),140,第六種住宅區,G3：日用品零售或服務業，H2：集合住宅,鋼筋混凝土構造,1130422,自售:無;代銷:1130101~1141231;,新市段185地號,1110826,111淡建字第00356號,,G1FE1130422000100
林口區,築禾忠孝苑,忠孝路,築禾建設股份有限公司負責人：黃劍輝,211,第五種住宅區,G3一般零售業日用品零售業、H2集合住宅,鋼筋混凝土構造,1130423,自售:無;代銷:1130401~1141231;,建林段59地號,1110428,111林建字第00164號,1141112,G1FB1130423000101
蘆洲區,新樸王樣,中央路,新樸建設有限公司(負責人:朱志民),126,商業區,住家用,鋼筋混凝土造,1130425,自售:1130425~自完售止;銷售完畢;,保和段405地號,1130417,113蘆建字第00125號,,QPQNMLPLMHJGFGF98CG
樹林區,舜記福砌,太順街96巷,舜記建設股份有限公司,23,第一種住宅區,H2集合住宅,鋼筋混凝土造,1130426,自售:無;代銷:1130201~1140131;從買賣合約書備查核准日起12個月止;,中華段145地號,1130411,113樹建字第00108號,,QPPNMLQLMHJGFIF56CG
板橋區,德鄰織漾,華江一路,德鄰建設股份有限公司,62,第二種住宅區,H2:集合住宅、G3:店鋪、B3:飲食店,鋼筋混凝土造,1130426,自售:無;代銷:1130415~1141014;,江翠段99地號,1130412,113板建字第00123號,,G1FA1130426000100
淡水區,合康植芯,濱海路二段202巷65弄56號旁,合康建設股份有限公司負責人:陳上賓,165,第六種住宅區,H2:集合住宅;G3:日用品零售或服務業,鋼筋混凝土構造,1130429,自售:無;代銷:1130226~1140930;,新市段181地號,1130226,111淡建字第00191-01號,,G1FE1130429000101
三重區,聯上琚川,環河北路二段仁義街101巷口,聯上開發股份有限公司：蘇永義,103,住宅區,集合住宅、店鋪,鋼筋混凝土構造,1130430,自售:無;代銷:1130215~1131115;自建照取得日起9個月為準;,仁信段18地號,1130112,113重建字第00005號,,G1FG1130430000200
板橋區,三輝白昀,新府路,安信建築經理股份有限公司,176,第一種特定專用區,G3店鋪 H2集合住宅,鋼骨鋼筋混凝土,1130430,自售:無;代銷:1130501~1141031;,中山段1779地號,1081113,108板建字第00492號,1140206,G2FA1130430000106
中和區,雋揚元創科技大樓,中板路25巷18號旁,雋揚國際股份有限公司 (負責人 : 侯嘉騏),45,乙種工業區,C2:一般廠房,鋼筋混凝土構造,1130503,自售:無;代銷:1130503~1200415;有含交屋服務至使照領得;,中原段258地號,1130501,113中建字第00146號,,QPPNMLNJNHJGFHF68CG
八里區,城市君臨,文昌二街,君鋐建設有限公司，負責人：鄭文章等三人,29,第二種住宅區,G3:店舖、H2:集合住宅,鋼筋混凝土構造,1130503,自售:自備查核準至銷售完畢;,中庄段98地號,1130313,112八建字第00418-01號,,G1FE1130503000100
三重區,宏燁文旅,三和路三段115號,宏燁建設股份有限公司,89,住宅區,G3店舖、H2集合住宅,鋼筋混凝土構造,1130503,自售:無;代銷:1130301~1140430;,仁興段2375地號,1130207,113重建字第00059號,,QPPNMLNJNHJGFGF58CG
林口區,小·學堂,民權路,春宏建設有限公司,43,第五種住宅區,一般零售業，集合住宅,鋼筋混凝土造,1130503,自售:1130515~1150515;,力行段499地號,1110624,111林建字第00252號,,G1FB1130503000100
板橋區,上上寀2,華江三路及華江二路口,村誠建設有限公司,256,商業區,店鋪，一般事務所,鋼筋混凝土造,1130508,自售:無;代銷:1130508~1140507;,江翠段2地號,1080701,108板建字地00264號,,QPQNMLSJNHJGFAF68DG
中和區,民有琚,民有街42號旁,金玖建設開發有限公司  負責人:涂金龍,34,住宅區,集合住宅、店鋪、辦公室,鋼筋混凝土構造,1130515,自售:1130501~1131231;,員山段98地號,1130328,113中建字第00110號,,QPQNMLPKNHJGFHF56DG
板橋區,衡沐,四維路177巷3弄與四維路137巷,大陸建設股份有限公司,127,住宅區,住家用,鋼筋混凝土造,1130515,自售:無;代銷:簽約日至本標的全數銷售完成時止，並經雙方辦理完成結算時為合約期滿日。;,江子翠段新埔小段27-6地號,1130503,113板建字第00159號,,G1FA1130515000100
土城區,馥華之丘－光茵,青福街青隆街口,欣羽股份有限公司,362,第二種住宅區,H2:集合住宅，G3:店舖,鋼筋混凝土造,1130515,自售:1130501~1131231;,明德段240地號,1110812,111土建字第00335號,,QPPNMLPKNHJGFAF38DG
板橋區,城德華福,華福街與居安巷交叉口,城德建設股份有限公司負責人:李崇德,101,住宅區,集合住宅、店鋪,鋼筋混凝土構造,1130517,自售:1130801~1150301;,亞東段1-19地號,1111104,111板建字第00468號,,QPPNMLRKNHJGFAF48CG
中和區,泰隆丰和,橋和路322號旁,泰隆鋼鐵股份有限公司,82,住宅區,H2-集合住宅,鋼筋混凝土造,1130517,自售:無;代銷:1130501~1131231;,福祥段61地號,1091013,109中建字第00456號,1130814,G2FH1130517000100
永和區,億安和和,警光街，國光路12巷路口,億安建設股份有限公司(負責人：張凱龍)等20人,58,住宅區,G3一般零售業、H2集合住宅,鋼筋混凝土構造,1130521,自售:1130701~1140507;代銷:1130307~1140507;委託銷售期為14個月，第一階段潛銷期為4個月，第二階段銷售期為10個月。;,國光段345地號,1130424,113永建字第00138號,,RPPNMLLLNHJGFHF78CG
板橋區,立信晴朗,中正路,立信建設股份有限公司,162,第二種住宅區,G3店鋪、H2集合住宅,鋼筋混凝土構造,1130521,自售:無;代銷:1130501~1180531;至全案銷售完畢;,新都段90地號,1130318,113板建字第00085號,,RPPNMLLLNHJGFAF08CG
林口區,原森 TWIN TOWERS,文化三路一段與仁愛二路口,德弘建設有限公司,293,第五種住宅區,G3一般零售業、G3小型餐飲店、H2集合住宅,鋼筋混凝土構造,1130522,自售:無;代銷:1130601~1181231;,力行段1025-1地號,1130122,113林建字第00021號,,YPPNMLMLNHJGFBF09DG
新店區,江陵天?,啟文路與文記街交叉口,江陵建設股份有限公司,90,住宅區,集合住宅、一般零售業,鋼骨構造,1130522,自售:1130601~1140601;代銷:1130601~1140601;,斯馨段25地號,1090909,109店建字405-02號,1140805,G2FC1130522000102
土城區,村品中央創智,中央路一段,村品建設股份有限公司,68,乙種工業區,B3餐飲業、C2工廠、G1銀行、G2一般事務所、G3一般零售業,鋼筋混凝土構造,1130523,自售:無;代銷:1130510~1161231;,員和段288地號,1121201,112土建字第00417號,,G2FA1130523000200
板橋區,新北市板橋區信義段217地號案,信義路,遠雄建設事業股份有限公司,40,乙種工業區,G3店舖、C2工廠、G2一般事務所,鋼筋混凝土構造,1130523,自售:無;代銷:1130510~1161231;,信義段217地號,1130402,113板建字第00113號,,G1FA1130523000100
鶯歌區,京澄為德,鳳七路與龍三路交叉路口,京澄建設有限公司,113,第二種住宅區,集合住宅(H2)、店舖(G3),鋼筋混凝土構造,1130529,自售:至全案售罄止;,鳳鳴段86地號,1111228,111鶯建字第00514號,,G1FI1130529000101
土城區,順光天下,金城路一段8之1號旁,綠意開發股份有限公司,41,乙種工業區,廠房、一般零售場所、社區(村里)活動中心,鋼筋混凝土構造,1130530,自售:1130530~1131231;,大安段591地號,1100225,110土建字第00112號,1140204,G2FA1130530000200
林口區,築禾琢立,南勢六街及過崙街交叉路口,築禾建設股份有限公司  起造人:黃劍輝,67,第二種住宅區,G-3一般零售業、H-2集合住宅,鋼筋混凝土造,1130531,自售:無;代銷:1130501~1141231;,建林段1173地號,1120828,112林建字第00307號,1141028,G1FB1130531000101
林口區,冠宸星野,仁愛路一段335巷,冠宸建設有限公司,11,第一種住宅區,H2獨戶，雙併住宅,鋼筋混凝土構造,1130606,自售:1130701~1151231;,新林段286地號,1120923,112林建字第00332號,,RPPNMLQJOHJGFBF58CG
三重區,潤鴻日昕,五谷王北街,潤鴻建築股份有限公司,88,住宅區,G3，店鋪、H2，集合住宅,鋼筋混凝土構造,1130611,自售:無;代銷:1121121~1140228;,五谷王段216地號,1130202,113重建字第00048號,,G2FG1130611000100
汐止區,汐科爵鼎,水源路2段,富鉅祿建設股份有限公司 負責人:李碧媛,59,鄉村區乙種建築用地,H2集合住宅,鋼筋混凝土構造,1130611,自售:無;代銷:1141101~1151031;,白雲段24地號,1121215,112汐建字第00429號,,SPPNMLLKOHJGFDF58DG
樹林區,龍俊產業新園區,三俊街65巷27之1號,中國建築經理股份有限公司,44,乙種工業區,C1工廠,鋼筋混凝土造,1130612,自售:無;代銷:1130601~1141231;,三龍段464-1地號,1081113,108樹建字第00493號,1131004,RPQNMLMKOHJGFIF56DG
新店區,佳元柒章,寶橋路29巷,佳元建設股份有限公司,99,第三種商業區,H2集合住宅; G3店舖,鋼筋混凝土造,1130612,自售:無;代銷:1121107~1131031;,寶強段1182地號,1130521,店建字第00178號,,QPPNMLMKOHJGFCF38DG
林口區,質琢,新林段191地號等1筆土地,閎博建築有限公司 李達三,4,第一種住宅區,獨戶住宅與雙拼住宅,鋼筋混凝土構造,1130613,自售:無;代銷:1130701~1140630;,新林段191地號,1130325,112林建字第00347-01號,1141211,G1FB1130613000100
三重區,捷洋蔚來,頂崁街210巷28弄,捷洋開發股份有限公司  負責人：張鑫豐,82,住宅區,集合住宅(H-2)、一般零售業(G-3),鋼筋混凝土造,1130614,自售:無;代銷:1130615~1140630;,三重段87地號,1120629,112重建字第00225號,,QPQNMLOKOHJGFGF98CG
三重區,吉晟賦,仁安街,吉晟建設股份有限公司負責人：李振銘,68,住宅區,集合住宅(H2)、店鋪(G3),鋼筋混凝土造,1130619,自售:無;代銷:1130601~自完售止;113年6月1日起至使用執照取得後12個月止;,碧華段600地號,1100331,110重建字第00161號,1140623,G2FG1130619000202
土城區,中央之星,中央路1段,林李謹等五人,26,第二種住宅區,集合住宅,鋼筋混凝土構造,1130619,自售:1130630~1160630;,學成段19地號,1120706,112土建字第00230號,,G2FA1130619000100
林口區,山侘一生,惠民街88巷,立陽開發股份有限公司,67,第二種住宅區,H2獨戶住宅、H2集合住宅,鋼筋混凝土造,1130626,自售:無;代銷:1130701~1141231;,建林段645地號,1130614,113林建字第00197號,,G1FB1130626000100
林口區,森鉅M 林境,文化北路二段552號旁,森鉅建設股份有限公司,111,第二種住宅區,G3一般零售業，H2集合住宅,鋼筋混凝土構造,1130627,自售:無;代銷:1130501~1150430;,麗林段512地號,1130415,113林建字第00136號,,G2FB1130627000100
林口區,群祥謙,文林四街,豐林營建股份有限公司，代表人:賴宗義,39,第二種住宅區,(G3)日用品零售業、(H2)集合住宅,鋼筋混凝土造,1130701,自售:無;代銷:1130201~1140531;,力行段383地號,1130627,113林建字第00212號,,QPPNMLLJPHJGFBF08CG
泰山區,義泰華,信華六街,義泰建設股份有限公司,189,第三種住宅區,H2集合住宅、G2一般事務所、G3店鋪,鋼筋混凝土構造,1130705,自售:無;代銷:1130528~1141231;,信華段五小段69地號,1120220,112泰建字第00042號,,G1FB1130705000101
林口區,謙旭,仁愛路一段,興富謙建設股份有限公司 負責人:蔡煜凱,14,第一種住宅區,H2雙拼住宅,鋼筋混凝土造,1130705,自售:無;代銷:1130801~1140731;,新林段292地號,1120511,112林建字第00159號,,QPPNMLPJPHJGFBF58DG
林口區,森鉅M 逸境,文化北路二段550巷29弄,森鉅建設股份有限公司,77,第二種住宅區,H2集合住宅,鋼筋混凝土構造,1130705,自售:1130701~1130930;代銷:1130501~1150430;,麗林段492地號,1130528,113林建字第00179號,,G1FB1130705000200
三峽區,文傑鉑悅,大同路5巷,文傑建設股份有限公司,38,第二種住宅區,H2集合住宅,鋼筋混凝土造,1130708,自售:無;代銷:1130625~1140630;,介壽段3-7地號,1130603,113峽建字第00181號,,RPPNMLSJPHJGFIF96CG
蘆洲區,當代集賢-琢謙,中興街80號,頂發建設股份有限公司,33,住宅區,住家用,鋼筋混凝土造,1130709,自售:1130830~1170831;,集賢段519地號,1081125,108蘆建字第00530-01,,QPPNMLTJPHJGFGF76CG
板橋區,立信-首馥,華江六路,立信資產管理股份有限公司,79,第二種住宅區,G3:店鋪，H2:集合住宅,鋼筋混凝土構造,1130709,自售:無;代銷:至全案銷售完畢;,江翠段76地號,1130124,113板建字第00033號,,QPPOMLTJPHJGFAF88CG
八里區,君品苑,商港八路,謙石建設有限公司負責人:陳碧珊,54,第三種住宅區,G3店舖、H2集合住宅,鋼筋混凝土造,1130709,自售:1130801~1140731;,中山段1160地號,1110223,111八建字第00074號,,G2FE1130709000100
新店區,國揚光河,寶橋路235巷167號旁,總行營造興業股份有限公司(代表人:吳金燕),337,第三種特定專用區,H2 集合住宅,鋼骨構造,1130712,自售:1130408~1150407;代銷:1130408~1150407;,寶元段32-1地號,1130715,113店建字第00233號,,TPPNMLMKPHJGFCF68CG
新莊區,東煒視界,化成路195巷23號,東煒建設股份有限公司,43,乙種工業區,廠房.一般零售業,鋼筋混凝土構造,1130716,自售:1130801~1161231;,幸福段473地號,1120711,112莊建字第00234號,,QPRNMLQKPHJGFBF98DG
新店區,全球新創科技中心,寶元段寶橋路235巷167號旁,總行營造興業股份有限公司,35,第一種特定專用區,C2作業廠房、G2服務辦公室,鋼筋混凝土造,1130717,自售:無;代銷:1101005~自完售止;代銷時間至使照取得前;,寶元段36-5地號,1130702,113店建字第00233號,,TPPNMLRKPHJGFCF56CG
樹林區,將捷朗學,學勤路333號旁,將捷股份有限公司,60,住宅區,H2:集合住宅,鋼筋混凝土造,1130719,自售:無;代銷:自公開銷售日起共12個月;,大學段二小段28地號,1121116,112樹建字第00391號,,G2FI1130719000300
中和區,將捷Ai PARK,員山路611巷11弄3號旁,將捷建設股份有限公司負責人：林莉婷,49,乙種工業區,C2一般廠庫、G3店鋪、G2一般事務所,鋼筋混凝土構造,1130719,自售:無;代銷:1130916~1150315;原113/7/1-114/12/31為暫定，依代銷合約自公開日後18個月(公開日113/9/16);,民富段30地號,1130109,110中建字第00593-02號,,RPRNMLTKPHJGFHF37DG
林口區,原昕吾旭,文林街,原昕建設股份有限公司，負責人：顏欣怡,58,第二種住宅區,集合住宅；一般服務業,鋼筋混凝土構造,1130723,自售:無;代銷:113/7/1至全案完銷;,麗林段644地號,1130515,113林建字第00165號,,QPXNMLNLPHJGFBF66CG
永和區,敦南宴,秀朗路二段91巷6弄11號旁,玉承欣國際股份有限公司 負責人:郭秋利,139,住宅區,集合住宅,鋼筋混凝土構造,1130723,自售:無;代銷:1130701~1190701;迄使用執照取得後三個月;,林森段667地號,1130718,113永建字第0219號,,QPPNMLNLPHJGFHF56DG
新店區,岳軒京選,二十張路111號,岳軒開發建設有限公司,49,第四種住宅區,H2住宅 G3店鋪,鋼筋混凝土構造,1130726,自售:無;代銷:1130401~1131130;,大豐段397地號,1130708,113店建字第00223號,,QPPNMLQLPHJGFCF88CG
八里區,春城新港灣,訊塘二路,廣春成建設股份有限公司  負責人:王鼎然,198,第二種住宅區,H2集合住宅,鋼筋混凝土構造,1130726,自售:無;代銷:1130501~1150630;,訊塘段26地號,1110812,111八建字第00333號,,G1FE1130726000100
板橋區,大業,華江一路,禾琚股份有限公司,205,商業區,G3:店鋪 . G2:辦公室 . H2:集合住宅,鋼筋混凝土造,1130729,自售:無;代銷:1130729~自完售止;銷售至使用執照核發後六個月;,江翠段184-2地號,1130522,113板建字第00168號,,QPPNMLTLPHJGFAF98CG
五股區,芳洲PARK,成泰路三段,眾德建設，德裕建設 股份有限公司-廖宏明，李明賢,71,住宅區,店舖及集合住宅,鋼筋混凝土造,1130729,自售:無;代銷:113年7月1日至銷售完畢;,芳洲段49地號,1130723,111股建字第00334-02號,,TPRNMLTLPHJGFBF07DG
鶯歌區,富霖富鄰,永吉街,合眾建築經理股份有限公司 負責人:顏文澤,38,住宅區,H2-集合住宅，G3-店鋪,鋼筋混凝土造,1130801,自售:無;代銷:1130417起,至全案售罄;,永吉段570地號,1120714,112鶯建字第00240號,,G2FI1130801000100
三重區,宏道巴黎花都,元信一街上,宏全建設地產股份有限公司(負責人:林柏全)；遠宏開發股份有限公司(負責人:嚴文遠),168,住宅區,H2-集合住宅,鋼筋混凝土構造,1130804,自售:無;代銷:1130731~1150731;,仁信段46地號,1130731,113重建字第00249號,,G1FG1130804000106
三重區,寶石承岳,興德路,聯順建設股份有限公司,113,住宅區、商業區,G3:店鋪、G2:辦公室、H2:集合住宅,鋼筋混凝土造,1130805,自售:無;代銷:1131001~1151231;約2年;,五谷王段85地號,1060627,106重建字第00222號,,VPRNMLPJQHJGFGF27DG
林口區,築禾琢玥,南勢三街及南勢三街138巷交叉路口,築禾建設股份有限公司 起造人：黃劍輝,188,第二種住宅區,G-3一般零售業、G-3日用品零售業、H-2集合住宅,鋼筋混凝土構造,1130807,自售:無;代銷:1130630~1140629;,建林段828地號,1121006,112林建字第00344號,,G1FB1130807000101
中和區,和典永峰,立人街14巷,誠毅建設股份有限公司 負責人：辜耀興,141,市場用地,B2超級市場、D2社區活動中心、H2集合住宅、G2辦公室,鋼筋混凝土構造,1130809,自售:無;代銷:1131220~1141020;,秀山段272地號,1120323,112中建字第00073號,,QPPNMLTJQHJGFHF07DG
三重區,潤泰CITY PARK,捷運路36號,潤泰創新國際股份有限公司 / 台北市政府捷運工程局,439,捷運系統用地,B-2超級市場、B-3餐飲業、G-3餐飲業、G-2公益設施、H-2集合住宅、捷運轉乘,鋼骨鋼筋混凝土構造、鋼筋混凝土構造,1130809,自售:2024/08~售完為止;,成功段1007地號,1021031,102重建字第00708號,,G1FG1130809000101
三重區,華固慕川,仁義街與仁義街79巷,華固建設股份有限公司(負責人:鍾榮昌),186,住宅區,G3一般零售業、H2集合住宅,鋼筋混凝土造,1130814,自售:無;代銷:1130701~1140731;,仁信段57地號,1130809,113重建字第00264號,,G1FG1130814000101
三重區,宏道仁?,元富二街/元信一街口,豐?建設開發股份有限公司，負責人:林柏仁,70,住宅區,H2集合住宅,鋼筋混凝土造,1130815,自售:無;代銷:1130801~1141231;延長銷售期間;,仁信段97地號,1130726,113重建字第00245號,,G2FG1130815000108
八里區,永雄海城,仁一街36號旁,永雄建設股份有限公司 負責人:陳永奇,76,第一種住宅區、第三種住宅區,G3店鋪、H2集合住宅,鋼筋混凝土構造,1130815,自售:1130930~1141001;代銷:1130930~1141001;,中山段549地號,1070201,107八建字第00049號,1140714,QPPNMLPKQHJGFEF98CG
林口區,竹城.日和,源泉街56號對面,竹泰建設股份有限公司,218,第二種住宅區,G3日用品零售業或服務業；H2集合住宅,鋼筋混凝土造,1130816,自售:無;代銷:1140801~1161231;全案完銷;,建林段1261地號,1121003,112林建字第00200-01號,,VPPNMLQKQHJGFBF66CG
三重區,環泥水澐,三陽路100巷3弄及光陽街口,環泥建設開發股份有限公司（負責人：吳英辰）,92,住宅區,店鋪、集合住宅,鋼筋混凝土構造,1130822,自售:1130901~1140831;代銷:1130901~1140831;,三重段212地號,1130422,113重建字第00132號,,QPPNMLMLQHJGFGF98CG
林口區,聯虹珺玥,竹林一路與民享路路口,聯虹建設股份有限公司 負責人:李耀民,54,第二種住宅區,H2集合住宅,鋼筋混凝土構造,1130823,自售:無;代銷:1130701~1131231;,麗林段182地號,1120920,112林建字第00324號,,G2FB1130823000100
淡水區,石上青,八勢一街40號旁,圜寬生活開發股份有限公司，負責人:蔡春湧,34,住宅區(二),H-2集合住宅，G-3店鋪,鋼骨構造,1130827,自售:無;代銷:1130701~1140630;,海天段566地號,1130808,113淡建字第263號,,G2FE1130827000200
永和區,M PLUS,環河東路一段152號旁,晏京國際開發股份有限公司,137,住宅區,集合住宅,鋼骨鋼筋混凝土構造,1130828,自售:無;代銷:1130801~1160228;完成人員進駐18個月;,竹林段21地號,1130424,113永建字第00131號,,QQPNMLSLQHJGFHF17CG
林口區,群和FUTURE LINK,民享路6號,群和建設股份有限公司,100,第二種住宅區,H2多戶住宅(集合住宅),鋼筋混凝土造,1130828,自售:無;代銷:1130801-1140531;,力行段11地號,1130823,113林建字第00282 號,,G1FB1130828000100
林口區,璽來登帝璽,八德路與三民路口,家?開發地產有限公司\家聖建設開發股份有限公司,255,第五種住宅區,G3一般零售業、H2集合住宅,鋼筋混凝土構造,1130902,自售:無;代銷:1131126~1191201;,建林段497地號,1130815,113林建字第00271號,,SPSNMLMJRHJGFBF98DG
林口區,九揚華樂,文化三路617巷,九揚開發股份有限公司,153,第五種住宅區,G3日用品零售業、G2一般事務所、H2集合住宅,鋼筋混凝土構造,1130903,自售:無;代銷:1130722~1140621;,力行段955地號,1130731,113林建字第00250號,,QPVNMLNJRHJGFBF09CG
林口區,源峰上境,松柏路78號旁,源峰建設股份有限公司,70,第二種住宅區,H2集合住宅,鋼筋混凝土構造,1130903,自售:113年第四季至銷售完成止;,麗林段549地號,1110920,111林建字第00387號,,QPUNMLNJRHJGFBF98CG
三重區,集緻美,重安街中正南路口,瀚鼎國際建設股份有限公司,69,住宅區,H2集合住宅、G3店鋪,鋼筋混凝土造,1130905,自售:無;代銷:1131001~1140930;,集美段254地號,1130419,113重建字第00130號,,QPQNMLPJRHJGFGF76DG
鶯歌區,渼麗綻,鶯桃路,欣懋建設股份有限公司,180,商業區、住宅區,G3店鋪、G2一般事務所、H2集合住宅,鋼筋混凝土造,1130906,自售:無;代銷:1130901~1140831;,鳳祥段1280地號,1130717,113鶯建字第00237號,,QPPNMLQJRHJGFIF86CG
鶯歌區,豐億．梧桐院,永和街,豐億開發有限公司,13,第一種住宅區,G3店鋪、H2集合住宅,鋼筋混凝土造,1130909,自售:1131001~1140930;因戶數不多，自有客戶於合約審核完購買;,鳳鳴段346地號,1130731,113鶯建字第00247號,,QPRNMLTJRHJGFIF47DG
中和區,左岸明珠,橋和路,?達土地開發股份有限公司(負責人：柯玉珠),357,商業區,B2一般零售場所.D1健身休閒場所.G2一般事務所.派出所.H2集合住宅.D2圖書館,鋼骨構造，鋼筋混凝土構造,1130911,自售:1130911~自完售止;售完為止;,福祥段648地號,1051206,105中建字第00510號,,QPPNMLLKRHJGFHF98CG
土城區,馥春錦-水明,新北市土城區廷吉街,馥春建築股份有限公司,12,第一種住宅區,住家用,鋼筋混凝土造,1130912,自售:無;代銷:已於1130614簽約，於開案期銷售期間為12個月
(尚未開案);,廷寮段318地號,1130522,113土建字第00170號,,G1FA1130912000200
土城區,馥春錦-山紫,新北市土城區廷吉街,馥春建築股份有限公司,81,第一種住宅區,住商用,鋼筋混凝土造,1130912,自售:無;代銷:已於1130614簽約，於開案期銷售期間為12個月
(尚未開案);,廷寮段313地號,1130522,113土建字第00169號,,G1FA1130912000100
林口區,聿見美璟,忠孝路604巷,聿璟建設股份有限公司,16,第一種住宅區,H2類獨戶住宅,鋼筋混凝土造,1130912,自售:無;代銷:1130906~1140630;113年9月6日至銷售完畢;,國宅段78-9地號,1110719,111林建字第00289號,,G1FB1130912000100
樹林區,荷蘊煦,柑園街一段77號邊工地,荷蘊建設有限公司負責人郭雨焙,18,一般農業區甲種建築用地,H2-集合住宅,鋼筋混凝土構造,1130912,自售:1130912~1141231;,東園段202地號,1130510,113樹建字第00158號,,UPQNMLMKRHJGFIF07CG
土城區,朗沐,福田路與金埔街路口,薪昇暘開發股份有限公司,151,住宅區,住家用,鋼筋混凝土構造,1130918,自售:無;代銷:1130901~1141231;,永福段70地號,1121011,112土建字第00350號,,VPPNMLSKRHJGFAF86CG
三重區,都匯大極 A2 PARK,環河南路成功二街口,漢翔開發股份有限公司  眾德建設股份有限公司,222,住宅區,G3:店鋪.H2:集合住宅,鋼筋混凝土造,1130918,自售:無;代銷:1140616~1140915;,三重段427地號,1130509,113重建字第00157號,,YPPNMLSKRHJGFGF87DG
板橋區,潤佑家璽,四川路二段92號,智寶建設股份有限公司,19,住宅區,住宅區,鋼筋混凝土造,,自售:無;代銷:1130904~1140803;,亞東段1078-5地號,1121121,112板建字第00397號,,QPQNMLTKRHJGFAF66DG
蘆洲區,金世典藏,長榮路,僑馥建築經理股份有限公司,11,商業區,咖啡廳、辦公室,鋼筋混凝土造,1130920,自售:無;代銷:1130915~1141231;,正義段597地號,1111014,111蘆建字第00430號,,G2FG1130920000200
土城區,合康雙匯,福田路、中央路125巷口,合康建設股份有限公司(負責人:陳上賓),217,住宅區,G3:店鋪，H2:集合住宅,鋼筋混凝土構造,1130920,自售:自售1戶為附掛供公眾使用停車持分用，由建商保留自售;代銷:1130801~1150731;,永福段72地號,1110720,111土建字第00291號,,G1FA1130920000100
中和區,和雅琚,福祥路91號旁,欣詮建設股份有限公司 負責人:陳聖中,115,住宅區,H2 集合住宅、G3店鋪,鋼?混凝土構造,1130920,自售:1130920~1150831;代銷:1130920~1141231;,福祥段131地號,1111129,111中建字第00486號,,QPQNMLKLRHJGFHF56DG
板橋區,文化翡格,文化路二段182巷3弄29號,寶嘉建設開發股份有限公司負責人:林世國等1人,13,商業區,集合住宅、店鋪,鋼筋混凝土造,1130925,自售:無;代銷:1131001~1140131;,江子翠段第二崁小段200-47地號,1100401,110板建字第00162號,,G2FA1130925000102
三重區,華固織幸,仁義街與元信一街口,華固建設股份有限公司(鍾榮昌),117,住宅區,H2-集合住宅、G3-店鋪,鋼筋混凝土造,1130926,自售:無;代銷:1130701~1140731;,仁信段89地號,1130919,113重建字第00314號,,G1FG1130926000101
淡水區,新海城,沙崙路二段及新市二路二段交叉口,興富發建設股份有限公司負責人：曹淵博,2231,第二種中心商業區,G3第15組一般零售或服務業，G2第16組事務所及工商服務業，H2第2組中高樓層住宅,鋼筋混凝土構造,1130926,自售:無;代銷:1130701~1141231;,淡海段38地號,1130909,112淡建字第00054-01號,,SPQNMLQLRHJGFEF96CG
八里區,百欣豐光,中山路323巷22號對面,百欣建設股份有限公司負責人:沈永安,50,第三種住宅區,G3:店鋪、H2集合住宅,鋼筋混凝土構造,1130930,自售:無;代銷:1130916~1150915;,中山段1240地號,1130705,112八建字第00338-01號,,RPPNMLKMRHJGFEF98DG
林口區,頤昌松玥,文化三路二段211巷,頤叡建設股份有限公司,153,第五種住宅區,G3日用品零售業、H2集合住宅,鋼筋混凝土造,1131011,自售:無;代銷:1131001~自完售止;113/10/1~使用執照取得後一年;,力行段327地號,1130902,113林 建字第00292號,,G1FB1131011000100
八里區,左岸日初,頂寮2段62巷,陽億建設有限公司 負責人陳淑媛,16,住宅區,H2集合住宅.G3店鋪,鋼?混凝土構造,1131017,自售:1131031~自完售止;自售完為止;,龍源段901地號,1120207,112八建字第00031號,,G1FE1131017000100
板橋區,新潤世界城,南雅東路,新潤建設股份有限公司 負責人：劉毅剛,487,商業區,G3店鋪、G2一般事務所、H2集合住宅、F3公益設施(幼兒園),鋼筋混凝土造,1131021,自售:1131021~ó.;代銷:1131101~1161031;,新興段1027地號,1131017,113板建字第00342號,,VPPNMLLLIIJGFAF08CG
板橋區,京東賞,中山路二段,駿華開發建設股份有限公司,75,住宅區,住家用,鋼筋混凝土造,1131021,自售:無;代銷:1130801~自完售止;自民國113年8月1日起至全案銷售率100%為止;,港子嘴段197-6地號,1120316,112板建字第00069號,,VPPNMLLLIIJGFAF18DG
林口區,富創得林口AI新創園區,工四路20號,富創得科技股份有限公司,50,乙種工業用地,C2作業廠房,鋼構造、鋼筋混凝土構造,1131030,自售:1140801~1150731;,工二段30地號,1090120,109林建字第00038號,,SPPNMLKMIIJGFBF97DG
中和區,景安旭,景新街112號旁,金豐建設股份有限公司負責人劉櫻玉,26,住宅區,H2集合住宅，G3店鋪,鋼筋混凝土構造,1131104,自售:1131101~1140630;,景華段480地號,1120313,109中建字第00581-1號,,G2FH1131104000100
新店區,富春居,中央六街,龍金寶建設有限公司,13,第四種住宅區,集合住宅,鋼筋混凝土造,1131107,自售:1131201~1141130;,中央段654地號,1101015,(110)店建字第00518號,,G1FC1131107000100
新店區,敦泰苑,黎明路,邦泰建設股份有限公司,144,已開發建築密集地區,店鋪(G3)、集合住宅(H2),鋼筋混凝土造,1131108,自售:無;代銷:1131001~1150930;,黎明段441地號,1130117,108店建字第00571-01號,,TPQNMLSJJIJGFCF88DG
鶯歌區,鳴日之城-日安,鶯桃路,新月建設股份有限公司,147,住宅區,店鋪G3及集合住宅H2,鋼筋混凝土造,1131108,自售:無;代銷:1130313~1140312;,鳳福段1060地號,1130716,109年鶯建字00258-01號,,QPPNMLSJJIJGFIF09DG
三重區,都匯大極-誠驛,成功二街,漢翔開發股份有限公司,156,住宅區,H2-集合住宅,鋼筋混凝土造,1131111,自售:無;代銷:1131001~1150930;,三重段384地號,1131028,113重建字第00353,,QPPNMLLKJIJGFGF28DG
新莊區,新月大河,瓊林路,茂德建設股份有限公司,194,住宅區,集合住宅,鋼筋混凝土造,1131112,自售:無;代銷:1141120~1150220;純企劃;,瓊林段372地號,1131111,113莊建字第00364號,,UPPNMLMKJIJGFBF28DG
板橋區,永康真,大華街72號旁,永康建設股份有限公司,66,商業區,集合住宅,鋼筋混凝土造,1131113,自售:無;代銷:1130715~1140714;,忠孝段958-9地號,1120518,112板建字第00162號,,QPPNMLNKJIJGFAF77CG
汐止區,國揚前瞻科技大樓,江北段,國揚實業股份有限公司,88,乙種工業區,C2一般廠房、G2一般事務所,鋼筋混凝土造,1131120,自售:無;代銷:1131023~自完售止;委託日至使照取得後6個月止;,江北段895地號,1131018,113汐建字第00357號,,SPPNMLKLJIJGFDF08CG
永和區,新碩永傳,中正路388號旁,新碩建設股份有限公司,322,住宅區、商業區,H2-集合住宅，H2-社會住宅，G2-一般事務所，G3-店鋪,鋼骨構造,1131122,自售:無;代銷:1131122~1150221;自建照取得日起15個月為止;,得和段936-1地號,1131122,113永建字第00376號,,RPPNMLMLJIJGFHF58CG
新莊區,富都馨,昌德街38號旁,統一工商綜合區開發股份有限公司,150,第二種住宅區,H2集合住宅、G3店鋪,鋼筋混凝土構造,1131125,自售:無;代銷:1131201~1141130;,副都心段一小段145地號,1131115,113莊建字第00374號,,QPQNMLPLJIJGFBF38DG
五股區,九揚雙子星,新城一路,秦善明,124,住宅區,G3店鋪、H2集合住宅,鋼筋混凝土構造,1131125,自售:無;代銷:1131015~1141014;,芳洲段242地號,1130829,113股建字第00288號,,G1FB1131125000100
林口區,宏樸曉霧,八德路500巷,宏樸建設有限公司 負責人:林建宏,22,第二種住宅區,H2-集合住宅,鋼筋混凝土構造,1131202,自售:1140101~·;,建林段683地號,1130930,111林建字第00494-01號,,QPPNMLMJKIJGFBF87DG
三重區,香朵,五華街1巷,玉鼎將建設股份有限公司 負責人:胡升瑞,37,住宅區,集合住宅、店鋪,鋼筋混凝土造,1131205,自售:無;代銷:1131028~1161027;,仁義段1655地號,1131023,113重建字第00346號,,G2FG1131205000103
樹林區,騰翔樹与苑,柑園街一段116巷,騰翔資產管理股份有限公司  負責人陳火木,99,一般農業區甲種建築用地,H2-住宅,鋼筋混凝土造,1131205,自售:無;代銷:1140228~1150228;,北園段482地號,1131112,113樹建字第00365號,,QPPNMLPJKIJGFIF88DG
板橋區,芯哲園,重慶路346巷與和平路口,良將建設有限公司,179,住宅區,H2：集合住宅，G3：一般零售業,鋼筋混凝土造,1131205,自售:無;代銷:1121102~1170301;,和平段3地號,1120922,112板建字第00331號,,SPQNMLPJKIJGFAF38DG
樹林區,欣好蒔光,柑園街一段170號前,欣家園建設有限公司,27,一般農業區甲種建築用地,H2住宅G3日用品零售及服務設施,鋼筋混凝土造,1131205,自售:1140101~1170430;售完為止;,東園段520地號,1130905,113樹建字第00299號,,WPPNMLPJKIJGFIF76CG
新莊區,勝旺新,福德三街18號旁,勝旺建設股份有限公司(負責人：謝伯倫),87,第二種住宅區,H2集合住宅,鋼筋混凝土造,1131209,自售:無;代銷:1130801~1140731;,中原段31-1地號,1110224,111莊建字第00079號,,G2FB1131209000200
中和區,和御,連城路346-1號旁,寶國建築經理股份有限公司 負責人：陳正林,329,住宅區,店鋪、集合住宅,鋼筋混凝土構造,1131210,自售:無;代銷:1131219~自完售止;自113年12月19日至全案售鑿為止。;,信和段1135地號,1131206,113中建字第398號,,XPSNMLKKKIJGFHF76DG
三重區,邑城仰睦,信義西街1巷,邑城建設股份有限公司 負責人:簡榮坤,115,住宅區,G3:店鋪、H2:集合住宅,鋼筋混凝土造,1131210,自售:無;代銷:1131205~1141204;,文化北段939地號,1131209,113重建字第396號,,QPPNMLKKKIJGFGF18CG
三重區,福容大都會,疏洪西路及神農街交叉口,福容開發股份有限公司,50,住宅區,G3店舖，H2集合住宅,鋼筋混凝土造,1131212,自售:無;代銷:1131102~1141231;,五谷王段2地號,1110725,111重建字第00298號,,G1FG1131212000100
鶯歌區,鳴日之城-日禾,鶯桃路,新月建設股份有限公司,182,住宅區,H2:集合住宅、G3:一般零售業、G3:飲食店,鋼筋混凝土造,1131213,自售:無;代銷:1130719~1140718;,鳳福段1067地號,1130716,109年鶯建字第00119-02號,,QPPNMLNKKIJGFIF78DG
中和區,將捷MRT,景平路121號,將捷建設股份有限公司代表人:林莉婷、新北市政府捷運工程局代表人:李政安,95,捷運系統用地,H-2_集合住宅、G-2_辦公室、G-3_店鋪,鋼筋混凝土構造,1131216,自售:無;代銷:1140208~1140808;,景新段9地號,1111007,111中建字第00417號,,QPPNMLQKKIJGFHF98DG
新店區,昇峰安曼,安豐段324地號等3筆,昇峰建設股份有限公司,156,已開發建築密集地區,H2集合住宅、G3店鋪,鋼筋混凝土構造,1131217,自售:無;代銷:113.12.02~全案銷售完畢止;,安豐段324地號,1131122,113店建字第00387號,,QPPNMLRKKIJGFCF58DG
泰山區,T MARK 泰美科技園區,明志路一段98號旁,東聯開發股份有限公司,82,商業區、乙種工業區,工廠、店舖,鋼筋混凝土,1131218,自售:1131218~1170131;代銷:1140123~1170131;,泰林段129地號,1121214,112泰建字第00428號,,RPUNMLSKKIJGFBF56DG
泰山區,合嘉楓疆,和平街35號,合嘉建設股份有限公司,209,第二種住宅區,H2：集合住宅,鋼筋混凝土構造,1131220,自售:無;代銷:1131021~1161231;,楓江段3地號,1120329,112泰建字第00096號,,G1FB1131220000102
林口區,家睦中山,中山路,家睦建設股份有限公司,36,第二種住宅區,G2:事務所及工商服務業，H2:多戶住宅,鋼筋混凝土構造,1131226,自售:1140125~1141231;,佳林段723地號,1130722,113林建字地00242號,,QPPNMLQLKIJGFBF38CG
淡水區,員邦徊,坪頂路72巷,員邦建設開發股份有限公司(負責人:郭人豪),171,住宅區(二),H2:集合住宅,鋼筋混凝土構造,1131226,自售:無;代銷:1131224~1150223;,海天段126地號,1131219,113淡建字第00405號,,SPPNMLQLKIJGFEF88CG
新店區,協富青睞,百忍街,協富建設股份有限公司,48,住宅區,G3店舖，H2集合住宅,鋼筋混凝土造,1131226,自售:無;代銷:1130601~1141031;,福園段345地號,1131206,113店建字第00397號,,TPPNMLQLKIJGFCF78CG
林口區,新潤世界都心,文化三路,新潤建設(股)/新潤興業(股),804,中心商業區,G2事務所及工商服務業、H2集合住宅,鋼筋混凝土構造,1131227,自售:1131227~ó.;代銷:1131227~�.�;,力行段105地號,1131226,113林建字第00416號,,TPPNMLRLKIJGFBF88DG
三重區,新濠漾4英倫公園,頂文二街,東泰開發建設股份有限公司,494,住宅區,H2-集合住宅、D1-泳池(盥洗室),鋼筋混凝土造,1131227,自售:無;代銷:1140101~1161231;代銷期間說明;,五谷王段61地號,1131225,113重建字第00419號,,QPPNMLRLKIJGFGF98CG
新莊區,台通智慧科技園區,五權三路14號,皇鼎建設開發股份有限公司,44,工業區丁種建築用地,C2工廠,鋼筋混凝土造,1140102,自售:1131205~1171231;,新工段一小段45地號,1130301,113莊建字第00074號,,QPQNMLMJJHKGFBF77CG
五股區,立信微美之星,御成路,立信偉業股份有限公司,35,住宅區,H2-集合住宅,鋼筋混凝土造,1140102,自售:無;代銷:銷售日期2025/1/2至全案銷售完畢;,御史段369-1地號,1131108,113股建字第00366號,,G1FB1140102000300
中和區,君奕華品,景新街57巷13號,君奕建設股份有限公司，代表人:王建國,175,商業區,G3店鋪、Ｈ2集合住宅,鋼筋混凝土構造,1140103,自售:無;代銷:1131223~1140922;,景華段227地號,1131227,113中建字第00422號,,SPPNMLNJJHKGFHF68DG
板橋區,九欣觀宸,文化路二段,九泰欣業股份有限公司,91,第二種住宅區,集合住宅H2，店鋪G3,鋼筋混凝土構造,1140104,自售:1140201~1150131;,環翠段4-1地號,1131029,113板建字第000356號,,QPPNMLOJJHKGFAF77CG
新店區,寶安JR,寶安街58巷,世季實業股份有限公司,87,第四種住宅區,(G3)店鋪(H2)集合住宅,鋼筋混凝土造,1140108,自售:1140201~1150131;,順安段501地號,1131210,113店建字第00399號,,RPPNMLSJJHKGFCF48CG
三重區,聚泰綻,龍門路274巷及仁信街交叉口,聚泰開發建設股份有限公司 負責人林溪河,29,住宅區,集合住宅 (H-2),鋼筋混凝土造,1140108,自售:1140101~1150101;代銷:1140101~1150101;於期間內，廣告預算用罄或受委託銷售戶別售完為止。;,仁興段354地號,1131217,113重建字第00406號,,RPPNMLSJJHKGFGF88CG
五股區,星波畔,成泰路三段,宏富開發建設有限公司，，負責人:林王春哖,54,住宅區,店舖及集合住宅,鋼筋混凝土構造,1140110,自售:無;代銷:1131213至銷售完畢;,成州段74地號,1131226,111股建字第00222-02號,,G2FB1140110000100
三重區,新富雙宇,重陽路三段13號旁,寶國建築經理股份有限公司 負責人陳正林,28,住宅區,G3店鋪 H2集合住宅,鋼筋混凝土構造,1140116,自售:1140101~1150930;114.09.23變更自售地點;,明志段57地號,1110722,111重建字第00295號,,G2FG1140116000102
土城區,瑞堯禾芯,延吉街296巷34號旁,臺億建築經理股份有限公司,13,第二種住宅,集合住宅,鋼筋混凝土造,1140117,自售:1130901~1140831;13戶3車;,清水段111地號,1120328,112土建字00091號,,QPPNMLRKJHKGFAF18CG
三重區,市政帝寶,五谷王北街66巷及58巷交叉口,愛山林建設開發股份有限公司,499,住宅區,G3店鋪 H2集合住宅,鋼筋混凝土,1140122,自售:無;代銷:1140513~1170513;,五谷王段172地號,1130805,113重字第00267號,,QPQNMLMLJHKGFGF48CG
中和區,漢皇方圓,中和路402號旁,漢皇開發股份有限公司-負責人孫正乾,140,住宅區、商業區,H2集合住家、G3店鋪,鋼筋混凝土構造,1140123,自售:無;代銷:1130901~1150331;,中安段115-2地號,1140117,114中建字第00019號,,QPPNMLNLJHKGFHF58CG
新莊區,馥華之道-鳳庭,福營路,華鉅開發建設股份有限公司 負責人：許著明,656,住宅區,集合住宅(H2)、店鋪(G3),鋼筋混凝土構造、鋼骨構造,1140205,自售:1140101~1141231;代銷:1140101~1141231;,安和段115地號,1131230,114莊建字第00006號,,G1FB1140205000105
新莊區,邦瓏雍玥,天祥街36-38號,林賜勇,405,住宅區,集合住宅,鋼筋混凝土構造及鋼骨鋼筋混凝土構造,1140207,自售:無;代銷:1140216~1160215;,合鳳段129地號,1120717,107莊建字第00356-03號,1141013,RPPNMLRJKHKGFBF38CG
新莊區,皇鼎心莊,民安路157號,皇鼎建設開發股份有限公司，負責人:劉信雄,88,住宅區,集合住宅,鋼筋混凝土構造,1140210,自售:無;代銷:建照取得且完成建案資訊備查後18個月;,後港段919地號,1140113,114莊建字第00013號,,G2FB1140210000201
新店區,敦南之森,永安街45號,茂德建設股份有限公司,400,第三種住宅區,H2-集合住宅,鋼筋混凝土造,1140212,自售:無;代銷:1140124~1150123;,新和段89地號,1140123,114店建字第00032號,,YPPNMLMKKHKGFCF88DG
三重區,環泥水澍,成功一街50巷及成功一街口,環泥建設開發股份有限公司（負責人：吳英辰）,50,住宅區,集合住宅、一般零售業,鋼筋混凝土構造,1140213,自售:1140205~1150205;代銷:1140205~1150205;,三重段337地號,1130910,113重建字第00304號,,QPPNMLNKKHKGFGF48CG
土城區,花王土城廠辦案,中山路,花王企業股份有限公司,86,甲種工業區,C2-工廠,鋼筋混凝土,1140217,自售:無;代銷:1140110~1151231;,沛陂段141地號,1120727,112土建字第00254號及255號,,QPPNMLRKKHKGFAF28CG
中和區,泓鼎秀山,立人街14巷40弄22-28號,泓鼎開發股份有限公司，負責人：游家綺,60,住宅區,H2 集合住宅,鋼筋混凝土構造,1140219,自售:無;代銷:1130501~1140731;,秀山段78地號,1131128,113中建字第00385號,,QPPNMLTKKHKGFHF56CG
板橋區,濱河帝景,環河西路四段,甲山林建設股份有限公司、達欣工程股份有限公司,448,第一種住宅區,住商用、公益使用,鋼筋混凝土造,1140219,自售:無;代銷:1140307~1161231;,港子嘴段1-18地號,1140212,114板建字第00034號,,RPPNMLTKKHKGFAF68DG
三峽區,北大悠揚,國慶路跟學成路交叉口,和耀建設股份有限公司,144,住宅區,店鋪、集合住宅,鋼筋混凝土造,1140224,自售:無;代銷:1131101~1170131;售完為止;,大學段一小段181地號,1130820,113峽建字第00277號,,G1FI1140224000200
新莊區,國王大道 KING PARK,中原路,漢翔開發股份有限公司,455,第二種住宅區,H2集合住宅、G3店鋪、公益設施(F2身心障礙日照中心）,鋼筋混凝土構造,1140224,自售:無;代銷:1140401~1150401;,副都心段一小段193地號,1140221,114莊建字第00049號,,UPPNMLOLKHKGFBF68DG
林口區,長耀會,文化三路二段與中山路口,仕院建設股份有限公司,399,第五種住宅區,G1金融、保險服務業及機構、G2事務所及工商服務業、G3日用品零售業、H2集合住宅,鋼筋混凝土造,1140224,自售:1140315~1160914;自售8戶店面;代銷:1140315~1160914;,力行段266地號,1141028,111林建字第00319-03號,,G2FB1140224000212
土城區,和耀美家 雅居,金信街,和耀建設股份有限公司,175,住宅區,店鋪、集合住宅,鋼筋混凝土造,1140225,自售:無;代銷:1130901~自完售止;1130901至售罄為止;,永福段33地號,1130822,113土建字第00280號,,G1FA1140225000102
土城區,漢寶AI矽谷,中華路二段,資信建設股份有限公司 負責人：張祐菁,114,乙種工業區,乙種工業區,鋼筋混凝土造,1140226,自售:無;代銷:1140120~1160119;,員仁段466地號,1121226,112土建字第00445號,,QPQNMLQLKHKGFAF48DG
中和區,綻賞,連城路307號旁,大賞建設股份有限公司,34,住宅區,集合住宅,鋼筋混凝土構造,1140227,自售:無;代銷:1140301~1141130;,台貿段419-2地號,1130313,113中建字第00086號,,QPPNMLRLKHKGFHF09CG
金山區,縵云,中華路及田心街交叉口,阜和聯建設股份有限公司(負責人：吳智?),117,第二種住宅區,H2：集合住宅、G3：店舖、H1：社區式長照機構(日間照顧)、B4：旅館,鋼筋混凝土構造,1140303,自售:無;代銷:簽訂銷售合約日起至進場銷售後18個月;,金山一段9地號,1130206,113年金建字第00061號,,XPPNMLNJLHKGFDF98DG
淡水區,向陽,濱海路一段111巷口,十得建設股份有限公司 負責人:呂清棋,41,第三種住宅區,H2集合住宅，G3日用品零售或服務業,鋼筋混凝土構造,1140306,自售:1140315~1150314;銷售期視狀況，得延續之。;,公司田段119地號,1131113,113淡建字第00371號,,G1FE1140306000103
新店區,寶鈺,十四張路；啟文路交叉路口,誼盛國際股份有限公司,634,住宅區,H2:集合住宅   G3:店鋪,鋼筋混凝土構造,1140306,自售:無;代銷:1140205~1151231;,斯馨段61地號,1140206,114店建字第00031號,,QPPNMLQJLHKGFCF38CG
新莊區,富都新玉-富都區,中港一街,方圓開發建設股份有限公司(負責人:王玉鳳),128,住宅區,集合住宅、店鋪,鋼筋混凝土構造,1140307,自售:無;代銷:1140206~自完售止;至全案銷售完畢;,中泰段482地號,1131024,113莊建字第00368號,,QPPNMLRJLHKGFBF38CG
林口區,盛德誠,過崙街82號對面,盛德建設股份有限公司,108,第二種住宅區,集合住宅(H2),鋼筋混凝土構造,1140309,自售:無;代銷:1131231~1141230;,建林段1087地號,1140305,114林建字第00060號,,QPQNMLTJLHKGFBF68CG
林口區,亞昕·寓邸,文化路二段,亞昕國際開發股份有限公司負責人姚政岳,77,第二種住宅區,集合住宅,鋼筋混凝土造,1140317,自售:無;代銷:1140310~自完售止;使用執照取得後6個月;,麗林段382地號,1140226,112林建字第00262-02號,,QPPNMLRKLHKGFBF48CG
林口區,證源富承,林口路,證源建設股份有限公司,30,第二種住宅區,一般零售業、日用品零售業、集合住宅,鋼筋混凝土,1140319,自售:1140501~1160430;,林口段909地號,1130217,113林建字第00053號,,G2FB1140319000101
泰山區,地景新世代,明志路一段156號,興榮建設股份有限公司/富麗旺建設股份有限公司,171,住宅區、商業區,金融機構、一般事務所、店鋪、集合住宅,鋼筋混凝土構造,1140321,自售:無;代銷:1130826~1150331;實際以公開日起算12個月止;,泰林段271地號,1131217,113泰建字第00402號,,RPSNMLLLLHKGFBF48DG
樹林區,欣懋川玥,西圳街二段12號旁,欣懋建設股份有限公司，，負責人:呂佳真,95,一般農業區甲種建築用地,H2:住宅,鋼筋混凝土構造,1140324,自售:無;代銷:1140401~1150331;,西園段52地號,1140206,114樹建字第00029號,,G1FI1140324000107
板橋區,帝景7號,華江三路,愛山林建設開發股份有限公司,42,第二種住宅區,H2集合住宅,鋼筋混凝土構造,1140326,自售:無;代銷:1140324~1181231;,板翠段10地號,1140320,114板建字第00074號,,G1FA1140326000100
新莊區,河成心湛,中華路一段,河成生活科技建設股份有限公司,10,住宅區,H2集合住宅,鋼筋混凝土造,,自售:無;代銷:至銷售完畢;,立德段213地號,1131120,113莊建字第00375號,,G2FB1140326000400
板橋區,新板東京,民生路二段183號旁,吉慶建設股份有限公司(法定代表人：李曙帆),177,住宅區,集合住宅,鋼筋混凝土構造,1140327,自售:1140601~1170531;代銷:1140301~1141031;,文化段1777地號,1091103,109板建字第00468號,,TPPNMLRLLHKGFAF88DG
板橋區,松柏大院,松柏街42號旁,宥泰建設股份有限公司,158,住宅區,H2集合住宅、G3店鋪,鋼骨鋼筋混凝土造,1140328,自售:無;代銷:自建照取得且向主管機關申報建案資訊備查日起至交屋完畢止。;,江子翠段第二崁小段143-8地號,1140106,114板建字第00003號,,RPPNMLSLLHKGFAF68CG
林口區,大新青慕,文化二路二段與中華路交叉口,大新田開發股份有限公司 負責人:李文斌,43,第二種住宅區,(G3)一般零售業、(H2)集合住宅,鋼筋混凝土構造,1140331,自售:無;代銷:1131001~1141031;,麗林段69地號,1110803,111林建字第00313號,,G2FB1140331000100
鶯歌區,國家藝術館,育英街17巷,皇普建設股份有限公司,259,第一種住宅區,G3-店舖、Ｈ2-集合住宅,鋼筋混凝土造,,自售:無;代銷:1140402~自完售止;全案售罄;,國慶段1315地號,1140313,113鶯建字第00172-01號,,G2FI1140407000100
林口區,仁愛金鑽,仁愛路一段與新生街路口,金鑽號事業有限公司 負責人:尤國璋,165,建成商業區,H2集合住宅、G3日用品零售業、G2事務所及工商服務業,鋼筋混凝土構造,1140408,自售:無;代銷:1140401~1140831;,行政段203地號,1140310,114林建字第00065號,,QPQNMLSJMHKGFBF78DG
淡水區,村泉蒔美,中正東路二段143巷12弄,村泉建設股份有限公司，(負責人：洪炳煌),89,住宅區(一),H2集合住宅,鋼筋混凝土構造,1140408,自售:無;代銷:1131206~1150515;第一戶轉定日起12個月;,水仙段513-1地號,1131210,113淡建字第00401號,,QPPNMLSJMHKGFEF88CG
中和區,左岸明珠A區,環河西路三段與永和路交叉口,愛山林建設開發股份有限公司 負責人：祝文宇,127,商業區,一般零售場所、一般事務所、集合住宅,鋼骨構造,,自售:1140408~自完售止;銷售完畢止;,福祥段660地號,1051206,105中建字第00511號,,QPQNMLSJMHKGFHF66CG
中和區,左岸明珠B區,環河西路三段與永和路交叉口,愛山林建設開發股份有限公司 負責人：祝文宇,357,商業區,一般零售場所. 健身休閒場所. 一般事務所. 派出所. 集合住宅. 圖書館,鋼骨構造，鋼筋混凝土構造,,自售:1140408~自完售止;售完為止;,福祥段648地號,1051206,105中建字第00510號,,QPRNMLSJMHKGFHF76CG
中和區,好植,景新街10號旁,富時代地產開發股份有限公司  負責人:阮智偉 寶和建設股份有限公司  負責人:張應偉,76,商業區,H2集合住宅 G3店鋪,鋼筋混凝土構造,1140408,自售:無;代銷:1140401~1150331;,景華段340地號,1140313,110中建字第00151-01號,,YPPNMLSJMHKGFHF37CG
鶯歌區,合嘉菁緻,國中街119號對面,合嘉建設股份有限公司,57,第一種住宅區,G3：店舖，H2：集合住宅,鋼筋混凝土構造,1140410,自售:無;代銷:1140201~1150630;,尖山腳段998地號,1130108,113鶯建字第00003號,,G1FI1140410000102
林口區,瑞德豐錦,竹林路309巷,瑞德開發股份有限公司,6,第一種住宅區,H2-獨戶住宅,鋼筋混凝土構造,1140410,自售:使用執照取得後六個月止;,竹林段16地號,1140303,114林建字第00054號,,QPPNMLKKMHKGFBF97DG
新莊區,禾蓮心中美,中港路,禾蓮開發股份有限公司,158,住宅區,H2：集合住宅、G3：一般零售業,鋼筋混凝土構造,1140411,自售:無;代銷:1130923~1151231;預計1140701正式公開銷售，正式後18個月;,思源段999地號,1140221,114莊建字第00047號,,QPPNMLLKMHKGFBF08DG
新店區,東基M1,寶安街,東基開發建設股份有限公司,70,第四種住宅區,G3:店鋪、H2:集合住宅,鋼筋混凝土構造,1140414,自售:無;代銷:1140317~1150316;,順安段605地號,1131217,113店建字第00408號,,RPPNMLOKMHKGFCF58DG
鶯歌區,國華綻,鶯桃路182巷96弄,國鉅建設有限公司負責人:呂信坤,185,第一種住宅區,H2集合住宅,鋼筋混凝土構造,1140414,自售:無;代銷:公開日起算24個月;,昌福段288地號,1140627,113鶯建字第00119-01號,,G1FI1140414000102
八里區,大新田幸福之森,十三行路,大新田開發股份有限公司 負責人:李文斌,61,第二種住宅區,集合住宅(H2)、店鋪(G3),鋼筋混凝土構造,1140414,自售:無;代銷:1140101~1150630;,中庄段218地號,1120711,112八建字第00233號,,G2FE1140414000100
林口區,易捷聿白,惠民街30巷,易捷興業股份有限公司,24,第二種住宅區,H2多戶住宅,鋼筋混凝土構造,1140416,自售:1140701~1161231;,建林段610地號,1140218,114林建字第00045號,,G1FB1140416000100
板橋區,日安PARK,藝文街,統一工商綜合區開發股份有限公司,452,第二種住宅區,H2集合住宅、G3店鋪、H1小型社區式身心障礙者日間服務,鋼筋混凝土構造,1140417,自售:無;代銷:1140601~1150531;,永翠段76地號,1141121,114板建字第00085-01號,,RQPNMLRKMHKGFAF78DG
新莊區,春城麗都,中原路,廣春成建設股份有限公司 負責人:王鼎然,318,第二種商業區,G2一般事務所、H2集合住宅,鋼骨構造,1140418,自售:無;代銷:1140101~1161231;,副都心段一小段428地號,1110323,111莊建字第00117-01號,,G1FB1140418000100
林口區,立軒天蒔,文化二路二段與吉祥路交叉口,兆軒建設股份有限公司負責人：陳銘鴻,154,中心商業區,H2集合住宅、G3一般零售業、G2事務所及工商服務業,鋼筋混凝土造,1140421,自售:無;代銷:1140401~1150331;,力行段179地號,1140418,114林建字第00100號,,G1FB1140421000101
蘆洲區,中路邸,中華街117號等,築永家建設有限公司  法代:張仁全,26,住宅區,店鋪，辦公室，集合住宅,鋼筋混凝土造,1140422,自售:1140421~1170420;,光華段1189地號,1120412,112蘆建字第00115號,,G2FG1140422000100
林口區,弘達樂居,新北市林口區東明一街15巷,弘達建設有限公司,5,第一種住宅區,雙拼住宅、獨戶住宅,鋼筋混凝土構造,1140423,自售:1140531~1150530;,新林段512地號,1130326,113林建字第00104號,,G2FB1140423000100
淡水區,藝沐汀,民族路,陳柏亨、陳俊介、陳倚葶、陳俞安,29,第四種住宅區,H2:集合住宅,鋼筋混凝土構造,1140423,自售:無;代銷:1131001~1140930;銷售期視狀況，得延續之;,關渡段450地號,1130604,110淡建字第00094-02號,,SPPNMLNLMHKGFEF88DG
汐止區,富都康莊,康寧街349號旁,君峰開發股份有限公司,248,第二種住宅區、商業區,H2集合住宅、G3店鋪,鋼筋混凝土構造,1140425,自售:無;代銷:1140206~1160323;,北山段84地號,1140310,114汐建字第00076號,,QPPNMLPLMHKGFDF78DG
三重區,圓富ONE,大同南路172巷,圓富建設企業股份有限公司  負責人：許嘉宏,86,住宅區,集合住宅,鋼筋混凝土造,1140427,自售:無;代銷:1140203~1150202;,大同南段1385地號,1130814,113重建字第00270號,,QPPNMLRLMHKGFGF56CG
土城區,協富禮寓,中央路二段22號~26號,協富建設股份有限公司,32,第一種住宅區,住家用,鋼筋混凝土,1140428,自售:無;代銷:1140331~1150330;,員福段352地號,1131206,113土建字第00395號,,QPPNMLSLMHKGFAF68CG
新莊區,國泰曦．,榮華路二段與中富街口,國泰建設股份有限公司,117,第二種住宅區,集合住宅(H2),鋼筋混凝土構造,1140429,自售:1140430~1151231;,副都心段一小段335-1地號,1140423,114莊建字第00106號,,SPPNMLTLMHKGFBF09CG
深坑區,台北彌勒家園,北深路2段,欣聯建設開發股份有限公司,63,住宅區,G2辦公室，H2集合住宅,鋼筋混凝土構造,1140502,自售:1140601~1141231;,埔新段576地號,1140306,114深建字第00061號,,RPPNMLMJNHKGFCF28CG
五股區,璨美家,新城八路,盛旭建設有限公司,40,住宅區,H2集合住宅.G3一般零售場所.G2辦公室,鋼筋混凝土構造,1140506,自售:無;代銷:自公開日起算6個月止;,芳洲段53地號,1120411,112股建字第00114號,,G2FB1140506000100
林口區,雲玥,東湖路55巷,鉅翰建設股份有限公司,11,第一種住宅區,獨戶，雙拼住宅,鋼筋混凝土構造,1140508,自售:1140508~1170531;,新林段890地號,1140214,114林建字第00042號,,QPPNMLSJNHKGFBF68CG
鶯歌區,上林旭,中山路138巷,上林建設股份有限公司，負責人林萬力,10,第一種住宅區,H2集合住宅,鋼筋混凝土構造,1140509,自售:無;代銷:1140421~1150420;賣完為止;,中山段872地號,1131024,113鶯建字第00348號,,TPPNMLTJNHKGFIF17CG
三重區,統元極美,成功二街,統元建設股份有限公司 負責人:游朝元,104,住宅區,H2-集合住宅,鋼筋混凝土構造,1140509,自售:無;代銷:至全部銷售止;,三重段411地號,1130321,113重建字第00096號,,QPPNMLTJNHKGFGF66CG
林口區,富匠,林口路,證源建設股份有限公司,31,第二種住宅區,集合住宅、一般零售業,鋼筋混凝土構造,1140510,自售:1140601~1161031;,林口段921地號,1130508,113林建字第00154號,,G2FB1140510000100
土城區,松陽馥麗,永寧路55號旁,宸實建設股份有限公司，負責人:張松,211,住宅區,H2-集合住宅,鋼筋混凝土構造,1140512,自售:無;代銷:1140201~1150731;,永寧一段4地號,1130702,113土建字第00215號,,RPPNMLMKNHKGFAF28DG
三峽區,立信園立方,愛國路,立信建設股份有限公司負責人賴運興,74,商業區,H2集合住宅G2一般事務所G3店鋪,鋼筋混凝土造,1140513,自售:1140630-售完為止;代銷:1140630-售完為止;,安溪段692地號,1131227,113峽建字第00421號,,QPPNMLNKNHKGFIF98CG
新莊區,德林天行T1,新知一路,德昇建設股份有限公司,102,乙種工業區,工廠、銀行分支機構一般事務所、一般零售業,鋼筋混凝土造,1140513,自售:1140509~1160509;,興化段206地號,1140507,114莊建字第00114號,,G1FB1140513000300
新店區,友座明明德,明德路,?友建設股份有限公司,195,第四種住宅區,H2集合住宅;G3店鋪;D5補習班,鋼筋混凝土造,1140519,自售:1140801~1180831;代銷:自公開銷售後9個月;,明德段265地號,1140430,114店建字第00115號,,VPPNMLTKNHKGFCF86CG
中和區,雙捷萃,南山路329、331、333號,陣屋建設股份有限公司，代表人:許翔羿 ; 廷豪建設股份有限公司，代表人:蔡正一,25,住宅區,H2集合住宅,鋼筋混凝土構造,1140522,自售:1141101~1161231;代銷:1140201~1141031;,捷運段164-1地號,1131220,113中建字第00413號,,SPPNMLMLNHKGFHF56DG
八里區,豐邑港麗,添丁街與訊塘二路交叉口,豐邑建設股份有限公司負責人黃淑美,251,第二種住宅區,住宅H2集合住宅，G3-店鋪,鋼?混凝土構造,1140527,自售:無;代銷:114年06月01日至使照取得6個月止;,訊塘段18地號,1140516,112八建字第00005-01號,,QPPNMLRLNHKGFEF09CG
土城區,家泰嘉潤丰藏,金城路二段,家泰建設開發股份有限公司，負責人:王維聖。嘉潤建設開發股份有限公司，負責人:賴嘉鴻,152,第二種住宅區,G3店鋪、H2集合住宅,鋼筋混凝土造,1140527,自售:無;代銷:1130901~1150831;,明德段212地號,1140519,114土建字第00128號,,QPQNMLRLNHKGFAF88DG
中和區,成家心悅,中山路2段131巷10弄6號旁,成家誌建設股份有限公司(負責人:林青山),28,住宅區,集合住宅、一般事務所,鋼筋混凝土構造,1140527,自售:無;代銷:1140515~1141231;,廟美段676地號,1140521,114中建字第00130號,,QPPNMLRLNHKGFHF76CG
新莊區,國家壹號廣場 Taiwan Landmark,中央路及中信街交叉口,臺億建築經理股份有限公司,476,第二種商業區,G2辦公室 / G3店舖 / G3一般服務業,鋼骨構造,1140602,自售:無;代銷:1140501~1180430;,副都心段一小段394地號,1130614,112莊建字第00221-01號,,QPPNMLMJOHKGFBF18CG
新莊區,福美富琚,福美街62巷,祥富龍實業有限公司,91,住宅區(二),H2-集合住宅G3-店鋪,鋼筋混凝土造,1140603,自售:無;代銷:1140627~1151230;銷售完畢;,中原段156地號,1110708,111莊建字第00275號,,G1FB1140603000200
板橋區,悠森學,中正路325巷,淞暘建設股份有限公司,70,住宅區,住家用,鋼筋混凝土構造,1140603,自售:1140601~1150215;,國光段525地號,1140509,114板建字第00116號,,QPRNMLNJOHKGFAF38CG
淡水區,富麗ONE,濱海路二段202巷,富利達開發股份有限公司，負責人：彭維梯,138,第六種住宅區,G3：日用品零售或服務業，H2：集合住宅,鋼筋混凝土構造,1140604,自售:無;代銷:1140601~1161231;,新市段118地號,1121121,112淡建字第00395號,,G1FE1140604000101
淡水區,致茂橋豐,沙崙路一段,致茂建設股份有限公司(負責人:黃煜升),113,第三之一種住宅區,G3:日用品零售或服務業，H2:集合住宅,鋼筋混凝土構造,1140605,自售:無;代銷:1140301~1150831;,淡海段63地號,1120922,112淡建字第00329號,,G1FE1140605000102
中和區,?捷橙品,景平路旁,臺億建築經理股份有限公司負責人:陳長琪,77,商業區,H2: 集合住宅、G3:店鋪,鋼筋混凝土構造,1140608,自售:無;代銷:1140514~1150513;,橋和段425地號,1120825,112中建字第00296號,,QPPNMLSJOHKGFHF76CG
三重區,市政帝景,光復路二段87巷,甲山林建設股份有限公司；廣泰基建設股份有限公司,412,住宅區,G3-店鋪、H2-集合住宅、連棟住宅,鋼筋混凝土構造,,自售:無;代銷:1140807~1190430;,五谷王段20地號,1140501,114重建字第00112號,,QPPNMLMKOHKGFGF78CG
新莊區,富都新玉-新玉區,中平路82巷,方圓開發建設股份有限公司,61,住宅區,H2集合住宅、G3店鋪,鋼筋混凝土構造,1140619,自售:無;代銷:1140318~至全案銷售完畢;,中泰段471地號,1131115,113莊建字第00373號,,QPQNMLTKOHKGFBF09CG
新莊區,大亮攸煦YOSHI,福德一街66號旁,大亮建築股份有限公司,44,第二種住宅區,H2集合住宅,鋼筋混凝土造,1140627,自售:1140801~1180322;本建案銷售預售屋起至開始辦理交屋手續後六個
月;,中原段116地號,1131223,114莊建字第00010號,,QPPNMLRLOHKGFBF88CG
三重區,立信藏玉,忠孝路三段15巷,耕居建設股份有限公司(代表人：吳秋穆),85,住宅區,店鋪 集合住宅,鋼筋混凝土造,,自售:1140801~自完售止;至賣完為止;代銷:1140801~自完售止;至售完為止;,永德段1270-6地號,1140414,114重建字第00092號,,QPPNMLLJPHKGFGF68CG
三重區,漢皇一寓,疏洪西路38巷,漢永建設股份有限公司 代表人：孫正乾,91,住宅區,店鋪、集合住宅,鋼筋混凝土構造,1140702,自售:無;代銷:1140527~1150930;,五谷王段243地號,1140627,114重建字第00155號,,QPPNMLMJPHKGFGF78CG
三重區,群禾青禾,水漾路,群禾建設股份有限公司,63,住宅區,H2集合住宅，G3店鋪,鋼筋混凝土構造,1140716,自售:無;代銷:1140701~1150730;,三重段103地號,1140321,114重建字第00070號,,QPPNMLQKPHKGFGF76DG
淡水區,將捷舟際,淡金路、中正東路一段間,將捷建設股份有限公司，負責人：林莉婷,200,商業區(二),H 2 集 合 住 宅 、G 2 一 般 事 務 所,鋼筋混凝土構造,1140717,自售:無;代銷:建造執照取得起至全案銷售完畢為止;,海鷗段1191-4地號,1140324,114淡建字第00079號,,QPPNMLRKPHKGFEF66DG
板橋區,鑄見,松江街119號旁,威堡建設股份有限公司,145,住宅區,集合住宅， 店舖， 文教設施,鋼筋混凝土造,1140718,自售:無;代銷:1140601~1151230;,江子翠段溪頭小段119-47地號,1140603,114板建字第00135號,,TPPNMLSKPHKGFAF56CG
蘆洲區,築玥,長興路,宏利發建設有限公司,12,商業區,店鋪,鋼筋混凝土造,1140722,自售:1140901~1150831;,正義段606-1地號,1130207,113蘆建字第00054號,,G2FG1140722000100
八里區,紐約心光,文昌二街,建義建設開發股份有限公司 負責人:呂文程,59,第二種住宅區,店鋪(G3).集合住宅(H2),鋼筋混凝土構造,1140723,自售:無;代銷:1140203~自完售止;銷售完畢止;,中庄段232地號,1140219,113八建字第00006-01號,,G1FE1140723000100
淡水區,SUN HOUSE,中正東路一段111巷1號車道入口淡金路77巷,昇樺建設股份有限公司  代表人:谷念勝,80,住宅區(四),H2集合住宅,鋼筋混凝土構造,1140724,自售:無;代銷:1130701~1150630;期滿得協議延長;,海鷗段1072地號,1140620,114淡建字第00148號,,QPPNMLOLPHKGFEF98CG
汐止區,雲禾月,昊天段182地號,合展建設股份有限公司,112,第二種住宅區,H2集合住宅、G3店鋪,鋼筋混凝土構造,1140728,自售:無;代銷:1140617~1161231;,昊天段182地號,1100601,110汐建字第00415-02號,,G1FD1140728000100
林口區,立陽頤興,吉祥路,頤興建設有限公司,174,中心商業區,一般零售業、事務所及工商服務業、集合住宅,鋼筋混凝土構造,1140729,自售:無;代銷:1140701~1151231;,力行段243地號,1140630,114林建字第00161號,,QPPNMLTLPHKGFBF56CG
中和區,漢寶捷運學府No.5,連城路601號旁,漢寶開發建設股份有限公司 負責人：魏登洲,245,住宅區,H2：集合住宅，G3：店舖,鋼筋混凝土構造,1140729,自售:無;代銷:1140928~1150927;公開銷售日起12個月;,國道段145地號,1131115,113中建字第00372號,,WPPNMLTLPHKGFHF87DG
五股區,忠茂左岸,成泰路三段,忠茂建設開發股份有限公司,27,住宅區,集合住宅,鋼筋混凝土構造,1140730,自售:無;代銷:1140801~1150731;,成州段72地號,1140324,114股建字第00077號,,G1FB1140730000200
淡水區,光全御苑,民族路與民族路間65巷,安信建築經理股份有限公司 負責人:周俊吉,168,第四種住宅區，第一種住宅區,G3:店鋪G2:辦公室H2:集合住宅,鋼骨鋼筋混凝土構造,1140805,自售:1140807~1200831;銷售至本案結束;代銷:1140807~自完售止;至全案銷售完畢;,飛歌段1045-1地號,1140710,110淡建字第00178-2號,,QPPNMLPJQHKGFEF98CG
新莊區,寶亞鴻公?,民安路,新悅開發建設股份有限公司,177,商業區,G3店舖、G2一般事務所及H2供特定人長期住宿之場所,鋼筋混凝土造,1140805,自售:無;代銷:1140808~1150807;,富國段207-3地號,1140722,114莊建字第00195號,,TPRNMLPJQHKGFBF66DG
三重區,印象左岸,五谷王北街與五谷王北街58巷交叉口,潤泰創新國際股份有限公司,105,住宅區,H2集合住宅,鋼筋混凝土構造,1140806,自售:114年08月至全案完銷;,五谷王段175地號,1140703,114重建字第00170號,,G1FG1140806000100
林口區,春耕雅苑,仁愛路一段61巷,廣立建設有限公司,6,第一種住宅區,H2雙併住宅,鋼筋混凝土構造,1140807,自售:1141030~1171231;,新林段190地號,1130412,113林建字第00122號,,QPQNMLRJQHKGFBF98CG
泰山區,百達莊園,莊泰路,偉築建設股份有限公司 負責人:邱泰榮,498,第二種商業區,集合住宅(H2)、一般事務所(G2)、店鋪(G3)、金融服務業(G1),鋼筋混凝土造,1140807,自售:無;代銷:1140701~1161231;,新泰段11地號,1111220,111泰建字第00502號,,G1FB1140807000100
板橋區,協和新中興,金門街287巷,協和建設股份有限公司(負責人:范秋芬),304,第一種住宅區,G3:店鋪 H2:集合住宅,鋼筋混凝土構造,1140807,自售:無;代銷:1141024~1161023;,中興段178地號,1110105,111板建字第00007號,,QPRNMLRJQHKGFAF09DG
中和區,東瑩玥光 涵光區,民利街116巷1號旁,東瑩建設股份有限公司,53,住宅區,集合住宅,鋼筋混凝土構造,1140811,自售:無;代銷:1140101~1150331;,民利段593地號,1110414,111年中建字第00147號,,G2FH1140811000100
汐止區,文心慕慕,新北市汐止區大同路二段258號旁,北?建設股份有限公司,279,第二種住宅區,H2集合住宅、G3一般零售業、公益設施,鋼筋混凝土造,1140819,自售:1140805~1160101;代銷:1140805~1170331;,智興段279地號,1110726,111汐建字第00302號,,SPPNMLTKQHKGFDF96CG
中和區,豐森大境,復興路49巷6號旁,亞昕國際開發股份有限公司，負責人：姚政岳(如附表),446,住宅區,H2集合住宅,鋼筋混凝土構造,1140820,自售:無;代銷:1140806~自完售止;至使用執照取得後6個月;,圓通段57地號,1140818,114中建字第00213號,,TPPNMLKLQHKGFHF76DG
淡水區,京美晴朗,港子坪一街,京美建設股份有限公司(負責人:王裕中),104,第五種住宅區,H2-集合住宅,鋼筋混凝土構造,1140829,自售:無;代銷:1140701~1150630;,淡海段124地號,1131105,111淡建字00223-01號,,G1FE1140829000100
板橋區,遠揚之森A+,遠東路與南雅南路二段交叉口,遠揚建設股份有限公司,430,通訊數位專用區二,H2-集合住宅,鋼筋混凝土構造,1140829,自售:無;代銷:1141001~1161231;,亞東段982-1地號,1100428,110板建字第00207號,,QPQNMLTLQHKGFAF76DG
三重區,覓靚101,忠孝路三段,金錩建設股份有限公司（負責人：陳進興）,35,住宅區,集合住宅、店鋪,鋼筋混凝土造,,自售:無;代銷:1140101~1150831;,二重段999地號,1120726,112重建字第00326號,,QPPNMLSKRHKGFGF07CG
林口區,富浤一響,中山路,富浤建設股份有限公司,28,第二種住宅區,一般零售業、集合住宅,鋼筋混凝土構造,1140919,自售:無;代銷:1140301~1150831;,新林段1176地號,1140829,114林建字00239號,,G1FB1140919000100
土城區,迴東騰,福寧街,東峻建設股份有限公司,90,住宅區,住家用,鋼筋混凝土造,1140922,自售:無;代銷:1140801~1150831;,永福段94地號,1140707,114土建字第00173,,G1FA1140922000100
新莊區,中央廣場,中央路,中?建設開發股份有限公司,247,第一種商業區,G2:辦公室、G3:店鋪,鋼骨鋼筋混凝土造,1140923,自售:1141001~1150930;,副都心段一小段50地號,1140617,112-莊-建-00126-02,,QPPNMLNLRHKGFBF78CG
中和區,東瑩玥光 涵玥區,民利街116巷1號旁,東瑩建設股份有限公司,192,住宅區,集合住宅,鋼筋混凝土構造,1140924,自售:無;代銷:1140101~1150331;,民利段586地號,1130709,113中建字第00244號,,QPPNMLOLRHKGFHF96DG
林口區,宏樸如嶼,文化三路2段257號旁,林建宏,70,第二種住宅區,一般零售業、集合住宅,鋼筋混凝土構造,,自售:無;代銷:1150301~1170331;,麗林段725地號,1140728,114林建字第00194號,,QPPNMLRJIIKGFBF18CG
永和區,漢皇River Sky,保安路134號旁,漢皇開發股份有限公司（負責人：孫正乾）,1282,住宅區,集合住宅(H2)、店舖(G3)、幼兒園(F3),鋼骨鋼筋混凝土構造,1141009,自售:無;代銷:1140527~1161126;30個月;,保福段1-1地號,1140926,114永建字第00253號,,QPQNMLTJIIKGFHF56DG
泰山區,義泰信,信華六街,義泰建設股份有限公司,165,第三種住宅區,H2集合住宅、G2一般事務所、G3店鋪,鋼筋混凝土造,1141014,自售:無;代銷:1141003~1151002;,信華段五小段15地號,1140925,114泰建字第00252號,,VPPNMLOKIIKGFBF48CG
新店區,江陵賀,央北二路近中央路口,天賀建設股份有限公司負責人：林美東,108,住宅區,H-2集合住宅,鋼骨構造,1141016,自售:1141023~1161020;,斯馨段115地號,1100308,110店建字第00125-02號,,G2FC1141016000100
樹林區,米蘭敦品-名門,中山路一段142號,成美開發建設有限公司，法定代表人:胡思僩,19,商業區,G3店鋪、H2集合住宅,鋼筋混凝土造,1141017,自售:1141101~1151231;,復興段818地號,1120901,109樹建字第00375-01號,,G1FI1141017000100
新莊區,昀集富昱,五工二路86巷36號,樂居昀集股份有限公司,53,工業區丁種建築用地,H-2社區住宅,鋼筋混凝土造,1141020,自售:無;代銷:1140915~1150615;,新工段二小段46地號,1140925,114莊建字第00257號,,G2FB1141020000102
永和區,蒲陽頂溪,復興街102號旁,勝隆開發建設股份有限公司 負責人：杜修蘭,59,住宅區,H2集合住宅，G3店鋪,鋼筋混擬土構造,1141020,自售:無;代銷:1140501~1150630;,中信段1006地號,1140916,114永建字第00244號,1141120,QPPNMLKLIIKGFHF28CG
三重區,詠芙,永安北路一段17巷,金滿意建設開發股份有限公司,85,住宅區(特1),G3店鋪、H2集合住宅,鋼筋混凝土造,1141020,自售:無;代銷:1140901~1180830;,永安段2175地號,1131004,113重建字第00336號,,G1FG1141020000100
土城區,曜雋品,新北市土城區承天路,陸泰工業有限公司代表人：張姵瑩等2筆,6,乙種工業區,C-2作業廠房,鋼造、見其他登記事項(鋼骨構造),1141022,自售:1141028~1161231;,永和段584地號,1090925,109土建字第00417號,,QPPNMLMLIIKGFAF77CG
新店區,華固譽誠,央北二路與中山路口,華固建設股份有限公司(負責人：鍾榮昌),346,住宅區,H2集合住宅、G3店鋪,鋼筋混凝土構造,1141024,自售:無;代銷:1140601~1151231;,斯馨段19地號,1141021,114店建字第00282號,,QPPNMLOLIIKGFCF18CG
三重區,凱越豐汎,仁義街,凱越建設股份有限公司,165,住宅區,店鋪G3、集合住宅H2,鋼筋混凝土構造,1141028,自售:無;代銷:自本案接待中心完成之日或建造執照取得且向主管機關申報建案資訊備查日起算至全案完銷止;,仁信段86地號,1140815,114重建字第00212號,,QPPNMLSLIIKGFGF98CG
樹林區,米蘭敦品-新貴,復興路樹德街交叉口,敦美開發建設股份有限公司，負責人:游侑蓁,21,第一種住宅區,H2集合住宅、G3店鋪,鋼筋混凝土構造,1141031,自售:1141101~1151231;,樹德段559-1地號,1140905,114樹建字第00237號,,QPPNMLLMIIKGFIF58CG
林口區,家?美,文化三路一段385號旁,家?建設股份有限公司,49,第五種住宅區,G3一般零售業、H2集合住宅,鋼筋混凝土造,,自售:無;代銷:1141115~1151115;銷售一年;,建林段62地號,1141008,114林建字第00270號,,G2FB1141105000100
蘆洲區,當代集賢-琢璽,集賢路,頂發建設股份有限公司,123,住宅區,一般零售業、集合住宅,鋼筋混凝土,,自售:1141201~1150630;,重陽段7地號,1100917,110蘆建字第00453號,,QPPNMLPJJIKGFGF58CG
永和區,友座豐禾,中山路一段99巷1號旁,榮座建設股份有限公司 負責人陳坤地,190,商業區、住宅區,G-3一般零售場所、H-2集合住宅,鋼骨鋼筋混凝土構造,1141106,自售:1141107~1161106;代銷:1141107~1161106;,樂華段295地號,1141022,114永建字第00279號,,RPRNMLQJJIKGFHF09CG
新莊區,欣庄綻,新莊路,永泰鴻建設股份有限公司,76,住宅區、商業區,H2-集合住宅,鋼筋混凝土構造,1141107,自售:無;代銷:至使用執照取得後6個月止;,文德段243地號,1141104,114莊建字第00296號,,QPPNMLRJJIKGFBF28CG
三峽區,文傑愛樂,嘉添路181號旁,文傑建設股份有限公司，負責人:陳碧蓮,45,一般農業區甲種建築用地,日用品零售及服務設施(零售設施)、集合住宅(H-2),鋼筋混凝土構造,,自售:無;代銷:1150101~1151231;,十三添一段787地號,1130722,113峽建字第00241號,,G1FI1141112000100
土城區,國揚創新科技大樓,金城路一段,國揚實業股份有限公司,90,乙種工業區,一般廠房、一般事務所、一般零售業、身心障礙社會福利設施,鋼筋混凝土造,1141112,自售:無;代銷:使用執照取得後六個月止;,忠義段350-2地號,1141107,114土建字第00303號,,QPPNMLMKJIKGFAF77CG
淡水區,宏國海天案,淡金路16巷,建陞開發股份有限公司(負責人:宋守智),236,住宅區(二),H2:集合住宅,鋼筋混凝土構造,,自售:無;代銷:1140928~1171231;,海天段47-1地號,1140108,110淡建字第00629-01號,,G2FE1141113000100
中和區,兆璞之森,中山路三段63巷1號旁,僑馥建築經理股份有限公司(負責人)林憲光,155,住宅區,H2集合住宅,鋼筋混凝土構造,,自售:無;代銷:1141031~1151031;,三民段2地號,1131220,113中建字第00106-02號,,QPPNMLTKJIKGFHF66DG
板橋區,遠雄新北市板橋區新興段1172地號,南雅東路、南雅西路一段124巷、南雅西路一段92巷9弄,遠雄建設事業股份有限公司,323,住宅區,H2:集合住宅、G3:店舖,鋼筋混凝土造,,自售:1140218~1180916;代銷:1140218~1180916;至取得使用執照止;,新興段1172地號,1140520,114板建字第00127號,,G1FA1141120000300
鶯歌區,京懋明日和,鶯歌路及鳳七路交叉口,聯京建設開發股份有限公司，代表人：范秉豐,354,第一種住宅區,集合住宅(H2)、店鋪(G3),鋼筋混凝土,,自售:無;代銷:1140801~1160831;,鳳鳴段305地號,1141020,114鶯建字第00276號,,QPQNMLQLJIKGFIF66DG
三重區,晴合豐川,進安街,晴合建設開發股份有限公司 負責人:樓顯雲,23,住宅區,住家用,鋼筋混凝土構造,,自售:無;代銷:1141001~1150930;買賣合約書核准日起共12個月止;,富貴段76地號,1140909,114重建字第00238號,,G2FG1141127000100
新莊區,勝旺家,福美街172巷1號旁,勝旺建設股份有限公司(負責人：謝伯倫),87,第二種住宅區,H2集合住宅,鋼筋混凝土構造,,自售:無;代銷:1141201~1160530;,中原段31地號,1110518,111莊建字第00190號,,G2FB1141204000100
淡水區,忠順景舞極,淡金公路60號,忠順建設股份有限公司，負責人:張時銘/ 日華開發建設有限公司，負責人:吳麗惠,62,住宅區(三),H2：集合住宅,鋼筋混凝土構造,,自售:無;代銷:代銷期間為自預售屋合約備查完成起算一年;,米蘭段598地號,1141125,114淡建字第00315號,,QPRNMLPJKIKGFEF78DG
五股區,四季禾禾,芳洲路67號旁,盛旭建設有限公司，負責人:林志銘,44,住宅區,集合住宅,鋼筋混凝土造,,自售:無;代銷:1141120~1150719;,芳洲段227地號,1120825,112股建字第00297號,,G2FB1141208000100
新莊區,中?國際中心,福慧路與新知二路交叉口,中茂資產開發股份有限公司 等3人,380,特定產業專用區,B3/G3餐廳、B3/G3飲食店、G1金融機構、G2辦公室、G3店鋪,鋼骨構造、鋼骨鋼筋混凝土構造、鋼筋混凝土構造,1141208,自售:1141208~1190608;,新知段43地號,1141121,114莊建字第00323號,,G1FB1141208000500
林口區,合峰品境,文化一路二段197巷,合峰建設股份有限公司,58,第二種住宅區,G3一般零售業、H2集合住宅,鋼筋混凝土構造,,自售:114年自完成備查之日起至完銷之日止;,麗林段284-1地號,1120626,112林建字第00216號,,QPWNMLSJKIKGFBF56CG
鶯歌區,合康世紀?,新北市鶯歌區鳳鳴路386號旁,合康建設股份有限公司 負責人:陳上賓,204,第二種住宅區,G3店舖，H2:集合住宅,鋼筋混凝土造,,自售:無;代銷:1140701~1160531;,鳳鳴段209地號,1120531,112鶯建字第00183號,,G1FI1141211000100
土城區,天好運3,科技路,福美國際建設股份有限公司,83,住宅區,H-2集合住宅、G-3店鋪,鋼筋混凝土造,,自售:無;代銷:1141208~1160228;,永福段10地號,1141201,114土建字第00319號,,QPPNMLPKKIKGFAF28DG
土城區,熊.海山 plus,土城區明德路二段62號旁,合眾建築經理經股份有限公司,35,第二種住宅區,H2-集合住宅 G3-店鋪,鋼筋混凝土構造,,自售:1141225~1161225;,樂利段613地號,1131008,113年土建字第00333號,,G2FA1141223000100
新莊區,玄泰蔦居,福前街與福前街63巷交叉口,翔泰開發有限公司 ，負責人:王暐誠,79,第二種住宅區,H2集合住宅,鋼筋混凝土,,自售:無;代銷:1141015~自完售止;114年10月15日~全數完銷為止;,中原段212地號,1140822,114莊建字第00236號,,QPPNMLSLKIKGFBF78DG
